Cluster,HD ZIP III
#04,0
#07,0
#03,0.965301611
#03,1.839122581
#01,0
#03,2.193749914
#06,1.016229287
#07,0
#02,0.642560388
#06,2.763659238
#04,0
#06,1.235485549
#03,2.2506755
#01,0
#03,1.173051871
#06,2.265636795
#02,0.575967818
#04,0.939136759
#02,1.196850714
#05,0.421666432
#04,0
#01,0
#04,0
#05,1.979664093
#02,0
#05,0.663208717
#01,0
#01,2.748528471
#02,1.609503035
#04,1.140660407
#02,0
#01,0.516123624
#06,2.024673994
#01,0
#04,0
#03,1.648945311
#02,0.542625554
#02,1.58918193
#05,0.619899996
#06,1.633344039
#02,0.652779104
#02,0
#02,0.322144645
#02,0.873084678
#04,0.905043032
#01,0
#06,0.457034343
#05,0.769956712
#07,0
#02,0
#07,0
#06,0.990200938
#03,0
#03,2.231009118
#02,0
#01,0.751486858
#05,0
#06,1.665878931
#03,1.49738507
#01,0
#02,1.398712209
#07,0
#02,0.500212499
#01,1.149819229
#02,0.858385395
#07,0
#02,2.051374841
#04,0.934763336
#06,0.816180835
#04,1.625152772
#04,0.55584942
#01,0
#03,1.195101521
#05,0
#02,0
#06,1.19885653
#04,0
#01,0.346719015
#02,1.469187562
#04,1.128483988
#02,0
#01,1.505379893
#05,1.760442155
#01,0.879416071
#02,1.411593041
#05,1.643692702
#02,0.347306108
#01,0
#03,1.639703823
#02,0.728452892
#01,1.483223918
#01,0
#04,0.519568083
#06,0.77454927
#05,0.784205708
#01,0
#06,1.548949522
#04,0
#01,0
#02,0.499862389
#02,3.492294888
#01,1.174957079
#01,3.283480931
#03,1.46864169
#02,0
#03,1.739316968
#07,0
#03,1.405958675
#02,0
#03,1.623035679
#07,0
#02,0
#05,2.247633128
#01,0
#03,0.700195524
#01,0.555742362
#05,0.553583499
#06,1.773724144
#06,1.218618678
#07,0
#01,2.775126157
#03,1.894680535
#02,3.118749873
#03,1.236504345
#02,0
#03,1.23100731
#06,1.151500785
#05,0.231884459
#04,1.440440897
#01,2.065647694
#02,0.610577603
#04,1.430239906
#05,1.918409197
#03,1.07421988
#02,1.533848111
#06,0.446621175
#07,0
#03,1.649144409
#07,0
#04,0.625474199
#07,0
#01,0
#06,1.844923648
#03,1.393416883
#01,3.815042815
#04,0
#03,2.965470155
#03,2.00812552
#01,0
#01,0
#02,0
#02,2.045367377
#07,0
#05,1.661611313
#02,0.371336773
#02,0.772278075
#07,0.6300747
#02,0.378644842
#05,0.875519104
#05,1.256525712
#06,2.056048804
#05,1.711860789
#03,1.819340966
#03,0.825626429
#01,0
#07,0
#03,1.068295106
#03,2.469735322
#02,0.667581855
#05,0.77589396
#02,0
#01,0
#01,0
#03,1.558602906
#07,0
#01,0
#04,0
#01,0
#07,0
#02,0.607446515
#06,1.499937994
#06,1.768084091
#05,0
#07,0
#04,0.827976533
#01,0
#02,0
#04,0
#03,1.695169087
#03,1.166381544
#06,2.328358281
#04,1.993610079
#05,0.390288511
#01,0.79540502
#09,0
#05,0.252775937
#01,0.396439597
#07,0
#02,0
#01,0
#07,1.016882404
#01,0
#03,2.349115632
#05,0.59115981
#01,0.86850016
#02,0
#07,0
#05,1.324987992
#02,0
#03,1.977985116
#02,0
#01,0.96724966
#06,0.68418688
#02,1.984131489
#02,0.460269263
#03,1.683359858
#01,0.954632816
#01,3.19139642
#01,1.530662335
#01,1.22459501
#03,1.019250156
#01,1.412067469
#05,1.095590912
#06,2.770641306
#03,1.547457322
#05,2.011305638
#02,0
#02,0
#08,0
#04,0
#02,0.5585745
#02,1.134052099
#02,0
#03,1.659233326
#03,1.345856344
#03,2.296360463
#01,0.354335292
#02,1.487609809
#05,3.135745953
#03,1.415413309
#01,0
#02,0.616247193
#06,1.52934879
#01,1.818337471
#01,1.041664327
#03,2.133560587
#02,0.307134622
#06,2.492645138
#03,1.630405966
#03,1.717085531
#05,0.241028279
#03,0
#07,0.356801455
#01,0
#02,1.033010299
#01,0
#07,0.843101158
#04,0.383504353
#02,0.55901281
#02,0
#07,0
#01,0
#03,0.426757501
#03,1.413243346
#07,0
#05,0.440527399
#05,0.301719017
#07,0
#03,2.743997496
#05,0.829689462
#01,0
#03,2.410779397
#07,3.013427918
#01,0
#02,1.536638778
#01,0
#02,0.855352991
#08,0.46065694
#02,1.877211902
#03,0.139324144
#08,0.647020604
#04,0.884980805
#04,1.087320186
#01,0
#02,0.677963721
#01,1.471473445
#02,0.996933775
#01,0.512970658
#07,0.737350518
#02,0.654414653
#06,1.886433785
#02,0.575269634
#01,2.489607338
#02,1.624424284
#04,0.734664645
#06,1.473760408
#03,1.743728697
#04,1.421076416
#05,1.238695415
#02,1.040071526
#04,1.057749499
#03,1.524150259
#05,0
#02,0
#03,1.733796067
#07,0
#04,0.766803668
#01,1.124749992
#03,0.93854196
#04,0.316259345
#01,0
#02,0
#05,1.159913725
#02,0.53269394
#01,2.24224984
#05,2.297807142
#01,2.149895465
#04,1.303853682
#03,1.430783337
#07,0
#04,1.553173788
#04,0.465512009
#02,1.608672894
#02,1.02127783
#02,0.607706194
#01,0
#03,1.553110804
#07,0
#01,1.419561476
#07,0
#07,0
#03,1.504539898
#02,0
#02,0
#03,1.214816783
#01,0
#05,1.124600631
#02,1.330728307
#06,1.10954301
#06,2.036231221
#03,1.612004574
#01,0
#01,2.349914157
#07,1.165931932
#01,0
#05,0
#02,0.62850721
#04,0
#06,1.740466241
#02,1.100753701
#03,0.886026744
#03,0
#03,0.997669988
#07,0
#01,1.084796473
#02,0.744153828
#06,1.04611574
#06,2.152675004
#01,1.482444953
#07,0
#07,0
#02,1.45875792
#05,1.170428294
#05,0.390989565
#01,2.343864739
#05,0
#01,0
#07,1.22569946
#04,0.856888316
#01,0
#04,0
#04,1.187119033
#01,0
#02,1.329329896
#04,0.509674373
#02,0.44634261
#06,1.115183156
#01,0
#02,0
#01,0.640198165
#01,0
#03,1.434742481
#06,1.072707622
#02,1.505654736
#02,0.59079158
#08,0
#06,1.864075068
#03,1.6830475
#07,0
#04,0
#05,0.954439411
#06,1.039257971
#04,0
#03,1.610560572
#02,0
#03,3.166269359
#01,0
#07,0.940443155
#06,0.654012462
#05,0.998559466
#01,1.388532865
#07,0
#01,0
#04,0.271934588
#01,0.518938365
#01,1.056523605
#02,1.329527686
#05,0.144708801
#01,2.12521049
#06,1.466460958
#07,0.65475541
#04,0
#01,1.772204956
#01,0
#07,0
#03,0.969832055
#03,2.260164255
#08,0.885602902
#01,0.942352341
#03,2.098751043
#06,0
#04,1.424434864
#07,0
#02,0
#01,0
#03,1.490173242
#06,1.925850714
#02,0.914530658
#06,1.048755924
#03,2.26416438
#06,2.162542866
#02,1.425642257
#03,0.972802339
#02,0.38587761
#06,0.946625417
#03,4.339658696
#02,0
#03,1.749077934
#07,0
#05,3.414536591
#07,0.943306426
#02,0.957041015
#02,0.855241445
#01,0
#06,1.77733154
#02,1.519359985
#02,1.025204555
#02,1.474358273
#03,0.762320556
#08,0.494156216
#04,0
#01,0
#02,1.025928465
#05,1.181212431
#06,1.435334852
#02,0
#03,1.704326968
#02,0.599001641
#03,2.193691968
#05,1.338152282
#02,0.559671581
#05,1.16678517
#02,0
#02,0
#03,2.096459044
#04,1.988178969
#02,0.55080223
#02,0.556718175
#02,0.893800181
#03,1.973103541
#05,1.697235725
#09,1.172212002
#01,0
#04,0
#01,1.954433085
#03,2.112628185
#02,0
#02,0.438816978
#06,1.60901283
#07,1.289885625
#01,1.45270384
#01,0
#10,0
#04,0.85179203
#09,0.771724373
#07,0
#10,0
#02,0.269085926
#03,2.036460603
#06,1.547474442
#07,0
#06,1.261658882
#05,1.429247685
#05,0.871962755
#03,2.339687212
#06,1.45044035
#02,0
#06,2.526860797
#05,2.172734535
#02,0.904397725
#05,1.379456384
#03,0.400649879
#07,0
#02,0
#04,0
#02,0.488961457
#02,0.779516182
#01,0
#03,1.724042376
#08,0
#05,1.926424741
#05,0.154165433
#04,0
#03,0.562479949
#01,0
#01,2.716167881
#04,0.872288832
#02,1.91845902
#01,0
#01,2.814616407
#01,0
#02,0
#01,1.769266236
#02,0
#02,0
#08,0.996406735
#01,3.041255718
#07,0
#04,1.453717967
#07,0
#01,0
#04,1.118333269
#09,0.708104936
#01,1.879175023
#03,2.85942701
#05,1.693110467
#05,0.921823774
#01,0.86155323
#01,0
#02,0
#01,0.95594482
#03,1.792673787
#01,0
#02,0.463100456
#07,0
#03,1.843158765
#01,0
#02,1.06538788
#06,1.512043624
#01,1.625291591
#07,0
#01,0
#03,1.359387355
#04,0
#05,0
#05,0.885728262
#01,0
#01,1.444227299
#01,0
#01,0
#07,0
#01,0
#01,0.19936398
#02,0.508585103
#01,0
#07,0
#03,1.391627868
#04,0.749738932
#01,0
#02,0.511683663
#01,0
#04,0.322000246
#01,0
#08,1.121990524
#01,2.208600694
#05,4.876947353
#04,0.576200928
#08,0
#02,1.446899387
#06,1.584321588
#07,0
#03,0.591704087
#04,0
#03,1.122126853
#02,1.165931932
#02,2.196438427
#01,0
#01,2.125529631
#03,1.714256688
#01,0
#04,0.862614532
#01,0
#07,0
#05,0.258358378
#03,1.329069581
#03,1.383699087
#02,1.491357651
#05,0.497942419
#03,2.185988688
#03,2.099878943
#02,0.913193532
#07,0
#03,0.510038512
#01,0
#03,2.140897691
#05,0.950361336
#03,2.16647324
#03,0.870178386
#02,0
#03,0.586650569
#07,0
#01,0
#02,2.053055831
#02,1.477419217
#04,0
#01,0
#05,0.428316021
#05,0
#03,0.882775316
#05,1.836410269
#07,0.591037015
#02,0
#03,3.053085734
#01,0
#09,0.76916175
#05,2.354962837
#02,0
#01,0
#01,0
#05,2.168126461
#05,1.576592667
#03,2.230943932
#05,0.352767914
#02,0
#01,0
#01,1.219060546
#03,1.641957866
#01,1.504994196
#01,0.712796169
#03,1.264175132
#04,0
#02,1.162955928
#02,0.52466199
#06,1.667599229
#06,1.532811219
#05,1.817457715
#01,0
#07,0
#06,0.635337762
#10,1.259845015
#05,1.562875377
#04,0
#04,1.053298226
#02,1.569059323
#03,1.960953301
#06,2.054523333
#01,0.721898146
#06,0.488830782
#07,0.708155058
#05,0.623514055
#06,1.663899236
#05,1.451540788
#01,0
#05,1.501986305
#02,0
#04,0.982297998
#02,0
#03,1.442613981
#01,0
#02,1.422467145
#02,1.250543462
#03,1.433578723
#03,0.889252271
#07,1.005440717
#09,0.138401198
#05,0.397318556
#02,0.381667405
#01,0
#03,1.917617006
#08,0
#05,1.244346047
#03,2.726065242
#02,1.108890007
#06,1.324094444
#02,0.414437252
#06,1.727763101
#01,0
#01,0
#01,1.524150259
#02,0.390713894
#07,0
#07,0.648795979
#02,2.181681597
#02,0
#03,2.429114819
#06,0.686975428
#06,1.23902192
#01,0
#06,1.334543886
#07,0
#01,0
#03,2.111467868
#02,0.512050709
#05,1.177490279
#06,2.613894754
#02,2.027839477
#02,0.285937298
#02,1.566089237
#05,1.138329911
#01,0.679991271
#04,0.580193257
#05,1.234611663
#02,0.477800371
#01,0.562544522
#02,0
#02,0
#01,1.358928018
#08,0.525204621
#03,3.527844724
#01,0
#06,1.386084188
#03,1.18207403
#05,1.898426133
#02,0.746516029
#01,0
#02,1.223811056
#06,1.387225338
#01,1.074638801
#04,0.739281317
#02,0
#02,1.706812444
#01,0.747108976
#02,0
#01,1.866763401
#07,0
#01,1.009469883
#04,1.547715392
#03,1.008038463
#02,0.479563529
#02,0
#01,1.093156303
#01,1.461730735
#04,0
#02,0.482803148
#07,0.279111301
#01,1.405751879
#07,0
#03,1.499944563
#05,0.862479073
#04,0.728975965
#01,1.526298964
#01,1.169925001
#02,1.827863328
#02,0.71360291
#02,0
#01,0
#02,0
#10,0.794306201
#01,0
#01,1.282537517
#05,0.764462424
#01,1.021384576
#03,1.922404674
#03,1.632841865
#07,0
#03,2.49775198
#06,2.101983525
#03,0.971596342
#06,0.838264343
#01,0
#03,1.088339851
#07,0
#02,2.354444602
#01,0.997123239
#01,0
#02,0.584002304
#03,2.369188656
#07,0
#03,1.354695318
#04,0
#08,1.175968978
#05,0.862348954
#05,0.712027039
#07,0
#07,0
#05,0
#05,0
#07,0
#03,1.925690998
#03,1.033872871
#08,0.697676463
#05,0
#02,1.073122989
#05,0.231697855
#05,1.02687
#01,0
#05,0.372451591
#03,1.197685112
#05,1.562454678
#02,1.060437892
#01,1.201878545
#01,1.071296969
#05,0.161761444
#02,0
#03,1.021384576
#02,1.981425996
#04,0
#03,2.170759091
#01,0.593750518
#04,0
#06,0.137398681
#03,2.367063013
#05,0
#03,0.687175496
#06,2.272140638
#06,1.371592189
#01,2.581600934
#02,0.49160576
#06,2.08461565
#01,1.447375918
#07,0
#03,1.891620141
#03,2.260923037
#06,1.36144494
#03,1.298862179
#01,0
#04,1.088227183
#03,2.363729913
#03,1.267283693
#07,0
#05,1.693123421
#04,1.187046471
#02,0.977801543
#07,0.308386753
#01,0
#02,1.625291591
#04,0.23933053
#02,0.880576795
#02,0.498989278
#07,0
#02,0.45169597
#05,0.270147132
#04,0.477824563
#01,0
#01,0.99355139
#01,0
#07,0.274267906
#05,0.6377163
#04,0.367491106
#01,0
#02,1.785723862
#02,0.464152402
#05,0.825412755
#06,1.805997202
#02,3.299087067
#01,0
#06,1.311110551
#01,0
#01,1.875869283
#03,1.271680938
#01,1.127523752
#07,0
#01,0.756728849
#08,1.466958885
#01,0
#07,0
#03,1.923121471
#01,1.322794318
#05,2.115114326
#04,0
#07,0
#08,0.510585707
#04,1.327970707
#04,0.611891912
#05,0.908872754
#02,1.134046455
#01,0
#01,0
#06,1.186763632
#01,2.082767842
#01,1.063036662
#02,0
#07,1.510166363
#06,1.653856009
#01,2.078020166
#03,1.135984227
#06,0.168810275
#04,0.736773286
#07,0.389546329
#03,2.79930354
#06,1.217058598
#01,0
#05,2.111608564
#04,0
#05,0.585491974
#07,1.109753549
#03,1.329661471
#04,0
#05,0.798398857
#03,1.990151544
#02,0.522166157
#06,1.168924033
#01,0
#02,0
#07,0
#03,1.093972789
#06,1.721810128
#06,2.271515014
#03,1.75550433
#01,1.1708876
#04,2.400047068
#04,1.221294271
#03,3.354067132
#06,0.465360545
#01,0
#02,1.081546777
#01,1.143010203
#04,0
#01,0
#09,0
#02,1.050156317
#04,1.754420643
#01,0
#07,0
#02,0
#02,0
#07,0
#01,0
#06,1.748190347
#02,0
#03,0.4921561
#06,1.214594051
#02,0.239484323
#01,2.391101618
#04,0
#06,1.896196625
#01,0
#07,0
#02,2.544149429
#01,0.842392716
#07,0
#05,3.402564857
#01,1.735923374
#02,0.739718531
#02,0.586408812
#04,1.322863794
#01,0
#02,0
#04,1.005316503
#02,0.507244835
#07,0
#04,1.516061837
#02,2.028480336
#06,2.005003847
#02,0
#01,0.7110038
#08,0
#07,0
#07,0
#02,0.52953011
#01,0
#02,2.639104442
#03,0.481015911
#01,0
#06,1.205591645
#01,0.95594482
#05,1.108850928
#03,1.336911639
#07,0
#02,0
#05,0.691607241
#03,0.890807855
#07,0
#05,1.748733226
#07,0
#02,1.122257796
#05,2.84921822
#01,1.177998302
#01,0
#04,1.356178977
#03,1.405852894
#04,1.176982717
#01,0.613220913
#07,0
#07,0
#05,1.551085307
#01,1.5365548
#01,1.536075076
#04,0.717864213
#07,0
#01,0.665075759
#09,0.891548687
#04,0.681552474
#07,0
#04,0
#01,0.117971465
#01,2.687908802
#02,0.959771031
#03,1.805016301
#02,1.164659253
#02,0
#05,2.279878487
#01,2.668688169
#03,1.247876633
#02,0
#01,0
#01,1.375497175
#01,0.813586876
#04,1.057007717
#06,0.372935666
#09,0.972058834
#03,1.393538199
#01,0
#06,1.59145785
#05,0.729193191
#07,0.488914408
#03,0.828791306
#03,1.256631067
#02,0.739797943
#01,0
#06,2.622931509
#01,0
#05,0.903962628
#01,1.063402287
#06,0.80933559
#03,1.133166133
#01,2.308177125
#02,0.600012556
#03,0.906021831
#01,1.91188964
#05,0.516403709
#05,1.233021649
#08,1.387091671
#03,2.10622117
#02,0.27364177
#07,0
#03,1.26989049
#06,1.467164704
#07,0
#02,1.076317908
#02,0.359662518
#01,0
#02,1.124644932
#03,2.07975656
#04,0
#01,2.225963254
#06,3.11005674
#06,1.638590978
#02,0
#07,0
#03,1.033240364
#01,0
#02,1.614406279
#03,1.430239906
#03,1.636052291
#01,0
#08,2.697647341
#04,0
#02,1.044714583
#02,0
#05,2.790982401
#07,0
#01,0
#01,0
#01,0
#07,0.858172
#06,1.091392021
#02,0.540465937
#01,2.476626167
#07,0.428106915
#01,0
#03,1.607230372
#07,0
#02,2.447567649
#08,2.498950344
#04,0.252376947
#02,0.358047521
#05,0.246814927
#03,1.39818135
#05,0
#09,0.369098122
#02,0
#01,0
#01,0
#03,2.112473586
#06,1.256589442
#05,2.898715101
#01,0
#06,0
#01,1.480931969
#01,0
#01,0
#06,2.008121763
#04,0.808743227
#02,0.584242054
#01,1.699077319
#03,1.332755781
#01,0.780192591
#05,0.65903411
#03,0.991893611
#02,1.505800792
#01,0
#02,0.496560871
#05,1.408788277
#01,2.189980654
#02,2.688566977
#05,3.368242373
#03,1.978862745
#03,1.463509092
#02,0
#07,0
#01,2.106596452
#01,0
#01,0
#07,0
#03,2.430171448
#06,2.17511927
#01,1.392875849
#06,1.970163455
#03,2.315702553
#03,2.131653798
#03,0.515843847
#05,0
#02,0.601535434
#03,0.640074917
#09,0.709220604
#03,0.77632164
#03,1.051477881
#01,0.793386391
#01,1.927956436
#07,0.493985355
#02,0
#04,3.439844594
#01,0.82292409
#03,1.146621886
#06,1.700919548
#01,0.695618563
#03,1.672674136
#06,1.588129119
#06,2.968855159
#04,0.645842499
#07,1.517123172
#03,1.832499347
#01,1.595773163
#07,1.252855149
#04,0.503031309
#04,0.430297053
#06,1.359996939
#03,1.31147437
#06,1.412153838
#06,2.195551556
#05,0
#02,0.7381216
#01,1.586165689
#07,0.498119241
#02,0
#02,1.616801909
#07,0
#02,1.992476963
#05,0.896818822
#01,0
#07,0.480369314
#01,0
#02,0
#07,1.060584458
#02,0.575269634
#02,1.496578503
#06,0.589506426
#03,3.326724667
#01,0
#01,0
#03,2.387455305
#02,0.421509459
#02,0.319920966
#07,0.568607888
#01,0
#08,1.036265092
#06,0.93770207
#01,0.670900427
#03,1.238215881
#06,1.520774271
#07,0.315842258
#07,0
#05,1.737841323
#01,0
#01,1.281189094
#05,0.432455057
#02,1.324867853
#01,2.09716592
#04,0
#04,0.307069003
#04,0
#05,0.489724572
#01,0.891755123
#07,0.858911701
#01,0
#06,1.529441344
#04,1.065089235
#02,0.407368278
#02,3.163357365
#02,1.492796064
#01,0
#03,3.666303615
#05,0.215438217
#02,0
#05,3.147323107
#01,1.076989386
#01,0.797434208
#06,2.289825985
#03,1.234611663
#02,1.085251108
#02,0
#01,0
#06,1.906944206
#01,1.917160145
#07,1.199761447
#07,0
#03,0.813730348
#10,0
#06,1.011497093
#05,1.114298885
#02,0.831409689
#05,0
#01,0.873617419
#02,0.603834512
#10,0
#06,1.258604614
#03,1.770328397
#02,1.083771671
#06,1.553347704
#03,1.049768033
#06,1.885557814
#07,0.301529145
#06,1.367247386
#05,0.671862596
#05,1.42440147
#02,0.977494371
#03,1.922266921
#02,0
#02,1.583664574
#02,0.741822011
#07,0
#02,0
#01,0
#02,0
#01,0
#01,0
#06,1.593256338
#04,0
#01,0
#01,1.04611574
#02,1.384577311
#01,0
#04,0
#06,2.212194273
#06,2.089005738
#02,0
#07,0
#04,0
#01,2.517348575
#02,0.692554808
#05,1.051908068
#01,0.8963311
#04,0.758356852
#05,0.45688839
#08,0.594768199
#05,0.552082369
#07,0
#06,2.237276722
#09,0.98837605
#03,1.835014284
#06,1.975008663
#03,1.841071567
#02,0.316120193
#04,0
#04,0.452784815
#07,0
#01,0.829834619
#02,0.355740316
#01,0
#06,1.744239471
#01,1.296998791
#04,0.29091241
#01,1.3663931
#03,1.127523752
#03,1.606345899
#04,0
#01,0.939808538
#03,1.98679022
#01,1.427171255
#01,1.424116793
#02,0.4269116
#01,0
#07,0
#01,1.276481841
#01,0
#01,0
#02,0.519316011
#04,0
#02,0.993195667
#02,0.961895395
#02,0
#03,1.012492788
#05,1.217239831
#02,0
#02,1.759226435
#02,0.456014644
#05,0.526112898
#03,1.299230909
#06,0.445824085
#01,1.557236495
#01,1.134052099
#04,0.636738598
#01,1.156615106
#02,0.612155464
#01,0
#01,0
#01,0
#02,0.59724083
#03,1.226463354
#06,1.441213727
#04,0.784977795
#04,0.947376754
#05,1.03464244
#06,1.414036392
#07,0
#04,1.650362009
#01,2.936420509
#05,1.632915967
#06,0.6142722
#09,2.07583012
#06,1.340407244
#06,2.7930335
#05,0
#07,0
#03,1.037184616
#01,2.464168552
#03,1.653173712
#06,0.896827354
#05,0.323887638
#07,0
#05,0
#03,2.213868709
#03,0.87195769
#01,0.57065854
#03,2.27926004
#02,0.923613953
#06,1.455474836
#01,0
#01,1.083089594
#04,0
#01,0
#01,0.857859752
#08,0.901537361
#01,0
#01,1.7926622
#04,0
#04,0
#02,1.835798758
#09,0.605265581
#03,1.225068087
#03,3.078910816
#07,0
#05,1.495329027
#03,1.849802216
#01,1.184130863
#04,0
#05,0.860201029
#01,1.564104442
#07,0
#01,0.529726736
#02,2.70497694
#03,2.162403147
#01,1.567855244
#03,1.493204332
#02,0.48133987
#04,0.731114416
#06,0
#02,1.75989751
#03,2.730511356
#01,0
#04,1.077159521
#07,0
#07,0.458499058
#02,0
#01,0.809835912
#01,1.02745247
#02,0.298090183
#02,0.822640022
#08,0
#02,0.604347842
#07,0
#01,1.086491597
#06,2.301748393
#07,0
#02,1.069429675
#01,1.382787334
#01,0.758356852
#04,0
#05,1.733821359
#04,0
#01,0
#04,2.237442449
#06,0.574186972
#01,0
#02,0.274634481
#01,0
#07,0
#04,2.243981049
#04,0
#05,0.861258602
#08,0.698710075
#02,1.730494228
#02,2.040488888
#05,1.206919772
#01,0.626461369
#03,0.79970135
#07,0.319565192
#03,1.559607203
#03,2.230098002
#01,0.835866977
#07,0.572724231
#01,0
#02,0
#01,1.626020223
#06,0.459087599
#01,0
#08,0.921782401
#03,2.678363664
#02,0.584722152
#08,0
#07,0.396439597
#02,1.448106304
#02,0.534891346
#02,0
#01,0
#04,0
#01,0
#02,0.529333632
#02,0.945766341
#02,1.351111532
#06,1.220198208
#04,1.016136056
#01,0
#05,2.058294367
#01,0
#06,1.006536259
#01,3.059884358
#08,1.307385537
#05,1.058274525
#03,1.534223701
#02,1.012311435
#02,0
#07,0.751486858
#03,2.793169494
#01,1.365853238
#02,0.498466888
#01,2.855504089
#06,2.819960061
#05,0.390501086
#06,1.740346806
#01,0.800611912
#04,0
#04,0.520832163
#05,0.435436664
#05,2.069310627
#08,1.99138687
#01,0
#01,1.084226888
#01,0.77632164
#04,0.271883189
#02,0.586892528
#01,0
#01,0.892894592
#03,1.276426977
#04,0.608447166
#06,1.912248408
#03,3.713764049
#05,1.283959325
#04,1.464962725
#07,0.708155058
#04,0.720048226
#03,0.731998684
#03,2.806084374
#07,0
#05,0.682560144
#01,0
#01,0.930394533
#02,0.307200269
#03,2.854568972
#01,0.959241241
#03,2.196204719
#01,1.515083911
#03,0.93955494
#03,1.451698612
#04,1.302894209
#01,0
#07,0.318714567
#03,1.313886775
#01,0
#02,0.490256354
#02,0.447689111
#02,0.421385465
#01,0.927916986
#07,0
#03,0.539299276
#04,1.231205444
#07,1.249092679
#05,1.488442106
#01,0
#01,0
#06,1.543911678
#01,1.4197424
#02,0.756322965
#01,0
#06,0
#07,0.895756454
#01,0
#01,0
#06,2.032977619
#01,0
#01,1.22569946
#07,0
#01,0
#02,0
#01,0.999279193
#04,0.740444764
#05,0.628095144
#08,0
#06,2.772199665
#03,1.304275519
#08,0.627409569
#06,1.027510488
#04,0.317955664
#06,2.052271722
#08,3.414325777
#05,0.804776202
#02,1.00800085
#07,0
#03,1.279693005
#06,2.278838702
#01,0
#04,0
#06,0.382379666
#02,0.40575364
#02,1.38038167
#01,0
#02,1.624193581
#02,1.496850218
#02,0
#04,0.373416131
#06,1.866998162
#05,2.237930958
#01,0.977457431
#03,1.88337479
#03,1.828210076
#02,0.525628361
#01,0.619089623
#02,2.977279923
#05,1.423165167
#06,1.708781186
#04,0
#01,1.354630702
#02,0.364596596
#07,0
#02,1.123314728
#01,0
#07,0
#06,1.849213418
#06,2.540992223
#02,0.599506666
#01,1.963720484
#01,0
#01,0
#02,0.601790009
#02,0
#03,1.801068431
#02,0.419411515
#02,1.103737189
#08,0
#05,0.863606056
#07,0
#03,1.250513163
#01,0
#02,0
#05,0.934588284
#04,3.091329751
#01,0.522357292
#08,0.832003091
#03,1.801633757
#03,2.38899936
#08,0.494498298
#04,1.459458504
#03,1.337964648
#01,0.644961778
#04,0
#03,1.751405406
#01,0
#07,0
#07,0
#02,0.554777379
#01,0
#05,0.531314447
#03,1.465492575
#04,0
#05,0.419247859
#03,0.852898991
#07,1.339931828
#02,0
#01,0.470876637
#07,1.078002512
#08,0
#01,0
#02,1.01923004
#03,2.311995492
#03,2.093968605
#01,0
#07,1.02289454
#07,0.545950188
#03,2.201991781
#01,1.04453349
#01,1.392875849
#02,0
#03,1.24096081
#08,0.462948651
#03,0.724967387
#01,0
#03,2.907355934
#01,1.281321492
#02,1.046029594
#01,1.455312899
#02,2.503162425
#02,0
#05,0.584901788
#03,1.594735279
#06,2.435110033
#05,0
#03,1.151129491
#05,1.188774705
#06,1.999883595
#05,3.253465376
#01,0
#01,1.081388327
#04,1.043978556
#03,2.026884672
#01,0
#01,0
#03,1.872765686
#05,1.075267823
#07,1.042169454
#05,0.481177836
#01,0.260274541
#08,1.374889217
#02,1.267544033
#01,0.783666786
#07,0
#06,1.306588015
#07,0
#05,1.032965311
#02,0.256059537
#07,1.001444862
#02,0.545532356
#01,1.32801726
#03,0.986767436
#04,3.002326437
#06,1.264175132
#08,1.18898991
#04,0
#05,1.135414925
#02,0.439490543
#05,0.139661592
#02,0.312544907
#01,0
#01,0
#03,1.805375645
#07,0
#01,1.437188458
#04,0
#06,1.371965544
#06,1.537395211
#07,0
#02,1.077867939
#07,0.347558331
#07,0.898288245
#05,1.104246046
#06,2.451077712
#01,1.58859033
#06,0.552378074
#02,0
#05,0
#05,2.273466416
#02,1.053585536
#07,0.85108619
#05,0.245950251
#02,0.442342419
#01,0.822066647
#02,1.78034985
#05,0.275265187
#06,1.388100168
#01,1.375056483
#04,0.803356404
#08,0.578547285
#01,0
#03,2.140214643
#02,0.856025208
#01,0
#06,0.570323261
#02,1.702149169
#02,0
#04,0.464906749
#03,0.832748797
#03,2.682080371
#05,0
#03,0.27592527
#01,2.266229235
#05,0.874923096
#08,1.084796473
#03,1.186113132
#01,0
#03,1.180665451
#08,0.43760979
#03,1.031667915
#01,1.9833894
#02,0
#08,0.325354666
#02,0.413122841
#01,0
#07,0
#06,1.937100207
#07,0
#09,1.115724606
#01,1.29359344
#03,0.583554097
#02,0
#02,2.43371507
#03,1.087541736
#04,1.363761288
#07,0.743565664
#07,1.255175933
#02,0
#01,0.739281317
#08,0.511500339
#02,1.042956225
#03,1.196600538
#10,0
#01,0
#01,0
#02,0.554445004
#01,0.46794903
#01,0.668684327
#01,3.338682169
#01,0.716408711
#04,0
#08,0.734282579
#02,2.759230439
#05,3.556529586
#01,2.014536001
#04,0.651821132
#03,0.910269839
#04,0.892109452
#05,0
#06,1.524150259
#03,1.860380148
#06,1.694455821
#03,0.777178448
#07,0
#07,0.260557348
#01,0
#01,0
#03,1.279026041
#03,1.119131154
#07,0.17269456
#01,0.699400886
#02,0
#05,1.952521459
#01,1.494764692
#01,0
#02,1.676380703
#08,0.324253148
#02,0
#01,0
#03,1.995977354
#06,1.698013976
#05,1.146120965
#01,2.179902144
#03,2.592037074
#03,1.733781382
#05,2.920861686
#01,1.494217952
#06,1.723518118
#02,1.376883847
#05,0.225598257
#06,1.583944846
#06,1.813963114
#08,0.380351689
#06,1.276722899
#06,1.422879947
#01,0
#01,0
#01,0
#03,1.602956571
#04,0
#05,0.914616295
#01,2.293578664
#05,0
#04,1.783941068
#06,1.130001409
#07,0
#03,1.646753766
#04,0
#07,0.21582569
#05,2.5723101
#04,1.799590035
#04,0
#03,0.545845669
#04,0.569517443
#03,1.068343222
#02,0.583523403
#06,1.043805331
#02,1.158921999
#02,0
#07,0
#03,1.600620762
#03,1.796294251
#04,0.283905021
#01,0
#02,1.168524152
#01,0.665544193
#02,0.457912038
#01,0
#01,0
#07,0
#02,1.604926982
#08,0
#04,0.765356574
#06,1.979480221
#06,1.007723247
#03,1.187050709
#01,0
#02,0.50480942
#02,2.658665799
#02,0.714718219
#03,3.215725289
#04,1.41172684
#02,0
#06,0.957919849
#08,0
#04,2.390576881
#02,0.578072713
#02,1.037085466
#04,1.530357518
#06,2.084180382
#07,0
#01,0
#01,0
#02,1.75989751
#01,0.975398027
#01,2.248759713
#04,0
#08,0.580306065
#02,0.709576513
#02,0
#03,1.141399666
#04,0.400873968
#07,0
#03,1.853318834
#05,0.731872226
#01,0
#03,0.971191095
#01,2.373936656
#07,0
#02,0
#03,1.597402195
#04,0.714503546
#05,0.55176177
#04,0.335967583
#04,0
#07,0
#04,1.4287038
#06,1.606491188
#06,1.540224186
#04,0
#01,0.979525883
#03,2.082588222
#01,0
#01,0.682537951
#01,2.642990876
#06,2.362493842
#03,2.523263586
#06,1.323229182
#03,1.968507404
#02,0.993693753
#02,0.924532554
#06,2.083534051
#06,3.188951159
#05,2.249165024
#01,0.996406735
#05,0.870179065
#05,1.937871141
#04,0.576806657
#01,0.606927832
#09,0.842078792
#02,1.486247992
#04,0
#01,0
#01,1.011681805
#01,0
#07,1.128451535
#01,2.543361876
#01,0
#07,0
#06,1.107242547
#02,0.485426827
#02,1.169925001
#03,1.94600729
#01,1.741460212
#01,1.966052668
#04,1.010943378
#06,2.44248182
#02,0
#03,1.25515078
#07,0
#07,0
#01,0
#01,0
#01,0
#02,0
#06,3.207975305
#06,2.95457522
#05,1.787291936
#07,0
#05,2.172537588
#06,2.003578052
#05,0
#02,0
#05,0
#03,2.74806105
#03,2.17901608
#03,1.310046386
#01,1.094285925
#01,3.583509072
#07,0
#02,0.463851355
#02,1.437974311
#06,1.791414316
#05,0.845887115
#07,0
#01,0
#05,0.780711707
#01,0
#01,0
#02,1.038254098
#04,0
#03,1.351014193
#03,0.629224883
#01,0.866886801
#03,2.430509975
#04,0
#05,1.229958204
#07,0.593750518
#02,0.562766755
#03,0.486087251
#02,0.50088873
#02,0
#05,0.53160207
#01,0
#02,1.059471312
#04,2.084517123
#05,1.319079189
#01,0
#06,1.513201392
#04,0
#03,1.702726003
#01,0.603322066
#04,0
#02,1.013200552
#06,1.233932336
#02,0
#06,1.083787183
#07,1.06024086
#01,0.276854739
#02,2.399522894
#02,0
#01,1.984379501
#01,0
#01,0
#06,1.525165457
#02,1.025928465
#07,0
#03,1.159844515
#02,0.570201546
#04,0
#05,0.695504597
#06,2.229231266
#04,0
#05,1.083870886
#01,1.367247386
#04,0.498640895
#02,0.315426274
#01,0.858385395
#01,1.00997586
#08,1.490166313
#06,1.40534143
#03,1.545485277
#03,1.257204508
#07,0
#03,1.922636436
#05,1.049658011
#01,0
#02,1.174283499
#07,0
#02,1.052495091
#04,0.711657003
#03,1.644035005
#04,0
#01,0
#01,0.77572106
#04,0.894609441
#04,1.471473445
#07,0
#03,1.577245459
#06,1.690243154
#02,0.6142722
#01,0
#01,2.013072517
#01,1.786013871
#04,0
#01,2.04843977
#04,0.97883539
#01,0.382074084
#01,1.000721889
#04,0
#01,2.114186691
#01,1.288654716
#01,0
#01,0.957919849
#06,1.745501453
#02,1.302304658
#04,0
#01,0.809835912
#01,1.337930194
#07,0
#06,1.927293619
#02,1.019712754
#05,0.238769255
#03,1.401771921
#01,0.946838476
#01,0
#03,1.52079034
#03,0.879969296
#01,4.044008813
#03,1.826272654
#01,1.390618893
#06,2.287018347
#01,1.106618029
#03,1.449272234
#02,0
#03,2.498176928
#01,0.615869529
#04,0.699055307
#03,0.934345431
#01,1.392875849
#01,0
#03,2.2198039
#05,0
#06,1.143676563
#05,1.688055994
#05,0.994976933
#01,0
#04,0.911751409
#03,0.525108775
#03,1.039763338
#07,0
#03,0.944189524
#03,1.134364955
#02,2.729555389
#01,1.277688101
#03,1.894557616
#01,0
#01,0
#03,1.825862747
#02,0.742589898
#02,0.963653267
#01,0
#07,0
#05,1.937028747
#06,1.217527692
#01,1.665307695
#03,1.828894903
#01,0
#03,1.674407086
#03,0.965280237
#01,0
#02,0
#01,3.135710489
#01,0
#02,0.704382011
#05,0.298616507
#02,1.73810613
#03,0.683636336
#03,1.633275984
#01,2.014536001
#08,0.794506553
#03,1.651637078
#07,0
#01,2.869739439
#07,0
#07,0
#04,1.168924033
#03,2.794865563
#05,0.90357892
#01,1.232807696
#03,2.623955508
#07,2.079226691
#01,1.567855244
#03,2.230864489
#02,1.384663953
#01,2.232198821
#03,1.882905955
#02,0.478119971
#03,3.018513447
#02,0
#03,2.871990591
#05,0.750187943
#05,2.001527006
#04,0.285086979
#05,0
#05,0.544698631
#02,0.485426827
#02,3.364168167
#05,0.75808502
#03,2.56507144
#02,1.322531829
#01,0
#01,0.924226144
#07,1.567855244
#08,0.791155752
#05,0
#06,1.953184918
#05,0.410460248
#01,0.478279933
#03,1.737505287
#03,1.889131636
#01,2.207265462
#04,0.872288832
#07,0
#07,0
#01,0
#02,0
#08,0
#05,0.278948895
#02,1.342018634
#01,0
#08,1.098657053
#02,0.457505172
#05,0.773533985
#02,0.428123961
#05,0
#02,0.462053307
#03,2.673559539
#01,1.115328013
#04,0
#05,0.138694139
#03,1.252565692
#01,1.169925001
#03,0.630914567
#01,2.820991012
#05,2.017239366
#03,1.281675893
#03,1.054133675
#03,2.28663162
#06,1.503921514
#01,1.025928465
#02,0
#06,1.934124018
#05,0
#07,0.450558216
#01,0.621527221
#03,0.467936789
#01,0
#03,2.120961227
#03,1.561059849
#03,1.515266988
#05,0
#01,0
#07,0
#04,1.368644594
#01,1.540224186
#08,0.84194087
#06,1.815491162
#02,0
#02,0.474313011
#06,2.103299227
#06,1.181056182
#07,0
#03,1.464507663
#01,0.660274281
#01,0.790267092
#06,1.014646776
#01,0.620035268
#04,1.306599285
#01,2.039758492
#05,0.325871284
#01,0
#07,0.797886581
#02,0.480692393
#04,0
#06,1.905168992
#06,1.806230432
#04,0.718685588
#07,3.048300518
#01,0
#01,0
#08,0.586408812
#04,0.990711194
#05,0
#02,0.505703247
#06,1.5472939
#03,0.903871351
#04,0
#04,1.348002938
#03,0.491404669
#01,1.186190056
#06,0.78678168
#08,0
#08,0.82033307
#01,1.078002512
#05,2.051634246
#01,0
#03,1.707626904
#03,1.679838422
#05,0.314116219
#02,1.021635914
#07,0.695618563
#01,1.716091182
#06,0
#03,2.756338788
#03,1.509564656
#02,0
#06,1.748928527
#01,1.530357518
#06,1.641176696
#03,1.585563859
#03,1.389151506
#02,0.564327379
#07,0
#07,0
#01,0
#03,1.546423854
#02,1.330463658
#01,0
#01,1.577308928
#01,0
#01,2.061526489
#01,2.880235273
#06,2.514508525
#05,2.16080947
#01,0.872288832
#02,0.681552474
#04,0
#07,0.75228848
#02,0
#02,0.605127481
#02,0.841381945
#01,0
#07,0
#03,1.871973161
#05,0
#01,0
#04,1.130446211
#08,0
#02,0
#04,0
#01,0
#07,0
#01,0
#02,0.896434223
#08,0.696645964
#02,0
#03,0.895205925
#03,2.035335876
#04,0
#03,1.482672719
#01,2.266229235
#06,2.158402707
#04,0.951369073
#07,0.723747092
#07,0
#02,0
#03,2.303115109
#03,2.925090305
#02,0.551868595
#01,0.757541956
#06,2.061888184
#08,0.442137477
#03,2.032576509
#03,1.79731017
#03,1.711575917
#06,1.662126067
#01,0.955600741
#01,1.569736026
#04,1.551147788
#03,0.857754703
#08,1.282968083
#06,1.92530644
#02,0.607187061
#01,1.218538021
#03,1.294261352
#08,0
#03,2.189444331
#04,0.919594426
#03,1.395797647
#07,0
#03,2.142038927
#02,0
#03,1.492326344
#03,2.753212159
#02,0.476844151
#01,0
#02,1.124749992
#01,0
#03,1.362649057
#01,1.139034886
#01,0
#02,0.592760871
#03,2.099891464
#04,0
#07,0.291738801
#01,2.281320814
#04,0.411016418
#05,1.198531287
#06,1.465434129
#01,0
#02,1.893364466
#06,1.523797218
#01,0
#05,2.607798855
#04,0
#09,1.79579376
#03,2.040555733
#10,0.171911654
#01,0
#02,0.372382808
#03,1.412618081
#07,0
#07,0.546348092
#04,0
#03,0.719234238
#07,1.468210254
#01,1.427171255
#06,2.409912317
#02,0
#01,1.201546031
#06,0.472003516
#01,1.297591958
#06,2.068119085
#06,2.64775648
#01,3.720682533
#08,1.535993705
#01,0
#06,1.009733835
#01,2.147602601
#04,0
#05,1.581731878
#01,0.569062297
#01,1.288654716
#01,0
#01,0
#01,0.980217388
#06,1.687477648
#01,0
#03,2.062168067
#01,0
#03,2.609728591
#03,1.623814236
#03,1.645312285
#01,0
#04,2.305194695
#06,2.794922245
#02,1.498071514
#01,0
#04,0.622344091
#06,4.149057749
#01,0
#01,0
#01,1.338596694
#02,0.731982838
#06,1.239006386
#02,2.451086322
#01,0
#06,1.027100358
#08,0
#08,0.876111717
#05,0.96642765
#01,0
#01,0
#09,1.269294864
#05,0.70357518
#08,0.61533615
#03,0.838782293
#07,0.599506666
#05,2.295502627
#03,1.065775268
#03,1.045654114
#01,0
#06,1.631428207
#02,0.239643811
#04,0
#05,1.63692089
#07,0
#05,0.885695967
#01,0.989300111
#02,1.131793586
#02,0
#04,0.521784312
#04,0
#02,0.511317148
#03,2.045668003
#01,0.827488458
#03,2.334399432
#01,2.879064122
#01,0
#02,0.40483676
#01,1.29359344
#02,1.684972092
#01,0.456596766
#01,2.12442904
#06,1.23600826
#02,1.076451834
#07,2.464741511
#04,0.441251603
#06,2.271840829
#03,1.551694187
#04,0.226467661
#02,0.464604714
#07,1.125089043
#04,1.461730735
#01,1.78537044
#02,0
#03,2.018254383
#01,0.837363676
#01,1.381358932
#08,0.256241933
#07,0
#01,0
#01,2.092231481
#03,1.155201577
#04,1.164938149
#03,1.065500744
#07,0
#01,2.929925449
#02,0.517245809
#03,1.131911676
#04,0.975398027
#08,1.222731
#02,0
#02,0.563880592
#01,0
#01,2.6173099
#07,0
#02,1.360661795
#03,1.587182606
#02,0
#10,0
#01,0.56724906
#01,0
#01,0
#01,0.939174807
#03,1.742087303
#09,0.931128076
#01,0.753091852
#03,2.438834269
#04,0
#02,1.433544043
#03,2.168571546
#06,2.34734515
#01,0
#07,0.762458384
#06,0.785525376
#02,2.121269997
#02,0.620954836
#02,0
#04,0.650247563
#05,0
#01,1.493074462
#01,0
#07,0
#01,1.553499603
#02,0.678849485
#07,0.976769961
#05,0.910206239
#02,1.873297408
#01,0
#02,2.983353895
#03,0.682235861
#01,0.902702799
#01,0.48807945
#03,0.970627589
#08,1.076573467
#04,0
#03,1.311456944
#02,0.296736539
#02,0.583762754
#06,1.289218944
#04,0
#04,0
#03,0.720150557
#02,2.266930176
#05,0.285030471
#02,0
#01,0
#02,2.610886055
#02,1.096519781
#01,0
#04,0.857859752
#03,1.353897204
#07,0
#07,0
#02,0.785196734
#06,1.321731592
#02,0.439625506
#02,1.05030287
#02,1.004132885
#01,0
#08,0
#08,0
#06,1.310309127
#04,1.284366172
#01,2.736638497
#03,1.398016942
#02,1.009683261
#01,1.220630856
#01,0
#06,1.420924765
#07,0
#01,2.022324452
#04,1.195550809
#03,1.221705832
#05,1.83424406
#02,1.56187127
#05,0.984787276
#01,0
#01,0
#03,2.118137536
#03,1.295467312
#04,1.40167484
#04,0.468066489
#01,3.430881697
#03,1.113538669
#02,0
#03,1.613222547
#01,0.727345272
#06,2.706325519
#08,0
#05,0.334951979
#07,0
#05,0.339585271
#04,0.141512456
#01,0.528484375
#01,1.269160866
#03,1.70257829
#02,0.3978699
#07,0
#03,0.780163331
#01,1.004347653
#02,0.488246211
#01,0
#03,1.761934822
#02,0
#09,0
#04,0
#01,0.604604839
#02,0.443278576
#01,1.80657337
#02,0
#02,0.319423105
#03,3.266591508
#05,2.505255724
#03,0.870257848
#03,1.163450816
#01,1.209486955
#04,2.593828696
#01,0.546997607
#07,0
#07,0.828465199
#06,1.215508774
#02,0
#06,1.603211064
#02,2.893066613
#04,0
#05,2.141100441
#01,0.800852086
#03,2.081697136
#03,0.447322738
#01,1.120158763
#05,1.626813037
#03,1.932401922
#01,0
#04,1.656039369
#07,0
#02,0.914964271
#06,1.426242788
#01,0
#01,0
#03,1.520898182
#07,0
#03,1.44286688
#07,0
#04,0
#03,1.443728407
#01,1.692687014
#03,2.118375745
#04,0
#07,0.54386748
#08,0.534156843
#01,0
#03,1.121889792
#08,0.198457535
#04,3.488867783
#02,0
#05,0.227631367
#08,1.179015738
#04,0
#06,1.736692131
#07,0
#01,0
#05,0.8357425
#07,0
#05,0.809214199
#01,2.005971653
#02,0.553368546
#05,2.513569352
#01,0.72935241
#03,1.179872095
#02,0.805658269
#07,0
#05,0
#04,1.075058064
#06,1.711060817
#01,0
#03,2.834593295
#07,0.728599917
#04,0.339424743
#06,1.370239117
#02,1.680639507
#06,1.90526062
#06,1.237225142
#05,1.768767047
#04,0
#01,3.313415602
#04,1.525918146
#05,0.36995463
#02,0.754104825
#07,0.847996907
#05,1.598336774
#05,1.310355567
#08,0
#01,0
#01,0.338903293
#03,1.03465751
#03,1.181465166
#02,0
#07,0
#01,0.9044568
#06,1.922229568
#05,0
#04,0
#02,1.133595155
#02,0.338784152
#05,0.273589721
#03,2.884742447
#01,0.768696525
#03,3.083838348
#02,0
#03,2.273034998
#03,1.109969647
#08,1.154123145
#04,0
#04,2.024842712
#01,0.743957668
#06,0.398422785
#01,0
#03,1.710914051
#02,0
#06,1.399759965
#02,0
#07,0
#05,0.834872229
#06,1.714171694
#01,1.031283204
#06,1.346283669
#06,0.980217388
#01,0
#06,2.274292267
#01,0
#07,0
#05,0.382430644
#03,0.758090131
#01,1.322396173
#07,0.871745509
#08,0
#05,0.61831945
#03,2.658225717
#02,1.865450209
#05,1.978120083
#07,0
#04,0
#07,0
#04,0.571345424
#04,0
#01,1.534825195
#06,0.489584453
#03,2.007414842
#07,0
#02,0
#06,1.466754118
#01,1.124749992
#09,0
#03,1.453304978
#03,1.754747253
#05,0.563657468
#01,1.352077706
#02,1.620535801
#02,0.496560871
#01,0
#01,0.530514717
#05,0.868412349
#02,0
#02,0
#02,0.838865895
#03,0
#06,2.07486329
#02,0
#03,1.687366756
#01,0
#02,0
#07,0
#07,0.675699938
#07,0.359122561
#01,1.296077969
#01,1.54075543
#04,0.827976533
#03,0.844930604
#04,0
#05,1.799690776
#02,0
#01,2.057715498
#06,1.509346183
#01,0
#01,0.485284333
#05,1.759877603
#03,1.390769782
#01,2.652872705
#02,0
#02,0
#04,0
#03,1.74555256
#03,1.934155899
#01,0
#05,0.875943633
#02,1.044138707
#08,0
#01,0
#01,0
#01,2.763458304
#06,1.978960678
#06,1.377565322
#04,0
#06,1.661311227
#07,0
#01,0
#01,1.041383921
#03,1.925024489
#06,1.404451315
#01,0
#05,0.743043648
#08,1.209724116
#01,0
#03,0.498119241
#03,1.194503024
#01,1.248240814
#03,1.54057034
#01,1.445799753
#02,5.307002723
#06,2.122602246
#02,1.229025514
#01,0
#01,0
#02,0.723851471
#01,1.71331089
#01,1.350499117
#06,1.367712782
#07,0
#01,1.812435707
#03,1.572141265
#01,2.881509486
#05,1.661178012
#01,0
#07,0.711361538
#01,2.543609231
#02,0.407599998
#05,0
#05,2.602828335
#05,2.198088795
#03,2.443841488
#02,0.937526709
#06,1.698597988
#01,1.040599621
#03,1.282003266
#01,0.763697711
#07,0
#02,1.07179248
#07,0
#01,0
#04,1.216378336
#06,1.629131377
#03,2.110672
#07,0.732568296
#07,0.612419246
#01,1.174957079
#03,2.054050841
#08,0.668526604
#04,0
#03,1.303173079
#01,0.840105592
#02,0.566572109
#02,0.939278937
#04,0.251018054
#05,1.847975294
#02,0.494156216
#05,1.105510473
#01,1.133595155
#02,0.527571942
#02,0
#06,1.868594464
#02,0.572954688
#01,1.752356411
#01,1.513636054
#05,1.29185327
#02,0.399834777
#02,0.653224348
#02,1.306043133
#02,1.195988353
#03,1.257116908
#06,1.126135078
#04,0
#02,0.785854301
#06,2.570583482
#03,1.377031968
#05,0
#04,0
#08,1.266918295
#04,2.039251576
#03,2.504613099
#03,1.278654859
#01,2.089937891
#01,1.49645909
#01,0
#04,0
#03,2.660052705
#02,0.378345232
#05,1.714625025
#02,0.577706628
#06,2.254379807
#03,2.344794016
#07,0
#07,0
#01,0
#02,0
#05,0.475259005
#01,0.670900427
#04,0.642860413
#10,0
#02,0
#07,1.182079202
#04,0.118058398
#04,1.115606706
#05,0.237665394
#01,1.504994196
#04,0.584482003
#02,0
#01,0
#04,0.644718244
#02,0.831425401
#01,0
#01,0
#01,1.57876095
#04,0.977240964
#06,2.606744738
#03,2.131255768
#02,0
#01,2.02336361
#02,1.339445546
#07,0
#03,1.12634365
#02,0
#01,0
#01,0
#03,2.300544077
#01,1.445799753
#03,1.388853567
#05,1.625045245
#08,0
#05,0.557033476
#02,0
#01,0
#03,0.739855283
#02,1.635699148
#07,0
#03,1.694563688
#06,1.663129549
#06,1.01033397
#01,0
#02,0
#02,0
#01,1.825459751
#04,0.401315907
#02,3.045529225
#05,1.203294337
#07,0.700093091
#01,0
#10,0
#02,0.537107166
#01,0
#06,1.663671665
#03,1.068804819
#01,0.746318593
#02,2.173384004
#01,0.723376529
#04,0
#04,1.274877259
#07,0.521212601
#03,0.84332968
#04,0
#01,0.471031746
#07,0
#01,1.807354922
#03,2.850569953
#03,1.602485328
#01,0
#07,1.296077969
#05,1.21962854
#03,3.276468871
#06,1.150457499
#01,0
#04,2.739232783
#02,0
#02,0
#01,1.074638801
#01,0.747620397
#01,1.546287404
#06,2.566303676
#08,0
#07,0.194281921
#07,0
#01,0
#05,0.286051059
#07,1.105727507
#04,0
#05,1.382643173
#02,0.740833412
#05,0.307134622
#01,0.818803076
#03,1.61390567
#01,1.14543044
#10,0
#05,1.461790793
#04,0
#03,0.772276162
#02,0.599254046
#03,1.341440866
#07,0
#01,1.754420643
#01,1.275278002
#03,2.185884519
#06,0.811499357
#01,0.31639862
#06,1.744248772
#07,0
#02,0.356951706
#03,2.20928511
#01,0.454565863
#05,0.838865895
#04,0.439356073
#05,0.542058254
#07,0
#02,0
#07,0.969950046
#03,1.238185616
#01,0
#01,1.365853238
#04,0.670386238
#01,1.298572698
#06,1.533791008
#01,0
#03,1.72828538
#03,2.182246095
#08,0.643207642
#01,0
#05,1.138819134
#07,0.821196847
#01,0
#06,0.474155715
#01,0
#01,1.579647057
#01,1.158026469
#07,1.00873481
#01,0
#06,1.809197209
#01,0
#06,1.122500765
#02,0.583045298
#04,0
#02,1.122872034
#03,1.238485672
#01,0
#01,0.652676819
#02,0
#06,1.34155326
#02,0.445231843
#06,0.79901982
#04,1.394330018
#04,0.410049169
#05,0.474706592
#02,0
#06,1.890180819
#01,1.083089594
#03,1.949871656
#06,0.427102565
#01,0
#08,0.5351466
#03,1.466205186
#05,0.387935994
#02,2.353960245
#01,3.044773672
#06,1.62016632
#06,1.685113669
#02,0
#03,0.918247688
#04,1.010797802
#03,1.459370416
#02,0
#01,0
#05,0.126057702
#06,1.153769665
#06,1.401650193
#07,0
#01,0
#02,1.035351961
#07,0
#04,0
#02,0.917990681
#01,0.5890793
#03,1.051328403
#03,0.770008616
#05,1.33133711
#01,0.966576998
#04,0.431023203
#02,1.539913424
#03,1.656431523
#03,1.389476789
#03,0.999159164
#06,2.123031899
#05,2.179571709
#01,0.779328967
#08,0
#10,0
#01,0
#05,1.58792291
#01,0.673451495
#01,0
#06,0.947482966
#02,0.548049101
#02,0.859966309
#04,0.650414725
#05,1.608713475
#05,0.637429921
#03,2.125548015
#03,2.625523409
#03,1.559480042
#04,1.226806023
#01,0
#01,0
#03,0.795449998
#01,2.475170771
#05,0.676506662
#07,1.348002938
#04,0
#07,0
#03,1.306591591
#02,0
#01,1.204003557
#06,1.820422778
#09,0.274582053
#06,1.350274437
#03,2.002001938
#07,0
#05,0.419780211
#05,1.286460435
#06,1.640418602
#03,1.411103126
#08,1.666307107
#04,2.132315619
#01,0.331741373
#01,1.646244476
#01,0
#06,1.683546527
#04,0
#01,1.53175712
#02,0
#02,0.895182568
#05,1.890474935
#05,0.987593738
#03,3.508100134
#02,0
#05,0.354335292
#03,2.878473044
#06,1.647749386
#02,0.759992036
#03,1.424148095
#04,0.549316306
#06,1.317099563
#02,0.439220867
#08,1.608770121
#10,0.563211755
#01,0
#02,0.576434229
#07,0
#03,1.938996382
#01,1.462537282
#03,1.092776037
#05,1.294604449
#02,1.53120953
#02,0
#01,0
#03,1.547183827
#07,0.819758863
#07,0
#05,0.346259126
#02,0.674703333
#01,0
#05,0.457619095
#02,0.438973927
#01,0
#04,0
#03,1.885777758
#07,0
#06,1.477951911
#07,0
#07,0
#01,0.830425806
#03,2.279309393
#03,2.631114548
#05,2.469607733
#02,0
#03,0.877577154
#05,1.073785332
#07,0
#01,0
#02,1.564207601
#03,1.93628816
#01,0.579720663
#01,0
#01,1.256339753
#04,0.578307553
#07,0.78351665
#01,1.329329896
#02,0.447598919
#05,0.654886914
#04,0.611891912
#01,0
#03,1.241386551
#05,0
#01,0.609007975
#04,0.910868031
#07,0
#01,0
#01,0.742013833
#03,1.782820266
#01,1.023734239
#01,0
#02,0
#06,1.143157365
#07,0
#04,0
#01,0.849024101
#08,1.55607439
#03,1.90983606
#03,1.90121047
#03,1.796736993
#03,1.874399905
#02,0.670607745
#02,0
#07,0
#02,0.534090171
#07,0
#03,2.251825479
#03,1.78996547
#04,0
#05,0.651029178
#01,0
#02,0.469948145
#07,0
#05,1.803731889
#01,1.288654716
#04,0.466727311
#01,0
#01,1.949062159
#03,1.830237411
#01,0
#02,0
#05,2.58704831
#01,2.217836372
#01,0
#01,0
#01,1.437974311
#05,0.497772083
#03,1.023398896
#01,0
#05,0
#07,0
#06,1.419880123
#03,1.941690708
#06,2.203115579
#07,0.450416402
#08,0
#04,1.49645909
#02,1.050869599
#06,1.488699258
#03,2.784615089
#01,0
#02,0.89885245
#07,0
#02,0
#01,0.667110499
#02,0.457034343
#01,0
#03,0.853505025
#04,0.644098333
#01,1.0337424
#04,1.882330511
#03,1.566221751
#07,0
#03,2.272761855
#03,2.87848312
#06,2.287924577
#03,1.319534122
#01,1.053298226
#02,0.9386624
#03,1.82323519
#04,1.265202288
#01,0.970627589
#02,0
#04,0
#02,1.474572483
#03,3.464858875
#03,1.87158118
#01,0
#01,0
#03,1.576861942
#05,1.253541522
#01,1.190331212
#02,0.506061673
#02,0.345633976
#05,0.216507138
#04,0.482016199
#01,1.861973666
#05,1.329329896
#01,0.714597781
#02,0.868694759
#06,0.930518769
#01,3.016643821
#06,1.549737858
#09,0.961046841
#02,0
#06,1.958897217
#05,1.934713368
#01,0
#02,0.372451591
#03,1.890129551
#08,1.472822057
#04,0
#02,0
#01,0
#07,0
#03,1.796659179
#01,0
#05,1.613318495
#05,1.082755023
#03,2.311577694
#01,0.738507759
#01,0
#08,1.082393474
#02,1.315144097
#05,0.319849748
#04,0.995926029
#02,1.439414934
#02,0.266493816
#01,2.349914157
#01,1.455312899
#06,1.077335479
#07,0
#01,0
#05,0.421055175
#04,0
#01,0
#03,2.798232659
#03,0.747702887
#04,0
#04,1.223492665
#01,0
#04,0.953978213
#01,1.020560409
#04,0.629237102
#08,0
#01,0.860494614
#05,1.164371844
#03,1.03712255
#07,0.840877495
#02,0
#05,2.680337858
#01,0
#01,1.572566499
#03,1.232088557
#06,1.314895037
#02,1.034346571
#03,1.970048262
#02,0.480530799
#01,0
#06,1.842733802
#02,0
#02,0.526015918
#07,0
#05,0.98797071
#02,0
#06,1.782362565
#03,1.829449988
#02,1.856814853
#02,0.984227445
#04,1.506713959
#03,1.044996704
#06,1.012209941
#08,0
#03,2.02504186
#07,0
#07,0
#07,0
#07,0.753494196
#02,0
#07,1.078846885
#09,0.715140078
#03,0.935037678
#03,1.959689133
#04,0
#03,0.613123793
#06,1.965124729
#05,0.298585495
#01,0
#05,0
#07,0.520262558
#01,0.845950167
#04,0.531216352
#07,1.882312221
#01,1.639965346
#06,1.063195023
#03,1.750979077
#03,1.496198141
#03,0.975337404
#03,0.318079575
#04,0
#05,0.75510798
#01,2.139239463
#06,2.300574217
#02,0.928907689
#04,0
#02,0
#05,0
#01,0
#06,0
#03,1.082688311
#03,1.498327762
#01,0
#04,0
#04,2.697158989
#07,0
#03,2.27124655
#01,0.517245809
#06,2.389057611
#03,1.475922216
#04,0
#08,0
#02,0
#05,1.66020345
#02,0.52140303
#03,0.92082601
#07,0
#03,0.989355061
#02,0
#06,2.16925373
#02,0
#03,1.034546916
#04,0
#03,1.699838797
#06,2.018493031
#05,1.220335102
#03,1.262822328
#03,2.422724559
#06,1.639410285
#03,0.898637312
#03,1.201631448
#01,0
#07,0
#02,0
#07,0.612419246
#07,0.348740255
#03,0.906217854
#02,0.566346823
#05,0.403128805
#08,1.146832332
#02,0.523699205
#03,0.938162676
#01,0
#04,1.241386551
#06,0.714688106
#02,2.294667369
#06,2.427452098
#02,0.502500341
#08,2.922317253
#01,1.13687435
#03,1.381537308
#07,0
#01,0
#07,0
#08,0
#02,1.478562634
#07,0
#01,0
#07,1.346650524
#06,1.991674247
#03,1.56069836
#03,1.886540769
#01,0
#03,1.646090435
#03,0.241696099
#01,0.946838476
#01,1.084796473
#08,0
#01,0
#01,0
#04,0
#03,1.842786565
#05,1.498135702
#04,0
#01,0
#01,0
#04,0
#03,1.462355605
#05,0.691286904
#02,0
#03,2.34996124
#04,0.929773864
#01,1.103064935
#06,2.947639823
#02,0.644867669
#06,1.753274667
#06,1.668459632
#05,1.287971958
#06,0.360566083
#02,1.185142758
#02,0.454565863
#05,1.042773743
#02,0.869039322
#03,2.586755231
#01,1.151210186
#04,0
#07,0
#06,0
#04,0.468715887
#05,0.513062836
#05,0.436054842
#02,1.028981199
#03,1.660888947
#03,0.900008645
#04,0
#01,1.02927002
#01,0
#03,0.979218332
#07,0
#04,0.270553612
#03,2.342515878
#03,3.675303574
#02,1.57351248
#04,0.380755552
#01,0
#01,0.392424796
#04,0.653458948
#06,1.44944641
#01,1.159012727
#01,0.750088216
#03,0.987178409
#03,1.763134372
#04,0
#05,0.386605782
#01,0
#04,0
#01,0.990712998
#02,1.10275574
#01,1.377801767
#04,1.148575088
#05,3.076356569
#02,0.428316021
#01,0
#01,2.697395668
#05,0.812176093
#03,2.104980032
#03,0
#04,0
#02,0.775659082
#02,2.031507867
#05,0.790711166
#03,1.045027407
#04,0
#01,0.562544522
#01,1.268593815
#02,1.054753859
#01,2.319777857
#07,0
#02,0
#01,1.437974311
#01,0
#03,1.549957386
#01,0
#01,2.907820453
#04,0.257065954
#02,0
#06,0.806942536
#01,1.345301015
#02,1.172692714
#07,0
#06,2.50209716
#07,0
#01,2.204800644
#01,0
#03,1.81352191
#01,1.017629894
#01,1.83115913
#01,0
#07,0
#05,0.988595237
#01,0.762458384
#01,0
#07,0.952671792
#04,0.999279193
#02,1.616497103
#05,2.932528559
#02,1.220903324
#01,0
#01,0.944269569
#07,0
#02,1.405464148
#02,1.561288312
#01,0.330216066
#05,1.008092534
#05,1.242756022
#01,0
#02,0
#07,0.738700993
#03,1.434560058
#06,1.2677701
#01,0
#01,0
#07,0
#03,1.986735586
#03,1.963772115
#03,0.65660517
#04,0
#02,0.955600741
#02,0.521212601
#01,1.214748986
#03,1.599598997
#07,0
#05,1.467896333
#03,1.230849146
#07,0.754300205
#06,1.094568352
#06,1.970256464
#04,0.771221136
#02,1.659337197
#05,0.71541737
#01,4.218246582
#01,1.441093467
#04,0.626461369
#03,1.777747813
#04,0
#01,0
#04,0
#05,1.370484605
#07,0
#05,3.191069566
#04,0.438753634
#01,0.721898146
#01,0.734982212
#02,1.065500744
#01,0.643207642
#07,0
#04,1.858961361
#06,1.923451987
#05,0.606798302
#02,1.122747397
#01,0
#02,0.284129397
#01,1.604878863
#05,0
#08,2.718360757
#02,0.14741706
#04,0
#06,1.412870364
#07,0
#07,0
#05,1.210830396
#01,1.332581562
#02,0
#05,1.667911826
#07,0
#04,0
#01,0.850469032
#07,0
#01,0
#03,1.52137546
#06,1.567855244
#01,0
#03,2.25712088
#02,0.960415876
#10,1.260431248
#05,0.506619792
#03,3.1865037
#08,0.481664269
#04,0
#03,1.947663819
#03,2.141687434
#05,1.397531366
#05,1.988346607
#03,2.602252704
#01,0
#02,0
#10,0
#01,0
#01,0.461457078
#03,1.416206031
#01,0
#04,0.199612634
#08,0
#01,1.432685519
#01,0.675699938
#03,1.584654004
#08,1.270865115
#04,2.431669411
#03,0.658434526
#03,1.69651073
#06,2.256868019
#05,0.665231829
#01,0
#02,0.726424838
#03,1.426091595
#01,1.063036662
#03,3.027369462
#03,1.502422553
#01,0
#02,0
#07,1.627771216
#10,0
#02,0.994504525
#02,0
#01,0
#03,1.85096232
#03,0.821193581
#06,1.355274112
#05,0.556393349
#02,1.315041709
#05,2.327858856
#04,0
#01,0.884980805
#01,2.529808613
#01,0
#04,0.668368957
#01,0
#05,0.263854489
#04,0.844128959
#06,1.963503382
#07,0
#03,1.964797561
#04,0
#05,1.100919343
#02,1.106618029
#07,0
#07,0
#01,1.045479971
#01,1.828956775
#07,0
#02,0
#03,2.605820723
#06,1.319983519
#03,1.89666892
#05,0.256928248
#02,0.336955911
#01,2.265975539
#01,0
#01,0
#03,1.203699851
#03,1.972485698
#07,0
#06,1.114700949
#03,1.483873438
#05,1.006022935
#03,1.540675977
#05,0
#01,0
#04,0
#01,0
#04,1.072560125
#02,0
#08,0.974175112
#06,2.432184871
#04,1.096904218
#01,1.413536412
#03,1.426996402
#05,1.879443923
#07,0
#05,1.320919008
#01,0.555309227
#01,0
#05,1.712008413
#02,4.526466467
#03,2.091095909
#02,0.579956862
#02,0
#03,1.624482383
#03,2.063118863
#03,1.852059064
#05,0.95510096
#02,1.274076577
#01,0.667424661
#04,0
#01,0
#02,0.552645692
#02,0.518372937
#05,2.218986891
#05,0.657315356
#03,0.588287729
#05,1.217007118
#05,0.283681
#01,0
#06,1.504994196
#01,1.658267036
#05,1.510933731
#03,2.155421796
#04,0
#06,2.040529064
#07,0
#04,0
#08,0.382173505
#05,1.412655039
#07,0.666483077
#10,0
#02,1.945751087
#04,0.962457808
#01,0
#03,2.128252153
#05,1.94164987
#01,0
#02,0.796845571
#03,1.60753654
#04,0.431282829
#04,0
#02,0.338066385
#03,1.828535456
#02,0.542419124
#03,1.761329065
#01,1.992813471
#07,0
#01,1.464738634
#03,1.096553818
#04,0
#02,0
#06,1.810231901
#03,2.307465255
#03,1.786088646
#01,0
#04,0.982993575
#08,0
#08,1.423534962
#04,0
#05,0.346719015
#01,0.598497479
#06,1.962982003
#04,0
#01,0
#05,0
#04,0
#06,1.742118731
#01,0
#06,0.802210524
#03,0.667626544
#06,1.37341813
#07,1.522386836
#01,0
#07,0
#02,0
#03,0.6142722
#03,1.251120534
#04,0
#02,0
#03,1.7500574
#01,2.217980839
#03,1.742210897
#07,1.00333499
#01,0
#07,0
#04,0
#02,0
#05,0.562668739
#05,0.543521924
#06,0.219722732
#06,0.658869037
#03,0.72597863
#03,0
#02,2.26132674
#07,0
#07,2.213236058
#01,0.767858743
#06,1.287057725
#05,1.266029519
#07,0
#01,0
#04,1.540224186
#01,0
#01,1.040599621
#03,2.953380093
#02,0.827000974
#01,1.231811875
#03,2.010375728
#03,2.476462103
#01,1.337368653
#03,3.396922637
#07,0
#06,1.823342018
#07,0.426530184
#01,1.100415768
#10,0
#04,0
#05,0.876954959
#01,0
#05,0.997635684
#07,0
#01,1.456911627
#02,1.312716436
#04,0.689854466
#03,1.67772192
#07,0
#05,0.929226311
#07,0
#03,1.233377342
#03,0.941806041
#05,1.079734075
#04,0.980909907
#02,0.709042786
#01,1.096029996
#01,0
#09,0.378744818
#03,2.348932195
#05,1.710749663
#07,1.083942331
#10,0
#01,1.266330748
#07,0
#05,0.89671462
#02,0
#03,1.016271671
#07,0
#05,1.868170999
#01,2.53084516
#02,1.28687243
#01,0.815002699
#02,0.309649175
#06,0.997481893
#02,0
#01,2.46698026
#01,2.197134974
#05,0.137542881
#01,0
#05,0.360611381
#01,1.287426307
#02,0.646754623
#08,1.05301267
#01,2.565075035
#01,0
#01,3.450727907
#06,2.413224456
#07,0
#04,0.7825777
#03,1.337557925
#03,0.641269942
#03,0.596447718
#02,0.788526562
#03,1.594618236
#05,0.22937216
#01,1.122908766
#03,1.190520172
#01,0.887227087
#06,1.80087028
#09,0.46749013
#08,1.156145426
#03,1.66366669
#04,1.585939549
#07,1.525918146
#03,1.322063362
#04,0
#01,1.050482763
#05,2.387577081
#04,0
#01,0.968550869
#02,0
#08,0
#01,2.833084061
#05,1.381042365
#06,1.713883872
#09,0.612787424
#03,1.514602943
#03,0.184503297
#04,0.705329504
#03,2.621709672
#01,0
#03,0.72448938
#05,1.455627201
#04,0
#04,0.867423901
#03,1.18074964
#06,1.2543491
#03,1.234611663
#06,0
#03,2.565433249
#01,1.838703961
#08,0.378256808
#03,1.176267962
#02,0.53012043
#01,0.800384072
#06,2.186126881
#07,0
#06,0.971660896
#06,0.868410367
#05,1.529322242
#03,1.968879108
#03,2.852553701
#10,0.8963311
#05,2.74138106
#03,1.803907945
#05,2.401727247
#01,0
#03,1.541540082
#02,1.007930452
#07,0.829114323
#04,0.841887019
#01,0
#03,1.315041709
#05,0
#03,1.883523991
#01,1.164938149
#03,2.152199252
#01,1.831462166
#01,0
#05,0.960374444
#01,0
#04,0.264242187
#02,0.588105365
#01,2.142593937
#04,0
#01,1.225366517
#01,2.352202827
#07,0.647020604
#01,0
#01,0
#01,0
#01,0.416122368
#06,2.405292994
#02,0.501794141
#03,1.540480745
#01,2.353620878
#07,0
#01,0.842899039
#03,2.085696817
#05,1.229624232
#03,1.027293614
#01,0
#01,2.913871421
#01,1.459325964
#07,0
#02,0.748595668
#04,1.641688676
#04,0
#05,2.120673637
#06,1.093139832
#07,0
#02,1.373684229
#05,1.86221142
#05,2.627498943
#01,1.121073858
#02,1.446943176
#04,0
#01,2.479542239
#01,2.471470722
#03,1.025523947
#06,1.413322251
#06,1.526677184
#01,3.469340958
#08,1.347326367
#03,1.306845009
#03,0.841211901
#02,3.969202212
#01,0
#07,0
#05,1.012791553
#08,0.679652698
#07,0.217029237
#01,0
#01,0
#01,2.637811677
#04,1.308623445
#06,1.538043265
#02,2.31298746
#03,2.274912884
#06,1.363615539
#02,0.563582091
#02,0.504274655
#03,1.759764862
#06,1.784627163
#04,2.065966882
#02,0.583832995
#02,0.607187061
#01,0.612683258
#06,2.675309207
#01,0
#06,2.483708919
#08,0.844421769
#05,0.961186051
#03,1.991643145
#03,1.918289036
#07,0
#01,0.537309525
#02,3.861811262
#06,1.496711118
#06,1.604768437
#06,1.643143572
#08,0.741780523
#01,0
#02,0
#03,1.390949426
#05,0.682237037
#03,1.984814393
#03,1.641218118
#04,0.471566351
#01,1.17293878
#01,0.978145907
#05,0.263975522
#01,0
#04,0
#03,1.991565806
#05,0
#01,0
#01,0
#03,0.965153924
#04,0
#01,1.143517399
#07,2.666569036
#01,0
#04,0.57226388
#01,0
#04,0.429086
#03,1.035518892
#08,1.709235877
#06,2.820602597
#01,0
#03,1.000458314
#10,0
#06,1.253588108
#01,0
#01,0.873377573
#05,0
#07,0
#04,0.456596766
#01,1.159012727
#01,0
#01,0
#05,0.769116118
#06,1.741509845
#06,0.867015225
#06,1.857135857
#04,0.998676305
#08,0.410166535
#01,0
#07,0
#03,2.147287329
#01,1.968775602
#02,0.336245896
#02,1.20810777
#03,1.126070982
#06,1.689008859
#04,1.802799894
#05,1.022138977
#02,0.421757666
#07,0
#02,1.023000678
#06,2.01671577
#01,0
#01,0
#03,2.469999995
#03,1.272581151
#01,2.59464811
#03,1.062490704
#01,0
#07,1.889820884
#02,3.100168679
#01,0.72635192
#01,0
#01,0
#04,0.680243004
#02,0.428444158
#03,2.392288226
#08,0.903286685
#01,0
#06,1.930431838
#01,0
#03,1.440467768
#02,1.708923562
#04,1.314400038
#07,1.021384576
#04,0
#02,0.594992299
#04,0.402675798
#04,0
#06,1.870200968
#02,0.607187061
#04,0
#01,0.822640022
#02,0.912736105
#01,1.140660407
#05,0
#01,0.583523403
#05,1.361563916
#03,1.42259485
#01,0
#03,1.335011824
#05,2.394581321
#06,1.438363406
#01,1.511899039
#02,0.650581288
#02,0.744516629
#01,0
#01,0
#05,0
#01,0
#02,1.127010136
#01,1.213665317
#02,0
#04,0.335617291
#02,2.068632354
#01,1.833824538
#01,1.335271287
#03,1.905613162
#01,2.830074999
#02,0.330900707
#04,0.407599998
#05,3.576728595
#05,1.649720659
#03,0.720704314
#02,1.544005915
#01,0
#07,0
#02,1.081957105
#02,0.554876775
#04,0
#07,0
#08,0.297411815
#04,0.240967751
#04,0.652977302
#01,0
#03,1.295900166
#07,0
#07,0
#01,2.288946157
#02,0
#04,1.458261752
#01,0
#01,0
#01,0
#03,1.429442005
#04,0
#06,0.633447873
#04,0
#05,1.547542495
#06,0.359029696
#05,0.288461186
#02,1.28631282
#06,1.222065968
#01,1.337264405
#04,3.020332725
#08,1.668952593
#07,0
#01,0.787172827
#06,1.593833208
#05,0.996999335
#06,1.640099142
#07,0.789823528
#07,0
#03,0.930671979
#01,0.630354404
#02,0.789380475
#02,1.61561936
#04,1.114700949
#07,0
#08,0.386501589
#01,1.739158348
#04,0.895182568
#03,0
#03,1.976958346
#05,1.991654734
#02,1.120663855
#04,0
#04,0.36229549
#01,0
#02,0.579596731
#07,1.49645909
#06,1.462847238
#02,0
#02,0.69210098
#01,0
#01,0
#04,0.44293555
#06,0.856206914
#02,0.572954688
#10,0
#06,0.7381216
#05,0
#07,0
#01,0
#03,2.146645626
#07,0
#06,0.858911701
#02,0.912139536
#01,1.063036662
#01,1.589461949
#05,1.426207694
#02,0.195521317
#01,0.670582926
#04,0.997123239
#01,0
#07,0
#03,1.373879503
#04,2.408007114
#03,2.423887313
#03,1.416259668
#02,0
#07,0.419411515
#04,0.532892949
#03,1.205373837
#03,2.344281187
#05,0.724421826
#02,0.391781444
#03,0.699832418
#03,1.257218152
#03,1.117639542
#05,1.87402947
#08,0
#01,1.390942029
#02,0.510220778
#01,0
#01,1.949757615
#03,1.349483943
#08,0.605549062
#04,1.079499848
#01,0
#01,1.449722215
#05,2.139530554
#01,0.706033735
#01,0
#02,0.19650821
#07,0
#07,0.631195029
#05,0
#02,1.332793451
#02,1.183549128
#01,0
#01,1.397248186
#03,1.326231763
#03,1.248092194
#06,0.301087043
#07,0
#01,0.791155752
#02,1.260465126
#09,1.075533151
#02,0.693572999
#01,0
#06,0.881834685
#01,0
#01,0.832890014
#08,0.937909995
#01,0.939808538
#01,0
#01,0
#03,1.459214908
#04,0.379747508
#03,1.714011037
#01,1.144154332
#07,0
#01,1.83960794
#04,0
#01,0
#03,2.076799304
#01,0
#01,0
#03,1.915080642
#05,0.843019994
#05,0.851995274
#01,0
#02,0.497598688
#03,0.828758684
#03,1.935105627
#03,1.544553759
#01,0.48133987
#03,1.932163807
#02,1.281587762
#03,0.973838575
#02,0
#01,0.95007004
#05,1.638577955
#01,0
#01,1.074638801
#06,2.617398406
#03,2.114756593
#01,0.533490881
#02,0
#01,1.627593003
#03,1.805206299
#01,1.327926051
#01,0.590668989
#06,1.552087719
#01,0
#05,1.549159443
#05,0.396549253
#01,0
#02,1.425464952
#04,1.172803574
#06,1.855452899
#03,1.808756782
#05,1.238116665
#01,1.256803524
#01,1.458514165
#05,1.233434607
#07,0
#04,0.605343973
#04,0.412528152
#02,0.912736105
#02,4.126300281
#07,0
#07,0
#01,0
#04,1.766842268
#06,2.243513094
#04,1.528223472
#02,0.616939109
#05,1.326805156
#04,0.853158612
#01,0
#08,2.027134596
#01,0
#03,1.741314978
#01,1.858401345
#03,1.128513058
#01,0
#01,0
#04,1.642356358
#01,1.630980278
#06,1.508891434
#04,0
#03,2.22026014
#04,0.855567636
#03,1.42767708
#03,1.703879766
#03,1.597594068
#02,1.339849888
#01,0.858385395
#02,1.788760246
#03,1.305607122
#02,0.553798621
#03,0.473161944
#07,0
#04,0.621799269
#03,1.652878508
#02,0.636392538
#08,0
#01,0.599090556
#01,0.609530273
#04,1.130537231
#04,0
#02,0.495527417
#04,0.591897671
#03,2.602406043
#01,0.780192591
#06,2.122188402
#02,0.906610161
#01,0
#03,1.176442609
#01,0.697480511
#04,0.875563478
#02,2.045118549
#06,1.911440397
#05,1.158521806
#03,1.44438664
#06,1.761958429
#07,0
#06,1.295802391
#02,0
#07,0
#03,2.643048065
#04,1.404090156
#01,0.893465454
#02,0.459382441
#03,0.463550701
#05,0.389493424
#07,0
#07,0
#01,0
#04,1.528785553
#03,2.225444399
#03,1.22069089
#07,0
#01,1.360307028
#03,1.646571135
#06,1.948925964
#02,0
#06,1.277661415
#02,0
#01,1.230139623
#06,0.911662861
#04,0.478093656
#06,1.023691625
#03,2.497643868
#08,0
#05,2.346428421
#01,0
#07,1.506713959
#04,0
#10,0
#02,1.411700187
#01,0
#01,2.90174898
#06,1.109746736
#03,1.601151522
#02,0.301845732
#01,0
#01,1.534825195
#01,1.188493198
#05,0.814176188
#01,0.969950046
#04,0
#02,1.311875481
#03,2.914836216
#01,1.716770789
#05,0.375866902
#04,0.287786952
#03,1.894319103
#01,0.902119691
#01,0.876111717
#04,0.243412864
#09,1.006617865
#03,1.471269034
#04,0.398066812
#02,0.700093091
#03,1.666771431
#01,0
#08,0
#01,0.745529918
#05,0
#06,1.805810666
#05,1.317862497
#07,0
#01,0
#07,0
#03,2.273013698
#08,0
#01,0.883108872
#02,0
#01,2.216179949
#01,1.865397807
#07,0
#01,0
#01,1.049295296
#02,0
#01,1.133114618
#01,1.26337113
#02,0.534671418
#01,0
#02,0.534690824
#07,0
#01,1.505382423
#03,0.897384997
#07,0
#06,1.723306369
#02,0
#03,1.06204241
#01,2.469223326
#01,0
#04,0
#06,0.351644557
#03,0.842392716
#01,0
#03,1.376915211
#01,0.541183874
#07,0.820716944
#05,1.617618296
#08,0
#07,0
#06,2.302392053
#01,0
#01,0.752689946
#01,0
#03,2.68850976
#02,0
#06,1.715869759
#06,1.608120881
#02,0.449786965
#06,0.81689835
#02,1.024030069
#03,2.416489421
#06,2.6898406
#01,0
#05,1.013625529
#04,1.407850665
#01,0
#01,0
#06,1.967962279
#01,3.200507317
#06,1.841254648
#07,0
#04,0.918141731
#03,3.205731312
#02,0.612683258
#01,1.984292731
#01,1.438651526
#05,0
#01,2.904253636
#02,1.018004068
#01,0.879416071
#06,1.163719197
#08,1.223257182
#01,0
#07,0
#03,1.742267444
#01,0
#02,0.331053237
#01,0
#01,0
#03,1.994784809
#07,0.984387801
#03,1.364712464
#01,0.434423101
#01,0
#06,1.208020882
#04,0
#06,1.851511749
#03,1.347153187
#01,0
#04,0
#02,0.841827905
#03,1.250693296
#01,2.174734755
#06,2.482029095
#01,0.977113571
#05,1.235896066
#03,2.15993211
#03,0.969452354
#01,0.59079158
#02,2.027480736
#02,1.210238999
#04,0.249057384
#02,0
#01,2.806172756
#03,2.225152581
#02,0.556828198
#02,0.478279933
#03,2.068921225
#03,1.51070675
#03,1.966312745
#01,0
#02,0.758112195
#03,2.764733799
#03,1.639999205
#02,0.85868656
#07,0
#02,0.487413555
#05,1.370465555
#04,1.363074078
#03,1.104394539
#01,0
#02,0.975492546
#06,1.570309933
#03,1.488389476
#02,1.685636663
#01,0
#03,2.378465556
#02,0
#05,1.102206954
#03,1.287733175
#05,0
#01,0.573647187
#01,0.604091066
#03,1.927449475
#03,1.978369992
#02,0
#03,2.142909268
#05,0
#01,1.337264405
#02,1.190980975
#03,1.043465605
#03,0.750632975
#02,0.299768508
#03,1.943999374
#03,1.265028633
#01,0.921173551
#01,0
#03,0.935265332
#05,0
#01,0.947482966
#06,1.92544667
#02,0
#06,0.759746298
#01,0
#01,0.570201546
#06,1.522615751
#06,2.187530583
#02,0
#05,1.233303418
#04,1.065500744
#07,0
#06,1.215390007
#02,0
#06,2.10076826
#06,0.811735266
#01,0.943629596
#05,2.519041002
#07,0
#03,1.579828036
#03,1.474692397
#01,0
#02,1.000074765
#02,1.509231844
#04,1.327114195
#01,0.953324539
#02,1.309841024
#02,0
#06,1.209386222
#07,0.867423901
#06,0.514356861
#06,2.177131298
#03,3.306418234
#06,2.474897072
#09,1.513636054
#02,1.357018472
#06,2.155716478
#01,0.747108976
#01,2.012199463
#08,0.434423101
#02,1.641622736
#05,0
#07,1.27048671
#04,1.947259029
#05,1.318998138
#01,0.468102199
#03,1.878940726
#07,0
#01,0
#05,2.018150097
#04,1.031164351
#01,1.575408194
#04,0
#03,1.756026447
#01,0
#03,1.454688077
#06,1.503534963
#01,0.813586876
#03,1.449294841
#03,1.078846885
#05,1.241755148
#05,1.265733555
#02,1.547487795
#05,0.65137797
#02,1.875143382
#01,1.344985066
#03,1.371044451
#06,1.346843548
#06,1.655316431
#02,0.795200197
#01,0
#08,0.540565038
#06,1.471064686
#03,0
