Cluster,Expansin A6
#04,0
#07,0
#03,0.131256482
#03,0
#01,0
#03,0.121072016
#06,0
#07,0
#02,0
#06,0
#04,0
#06,2.211014707
#03,0
#01,0
#03,0.158767675
#06,0
#02,0.575967818
#04,0
#02,0
#05,0
#04,0
#01,1.124749992
#04,2.065128811
#05,0
#02,0.528353449
#05,0
#01,2.54702793
#01,0
#02,0
#04,1.769618811
#02,0
#01,0
#06,1.91281543
#01,3.124660268
#04,0
#03,0
#02,0
#02,0.586650569
#05,0.619899996
#06,1.036437411
#02,0.326389552
#02,0
#02,1.17052645
#02,0.436542339
#04,1.456911627
#01,1.156073756
#06,0
#05,0
#07,0
#02,0
#07,1.309926997
#06,0
#03,0.599506666
#03,0.492962686
#02,0.694083239
#01,0
#05,0
#06,0.527571942
#03,0.582329626
#01,2.64052887
#02,0
#07,0
#02,0.870931832
#01,1.412936938
#02,0
#07,0
#02,0
#04,1.497307857
#06,1.6789651
#04,0
#04,0
#01,1.093416067
#03,0
#05,0
#02,0
#06,0.454349347
#04,0
#01,0.346719015
#02,0
#04,0.337986821
#02,0
#01,2.695871814
#05,0
#01,1.815121108
#02,0
#05,0.191111655
#02,0.347306108
#01,0
#03,0
#02,1.589925906
#01,0
#01,3.412280525
#04,0
#06,0.174852997
#05,0.392102854
#01,2.694758211
#06,0
#04,0
#01,3.37097252
#02,0
#02,0
#01,1.813821518
#01,1.304854582
#03,0
#02,0
#03,0
#07,0
#03,0
#02,0
#03,0.482314392
#07,0
#02,0
#05,0
#01,2.85953673
#03,0
#01,1.743999186
#05,0
#06,1.934546939
#06,0.198457535
#07,0
#01,1.91922335
#03,0
#02,0.572954688
#03,0
#02,0
#03,0.660069347
#06,1.783623137
#05,0
#04,0.298337633
#01,0
#02,0
#04,0
#05,0
#03,0
#02,0
#06,0.312544907
#07,0
#03,0.15762168
#07,0
#04,0
#07,0
#01,0
#06,0.997769009
#03,0
#01,1.936912767
#04,0
#03,0.150605441
#03,0.506780068
#01,0
#01,1.23349013
#02,0
#02,0
#07,0
#05,0
#02,0
#02,0
#07,0
#02,0
#05,0
#05,0
#06,0
#05,1.242144189
#03,0.209149186
#03,0.227883582
#01,2.815298205
#07,0
#03,0
#03,0
#02,0
#05,0
#02,0.621799269
#01,0
#01,1.066324759
#03,0.694367037
#07,0
#01,0
#04,0
#01,1.87028284
#07,0.966576998
#02,0
#06,0.704556503
#06,0.932192401
#05,0
#07,0
#04,0
#01,1.167924869
#02,0
#04,1.324095932
#03,0
#03,0
#06,1.467540369
#04,0
#05,0.208302171
#01,0
#09,1.388773377
#05,0
#01,0.707092774
#07,0
#02,1.315041709
#01,0
#07,0
#01,2.027480736
#03,0
#05,0
#01,0
#02,0
#07,0
#05,0
#02,0
#03,0
#02,0
#01,1.950591407
#06,0
#02,0
#02,0
#03,0
#01,0.954632816
#01,0.919655058
#01,1.642165833
#01,0
#03,0
#01,1.533034709
#05,0.17354732
#06,0
#03,0.205919563
#05,0
#02,0
#02,0
#08,0
#04,0
#02,0
#02,0
#02,0
#03,0
#03,1.345856344
#03,0.19197758
#01,0
#02,0
#05,0
#03,0.18770034
#01,1.583041468
#02,1.191371277
#06,0.703855273
#01,0
#01,1.453717967
#03,0
#02,0
#06,0
#03,0
#03,0
#05,0
#03,0
#07,0
#01,1.723119886
#02,0
#01,3.422532036
#07,0
#04,0.383504353
#02,1.274877259
#02,0
#07,0
#01,0
#03,0
#03,0.216117212
#07,0
#05,0
#05,0
#07,0
#03,0.235391809
#05,0
#01,0
#03,0
#07,0
#01,0
#02,0.56567205
#01,0
#02,1.025168228
#08,0
#02,0
#03,0.856875955
#08,0
#04,0.50931076
#04,0
#01,3.262431434
#02,0.677963721
#01,0
#02,0.498466888
#01,0
#07,0
#02,0
#06,1.200365527
#02,0
#01,1.902932582
#02,0.600773016
#04,0
#06,0.078657604
#03,0
#04,0
#05,0
#02,0
#04,0
#03,0
#05,0
#02,0
#03,0.253846121
#07,0
#04,0
#01,3.015038138
#03,0
#04,0
#01,1.973889571
#02,0
#05,0
#02,0
#01,0
#05,0
#01,1.333946071
#04,0.892894592
#03,0
#07,0
#04,1.298989483
#04,0.465512009
#02,0
#02,0
#02,0
#01,0.77206645
#03,0
#07,0
#01,2.375068546
#07,0
#07,0
#03,0
#02,0.631475744
#02,0
#03,0
#01,0
#05,0
#02,0
#06,0.144375448
#06,1.013738895
#03,0
#01,0
#01,3.095446785
#07,0.697676463
#01,0
#05,0
#02,0
#04,0
#06,0
#02,0
#03,0
#03,0
#03,0.232521176
#07,0
#01,1.696951937
#02,0.419534341
#06,0
#06,0
#01,1.882199585
#07,0
#07,0
#02,0
#05,0
#05,0
#01,1.171932369
#05,0
#01,0.505524226
#07,1.22569946
#04,1.026689878
#01,0
#04,1.320199281
#04,0
#01,0
#02,0
#04,0
#02,0
#06,2.037428211
#01,0
#02,0
#01,0.567871038
#01,1.494764692
#03,0
#06,1.388532865
#02,0.312273245
#02,0
#08,0
#06,1.302648558
#03,0
#07,0
#04,0
#05,0.200223077
#06,1.410408848
#04,0
#03,0
#02,0
#03,0
#01,0.686842115
#07,0
#06,0
#05,0
#01,0
#07,0
#01,1.040599621
#04,0
#01,2.291634173
#01,0
#02,0.370336585
#05,0
#01,2.64052887
#06,0.995589183
#07,0.373712825
#04,1.404601507
#01,1.431009298
#01,0
#07,0
#03,0
#03,0
#08,0.221400726
#01,3.216444136
#03,0
#06,0
#04,0
#07,0
#02,0
#01,0
#03,0
#06,0
#02,0
#06,0.184810973
#03,0.162545961
#06,0.35978273
#02,1.425642257
#03,0
#02,0
#06,0
#03,0.139270303
#02,0
#03,0
#07,0
#05,0.175941859
#07,0
#02,0.702701351
#02,0
#01,0
#06,2.624609376
#02,0
#02,0
#02,0
#03,0
#08,0
#04,0
#01,2.476695351
#02,0
#05,0.715010884
#06,0.307069003
#02,0
#03,0
#02,0
#03,0
#05,0
#02,0.559671581
#05,0
#02,0
#02,1.127523752
#03,0.187285524
#04,0
#02,0
#02,0
#02,0
#03,0
#05,0
#09,0.123784943
#01,1.410544518
#04,0
#01,0
#03,0
#02,0
#02,0
#06,0
#07,0
#01,0
#01,2.223337521
#10,0
#04,0
#09,1.192065721
#07,0
#10,0
#02,0
#03,0
#06,0.480908023
#07,0
#06,0
#05,0.283038911
#05,0
#03,0
#06,0.282871888
#02,0
#06,0.164625573
#05,0
#02,1.259649733
#05,0
#03,0
#07,0
#02,0.349759782
#04,0
#02,1.134897226
#02,0.389758091
#01,0.443713607
#03,0.454614007
#08,1.338596694
#05,0
#05,0
#04,0.595989523
#03,0
#01,2.777475554
#01,1.713510795
#04,0.872288832
#02,0
#01,0
#01,1.835670701
#01,1.979682526
#02,0
#01,1.110793766
#02,0
#02,0.951585937
#08,0
#01,1.520627859
#07,0
#04,0
#07,0
#01,2.065128811
#04,0
#09,0.987813265
#01,0.469793756
#03,0
#05,0.257318798
#05,0.257111888
#01,2.561194335
#01,0.879969296
#02,0
#01,2.250779254
#03,0.988947544
#01,1.579214704
#02,0
#07,0.813586876
#03,0
#01,0
#02,0
#06,1.056870405
#01,0
#07,0
#01,2.73849956
#03,0
#04,0.821196847
#05,1.078002512
#05,0
#01,0.715864449
#01,3.705778096
#01,2.31045531
#01,0
#07,0
#01,1.249391011
#01,0
#02,2.13133732
#01,1.378511623
#07,0
#03,0.154578782
#04,1.878493374
#01,1.312479031
#02,0
#01,1.265733555
#04,1.58520299
#01,0
#08,0
#01,1.53554267
#05,0
#04,0
#08,0
#02,0.683361402
#06,1.687392975
#07,0
#03,0
#04,0
#03,0
#02,0
#02,0
#01,1.241386551
#01,0
#03,0
#01,3.288643503
#04,0
#01,1.413536412
#07,0
#05,0
#03,0.246476768
#03,0.259102773
#02,0
#05,0
#03,0.228752586
#03,0
#02,0
#07,0
#03,0
#01,1.195550809
#03,0
#05,0
#03,0.658510974
#03,0.4325857
#02,0.605377163
#03,0
#07,0
#01,0
#02,0.551654987
#02,0
#04,1.581125544
#01,1.994606741
#05,0
#05,0.365060348
#03,0
#05,0
#07,0
#02,0
#03,0
#01,0
#09,0.756064907
#05,0.739901357
#02,0
#01,0
#01,0
#05,0
#05,0
#03,0
#05,0
#02,0
#01,0.878311769
#01,0.609530273
#03,0
#01,0
#01,2.273177425
#03,0
#04,1.307385537
#02,1.798388485
#02,0
#06,0.943949471
#06,0.774046246
#05,0
#01,0
#07,0
#06,0
#10,0
#05,0
#04,0
#04,1.053298226
#02,0
#03,0
#06,1.57351248
#01,1.559761947
#06,0.488830782
#07,0
#05,0
#06,0
#05,0
#01,2.174706333
#05,0.671297734
#02,0
#04,1.561311233
#02,0
#03,0
#01,2.31732252
#02,0
#02,0
#03,0
#03,0
#07,0
#09,1.075553997
#05,0
#02,0
#01,1.808214129
#03,0
#08,0.862083544
#05,0
#03,0.222529906
#02,0
#06,0.196080224
#02,0
#06,0
#01,0
#01,1.724741839
#01,2.50853806
#02,0.390713894
#07,0
#07,0
#02,1.881650604
#02,0.549104694
#03,0
#06,0.166048208
#06,0.679101415
#01,0
#06,1.10271094
#07,0
#01,0.392210109
#03,0
#02,1.993685552
#05,0
#06,1.834923917
#02,0
#02,0
#02,0
#05,0
#01,1.014894674
#04,0
#05,0
#02,0
#01,0.562544522
#02,0.458940321
#02,0
#01,1.358928018
#08,0
#03,0.862083544
#01,0
#06,0
#03,0
#05,0
#02,0
#01,0.662433927
#02,1.054908341
#06,0.340713253
#01,2.110558375
#04,0
#02,1.085937525
#02,0
#01,1.23686123
#02,0
#01,1.537149091
#07,0
#01,3.602276744
#04,0.387965462
#03,0.075642162
#02,0
#02,0.556176181
#01,0
#01,0
#04,0
#02,0
#07,0
#01,0
#07,0
#03,0
#05,0.158505759
#04,0
#01,0.88414147
#01,2.247927513
#02,0
#02,0
#02,0
#01,1.285384494
#02,0
#10,0.074767768
#01,2.214366281
#01,1.654892445
#05,0
#01,1.613405404
#03,0
#03,0.145777116
#07,0
#03,0
#06,0.794581346
#03,0
#06,0.838264343
#01,1.868892131
#03,0
#07,0
#02,0
#01,0.997123239
#01,0.559232226
#02,0
#03,0
#07,0
#03,0
#04,0
#08,0
#05,0
#05,0
#07,0
#07,0
#05,0
#05,0
#07,0
#03,0
#03,0
#08,0.697676463
#05,0
#02,0
#05,0
#05,0
#01,2.098982811
#05,0
#03,0.246836093
#05,0
#02,0
#01,2.293126292
#01,1.071296969
#05,0
#02,0.390926935
#03,0
#02,2.569450784
#04,1.499860459
#03,0
#01,0
#04,0
#06,0.137398681
#03,0
#05,0
#03,0
#06,1.15438873
#06,0.829934761
#01,1.583041468
#02,0
#06,1.253276432
#01,0.898059611
#07,1.325400287
#03,0
#03,0
#06,1.804307403
#03,0.804851078
#01,0
#04,0
#03,0
#03,0.123901955
#07,0
#05,0
#04,1.676302812
#02,0
#07,0
#01,0.734664645
#02,0
#04,0
#02,0
#02,0.498989278
#07,0
#02,1.304854582
#05,0
#04,0.435579484
#01,0
#01,1.990316243
#01,1.597575248
#07,0
#05,0
#04,0
#01,0
#02,0
#02,0
#05,0
#06,0
#02,0
#01,2.007607449
#06,0
#01,3.377078116
#01,0
#03,0
#01,2.520883961
#07,0
#01,0.756728849
#08,0.901731385
#01,0.994976933
#07,0
#03,0
#01,0
#05,0.970017756
#04,1.257116908
#07,0
#08,1.432165065
#04,0
#04,1.638327855
#05,0
#02,0
#01,0
#01,2.31045531
#06,0
#01,1.041383921
#01,1.668413825
#02,0
#07,0
#06,0
#01,0
#03,0
#06,0.319920966
#04,1.584641973
#07,0
#03,0
#06,0
#01,0
#05,0
#04,0
#05,0
#07,0.554876775
#03,0
#04,1.604678268
#05,0.399199428
#03,0
#02,1.206849299
#06,1.806067836
#01,1.404601507
#02,0
#07,0
#03,0.148709805
#06,1.160586622
#06,1.161844048
#03,0.141498566
#01,1.585924939
#04,0
#04,1.221294271
#03,0.225651293
#06,2.016246276
#01,0.738894331
#02,0
#01,0.411580227
#04,0
#01,0
#09,1.498157673
#02,0
#04,0
#01,0
#07,0
#02,1.324530412
#02,0
#07,0
#01,0
#06,0.696703132
#02,0
#03,0
#06,0.461904104
#02,0
#01,0
#04,0
#06,0.214268176
#01,2.192645078
#07,0
#02,1.346650524
#01,0
#07,0
#05,0
#01,1.406082194
#02,2.347998586
#02,0
#04,0.384532586
#01,0
#02,0
#04,0.359032727
#02,0
#07,0.356358541
#04,0
#02,0
#06,2.009246334
#02,0
#01,1.185159515
#08,0
#07,0
#07,0
#02,0
#01,1.400179541
#02,0.805658269
#03,0
#01,1.275278002
#06,0.846333157
#01,0
#05,0
#03,0
#07,0
#02,0
#05,0.167378946
#03,0
#07,0
#05,0
#07,0
#02,0
#05,0
#01,1.177998302
#01,0
#04,0
#03,0
#04,0
#01,0.774329923
#07,0
#07,0.399421886
#05,0
#01,0
#01,0
#04,0
#07,0
#01,0.909563687
#09,1.520452205
#04,0.681552474
#07,0
#04,0.625909205
#01,0
#01,2.027480736
#02,1.36654993
#03,0
#02,0
#02,0
#05,0
#01,2.231695876
#03,0
#02,0
#01,0
#01,1.698071272
#01,2.966833136
#04,0.532627637
#06,0
#09,1.310946538
#03,0
#01,2.024136906
#06,0
#05,0.364596596
#07,0
#03,0
#03,0
#02,0
#01,1.489706444
#06,2.145718773
#01,1.309926997
#05,0
#01,1.476397861
#06,1.536235215
#03,0
#01,0
#02,0
#03,0
#01,1.933402251
#05,0
#05,0.804407009
#08,0
#03,0.74200186
#02,0.503563413
#07,0
#03,0
#06,0.324362962
#07,0
#02,0
#02,0.359662518
#01,0
#02,2.527681983
#03,0
#04,0
#01,0.821196847
#06,1.156399533
#06,0.433174583
#02,0.51463501
#07,0
#03,0.150715675
#01,2.09976143
#02,0
#03,0
#03,0
#01,2.047816235
#08,2.412851834
#04,0
#02,0
#02,1.118105521
#05,0
#07,0
#01,2.688101136
#01,0.795180208
#01,0
#07,0
#06,0
#02,0
#01,1.347326367
#07,0
#01,0
#03,0
#07,0
#02,2.231995775
#08,1.535722153
#04,0
#02,0.644668747
#05,0.128679148
#03,0
#05,0
#09,1.459049195
#02,0.385773811
#01,3.07080535
#01,0
#03,0
#06,1.315298565
#05,0.171196819
#01,1.313759035
#06,0
#01,0
#01,1.513636054
#01,2.825435606
#06,0
#04,0.168830052
#02,0
#01,0.849538659
#03,0
#01,2.407124482
#05,0.219678037
#03,0
#02,0
#01,0
#02,0
#05,0
#01,2.019476952
#02,1.346312875
#05,0
#03,0.164625573
#03,0
#02,0
#07,0
#01,1.053298226
#01,0
#01,1.916065792
#07,0
#03,0
#06,2.057915259
#01,0
#06,0
#03,0
#03,0
#03,0
#05,0
#02,0
#03,0
#09,0
#03,0
#03,0
#01,2.925665371
#01,0.481989109
#07,0
#02,0
#04,0
#01,0
#03,1.567470054
#06,0.085956388
#01,0.695618563
#03,0.127982361
#06,1.727000662
#06,1.686828638
#04,0
#07,0
#03,0
#01,0.797886581
#07,0
#04,0.503031309
#04,0
#06,0
#03,0
#06,0
#06,0.577779435
#05,0.25665328
#02,0
#01,0.5854438
#07,0
#02,0
#02,1.894290559
#07,0
#02,0
#05,0
#01,2.680936391
#07,0
#01,1.426406313
#02,0
#07,0
#02,0
#02,0
#06,0
#03,0
#01,0
#01,0.828954459
#03,0.0980269
#02,0
#02,0.319920966
#07,0
#01,0.874469118
#08,0.388438365
#06,0
#01,3.12049495
#03,0
#06,0
#07,0
#07,0
#05,0
#01,1.276481841
#01,0
#05,0.764733636
#02,0
#01,0
#04,0
#04,0
#04,1.258674287
#05,0
#01,2.144610272
#07,0.858911701
#01,2.815298205
#06,0.155378663
#04,0.628679958
#02,0.407368278
#02,0
#02,0.497598688
#01,3.695124287
#03,0
#05,0
#02,0
#05,0
#01,0.690696015
#01,0
#06,1.019967667
#03,0
#02,0.936019374
#02,0
#01,2.905640968
#06,1.479955472
#01,0
#07,1.199761447
#07,0
#03,0
#10,0
#06,0
#05,0
#02,0
#05,0
#01,0
#02,0
#10,0
#06,0
#03,0
#02,0
#06,0.313636317
#03,0
#06,0.291886866
#07,0.301529145
#06,0
#05,0
#05,0
#02,0
#03,0
#02,1.463344795
#02,0
#02,0.910354654
#07,0
#02,0
#01,0
#02,0
#01,1.400179541
#01,1.081388327
#06,0
#04,0
#01,0
#01,0
#02,0
#01,1.13687435
#04,0
#06,0
#06,0.13943195
#02,0.839870456
#07,0
#04,0
#01,2.716119669
#02,0
#05,0.297473357
#01,3.502829235
#04,0
#05,0
#08,0.857509691
#05,0
#07,0
#06,0
#09,1.269619677
#03,0
#06,1.704068932
#03,0.650432131
#02,0
#04,1.458514165
#04,0
#07,0.922392084
#01,0
#02,0
#01,1.354808925
#06,1.548777397
#01,0.648499395
#04,0.29091241
#01,0
#03,0
#03,0.397373621
#04,0
#01,2.892957407
#03,0.568880445
#01,2.130396637
#01,2.597055573
#02,0
#01,3.648653225
#07,0
#01,0
#01,0.915731083
#01,0
#02,0
#04,0
#02,0
#02,0
#02,0
#03,0
#05,0.15015047
#02,0.421633526
#02,0.586408812
#02,0
#05,0
#03,0
#06,0.185608587
#01,0.812880856
#01,0
#04,0
#01,1.309926997
#02,0
#01,2.225420114
#01,1.200289982
#01,1.579214704
#02,0
#03,0
#06,1.039620978
#04,1.960609269
#04,0
#05,0.207641466
#06,1.077159521
#07,0
#04,0
#01,2.180647212
#05,0
#06,0
#09,1.279928339
#06,0
#06,1.14058126
#05,0
#07,1.214748986
#03,0
#01,1.673457387
#03,1.137267498
#06,0.640064893
#05,0
#07,0
#05,0
#03,0
#03,0
#01,2.424065412
#03,0.188683672
#02,0
#06,1.279447002
#01,2.623544446
#01,0
#04,0.597994176
#01,1.571621765
#01,0.857859752
#08,0
#01,0
#01,3.129602515
#04,0
#04,1.47970074
#02,0.476526269
#09,2.471022855
#03,0
#03,0
#07,0
#05,0
#03,0
#01,0
#04,0
#05,0
#01,0
#07,0
#01,1.220928685
#02,0
#03,0.16080485
#01,1.567855244
#03,0
#02,0.841634404
#04,0.910651633
#06,0
#02,0
#03,0
#01,1.27048671
#04,0
#07,0
#07,0
#02,0
#01,1.704445352
#01,0
#02,0
#02,0
#08,0.185072118
#02,0
#07,0
#01,1.245947149
#06,1.871529154
#07,0.797208219
#02,0
#01,0
#01,0
#04,0.614803707
#05,0.091595558
#04,0
#01,0
#04,0.152550075
#06,0
#01,0
#02,0
#01,0
#07,0
#04,1.121990524
#04,0
#05,0.196884236
#08,0
#02,0
#02,1.353988317
#05,0
#01,1.666799831
#03,0
#07,0.319565192
#03,0
#03,0
#01,0.835866977
#07,0
#01,2.550966474
#02,0
#01,1.243662413
#06,0
#01,1.26337113
#08,1.881023642
#03,0
#02,0
#08,0
#07,0
#02,0.267385398
#02,0
#02,0.579013234
#01,3.001684408
#04,0
#01,0
#02,0
#02,0
#02,0.330291997
#06,0.209697348
#04,0
#01,2.137949557
#05,0
#01,1.540826638
#06,0
#01,1.206136531
#08,0
#05,0.19691115
#03,0.144578175
#02,0
#02,0
#07,0
#03,0.126355987
#01,2.0547006
#02,0
#01,0
#06,0.249186759
#05,0
#06,0
#01,1.312479031
#04,0
#04,0
#05,0
#05,0
#08,2.450032921
#01,0
#01,0
#01,2.744606109
#04,0
#02,0
#01,2.74723393
#01,0.892894592
#03,0
#04,0.935862178
#06,0
#03,0.949260009
#05,0.30938254
#04,0
#07,0
#04,0.670202329
#03,0
#03,0
#07,0
#05,0.341280072
#01,2.037589583
#01,2.68589141
#02,0
#03,0
#01,1.938421751
#03,0
#01,1.251698172
#03,0
#03,0
#04,0.392532228
#01,0
#07,0
#03,0
#01,0.824814577
#02,0
#02,0
#02,0
#01,0
#07,0
#03,0.186921032
#04,0
#07,0
#05,0
#01,0
#01,1.911665101
#06,0.167145982
#01,1.003136033
#02,0
#01,0
#06,0
#07,0
#01,0
#01,2.68589141
#06,0
#01,0
#01,1.22569946
#07,0
#01,1.114700949
#02,0
#01,1.584001345
#04,0
#05,0
#08,1.170927778
#06,1.211144695
#03,0
#08,2.489288831
#06,1.257146819
#04,0
#06,0.205156928
#08,0
#05,0
#02,0
#07,0.767858743
#03,0
#06,0
#01,0.807973706
#04,0
#06,2.012533407
#02,0
#02,0
#01,3.078744666
#02,0
#02,0
#02,1.822634752
#04,0.127948288
#06,1.766733745
#05,0.572340554
#01,0
#03,0
#03,0
#02,0
#01,0
#02,0
#05,0
#06,1.470613185
#04,2.94069229
#01,1.13640295
#02,0
#07,0
#02,0
#01,1.141611068
#07,0
#06,0
#06,0
#02,1.021761631
#01,0
#01,0
#01,2.430923914
#02,0
#02,0
#03,0.212906002
#02,0
#02,0
#08,2.322767848
#05,1.260431248
#07,0
#03,0
#01,0.934763336
#02,0.961008987
#05,0
#04,0
#01,1.669707517
#08,2.505673591
#03,2.010023728
#03,0
#08,0
#04,0.729729252
#03,0
#01,0
#04,0
#03,0
#01,0
#07,0
#07,0.591037015
#02,1.312661726
#01,1.23686123
#05,0
#03,0
#04,0
#05,0
#03,1.309117207
#07,0
#02,0
#01,0
#07,0
#08,0
#01,0
#02,0.1889559
#03,1.182591413
#03,0
#01,3.470726262
#07,0
#07,0
#03,0
#01,1.644040156
#01,0
#02,0
#03,0.595823084
#08,0.606065356
#03,0
#01,0
#03,0
#01,1.281321492
#02,0
#01,0
#02,0
#02,0
#05,0
#03,0.07920618
#06,1.589787572
#05,0
#03,0.139783474
#05,0
#06,0.463751093
#05,0
#01,0
#01,1.081388327
#04,0
#03,0
#01,0
#01,0.839870456
#03,0
#05,0
#07,0
#05,0
#01,0.260274541
#08,1.583041468
#02,0.306479696
#01,0.783666786
#07,0
#06,0.692013017
#07,0
#05,0.112565458
#02,1.114550139
#07,0
#02,0
#01,0
#03,0
#04,0.500387739
#06,0.145924691
#08,0
#04,0
#05,0
#02,0
#05,0
#02,0
#01,0
#01,0
#03,1.105431001
#07,0
#01,0
#04,0.311731341
#06,0.114532466
#06,1.371232128
#07,0
#02,0
#07,0
#07,0
#05,0
#06,0.500387739
#01,0.52953011
#06,0
#02,0
#05,0
#05,0.200753295
#02,0
#07,0
#05,0
#02,0
#01,0.531800255
#02,0
#05,0
#06,2.424065412
#01,0.458352161
#04,0
#08,0
#01,2.095358172
#03,0.14719126
#02,1.147350226
#01,1.095157233
#06,0.287787628
#02,0
#02,0
#04,0.815949394
#03,0.152614685
#03,0.165419227
#05,0
#03,0
#01,2.195332562
#05,0
#08,0
#03,0
#01,1.94753258
#03,0
#08,1.044796852
#03,0
#01,0
#02,0.882189391
#08,1.008551216
#02,0
#01,0.708509877
#07,0
#06,0.545393222
#07,1.193457178
#09,1.292767519
#01,1.29359344
#03,0.194518032
#02,0
#02,0
#03,0.958627268
#04,0
#07,0
#07,0
#02,0
#01,0
#08,0
#02,0
#03,1.616914463
#10,0
#01,0.720058818
#01,0
#02,0
#01,3.11483928
#01,1.981163358
#01,0
#01,0.716408711
#04,0.689686407
#08,0.734282579
#02,0
#05,0
#01,0
#04,0.191760363
#03,0.587377054
#04,0.508826756
#05,0
#06,0
#03,1.014646776
#06,2.186552594
#03,0
#07,0
#07,0.481177836
#01,1.199761447
#01,2.058741418
#03,0.190153069
#03,0
#07,0
#01,0
#02,0
#05,0
#01,2.690315501
#01,0
#02,0
#08,0
#02,0
#01,2.875611847
#03,0
#06,0
#05,0.129639519
#01,1.089951072
#03,0
#03,0.120254103
#05,0.259102773
#01,1.23686123
#06,0.965905306
#02,0
#05,0
#06,1.269195651
#06,1.634617487
#08,2.384941612
#06,0.191926425
#06,0.609164569
#01,2.642115587
#01,1.127523752
#01,2.316174568
#03,0
#04,0.322796055
#05,0
#01,0.764526221
#05,0
#04,0.247984475
#06,0.260746229
#07,0
#03,0
#04,0
#07,0
#05,0
#04,0.899795018
#04,1.471473445
#03,0
#04,0.976769961
#03,0
#02,0
#06,0.23700017
#02,0
#02,0
#07,0
#03,0
#03,0.664183338
#04,0
#01,3.866150632
#02,0
#01,1.974834836
#02,0
#01,0
#01,1.050892651
#07,0
#02,0.547102572
#08,1.154610148
#04,0
#06,0
#06,0.750886788
#03,0
#01,3.137056048
#02,0
#02,0
#02,1.917764538
#03,0.578919043
#04,0.489920171
#02,0
#06,0.274346375
#08,1.063036662
#04,0
#02,0
#02,0
#04,0.959241241
#06,1.067907852
#07,0
#01,1.579691938
#01,2.162938571
#02,0
#01,1.552065749
#01,0
#04,0
#08,0
#02,0
#02,0
#03,0.342541939
#04,0
#07,0
#03,0
#05,0
#01,0
#03,0
#01,0.643499324
#07,0
#02,0
#03,0
#04,0.145571012
#05,0
#04,0
#04,2.900780906
#07,0
#04,2.603155617
#06,0
#06,0
#04,0
#01,0.979525883
#03,0
#01,0
#01,1.143995029
#01,2.4588416
#06,2.537627327
#03,2.625834782
#06,2.083976074
#03,0
#02,0
#02,0
#06,0
#06,1.66792437
#05,0
#01,0
#05,0
#05,0
#04,0
#01,0
#09,0.340713253
#02,0.320634907
#04,2.905640968
#01,2.577973169
#01,1.011681805
#01,1.122449448
#07,0
#01,0
#01,2.359586221
#07,0
#06,0.33751023
#02,0
#02,1.169925001
#03,0
#01,0.463700978
#01,0
#04,1.010943378
#06,1.452226154
#02,0
#03,0
#07,0
#07,0
#01,0.346468014
#01,0
#01,1.013903839
#02,0
#06,1.042720064
#06,0
#05,0
#07,0
#05,0
#06,0.767500265
#05,1.159340251
#02,0.971306114
#05,0
#03,0
#03,0
#03,0
#01,1.709355736
#01,1.194503024
#07,0
#02,0
#02,0.513339573
#06,1.710311246
#05,0.611891912
#07,0
#01,0
#05,0
#01,0
#01,0.905043032
#02,0
#04,0
#03,0
#03,0
#01,0
#03,0.298337633
#04,0
#05,0
#07,0
#02,0
#03,0.26341969
#02,0
#02,1.005076087
#05,0
#01,2.8815524
#02,0
#04,0
#05,0
#01,0.635432558
#06,0
#04,0.570201546
#03,0
#01,0
#04,1.341269817
#02,0.506600276
#06,0
#02,0
#06,1.501852375
#07,0
#01,0
#02,0
#02,0
#01,3.070540641
#01,1.353441838
#01,2.477235911
#06,0.204283965
#02,0
#07,0
#03,0.130863315
#02,0
#04,0
#05,0
#06,1.155040216
#04,0.759992036
#05,0
#01,0
#04,0.86850016
#02,0
#01,1.392875849
#01,2.688952265
#08,0.275898806
#06,0.754461619
#03,0.157673412
#03,0.157346353
#07,0
#03,0.182701736
#05,0.156000917
#01,0
#02,0
#07,0.794282261
#02,0
#04,0.355828502
#03,0
#04,0
#01,1.251698172
#01,2.960870228
#04,0
#04,1.471473445
#07,0
#03,0.457472766
#06,0
#02,0
#01,0
#01,1.006536259
#01,1.306371898
#04,1.555749519
#01,0
#04,0
#01,0.382074084
#01,1.000721889
#04,0
#01,0.801067991
#01,1.288654716
#01,0.914530658
#01,0.957919849
#06,0.442433566
#02,0
#04,0
#01,1.325400287
#01,0
#07,0
#06,1.560162615
#02,0
#05,0
#03,0
#01,1.513636054
#01,1.912641036
#03,0
#03,0
#01,2.032520578
#03,0
#01,0.988243191
#06,0.800535951
#01,0
#03,0
#02,0
#03,1.324530412
#01,0
#04,0
#03,0.541526428
#01,0
#01,0.939808538
#03,0.167184764
#05,0
#06,0
#05,0
#05,0
#01,1.70519875
#04,0.870751227
#03,0
#03,0
#07,0
#03,0
#03,0
#02,0
#01,1.277688101
#03,0
#01,1.627543414
#01,1.075058064
#03,0.362570079
#02,0
#02,0
#01,0
#07,0
#05,0
#06,0
#01,0
#03,0
#01,0
#03,1.259064273
#03,0
#01,1.058144042
#02,0.615602722
#01,0
#01,1.450539436
#02,0
#05,0
#02,0
#03,0
#03,0.170508083
#01,3.182820685
#08,2.224170001
#03,0
#07,0
#01,0
#07,0
#07,0
#04,2.583460788
#03,0.116786633
#05,1.60009629
#01,1.046908743
#03,0
#07,0
#01,2.785322386
#03,0
#02,0
#01,0.369621069
#03,0
#02,0
#03,0.361747562
#02,0.280417411
#03,0
#05,0
#05,0
#04,0
#05,0
#05,0
#02,0
#02,0.330443964
#05,0.299144699
#03,0.278274239
#02,0.440843943
#01,1.298572698
#01,3.442854179
#07,0
#08,2.217944425
#05,0
#06,0.209819554
#05,1.211908712
#01,1.123828587
#03,0.086617153
#03,0.205772462
#01,2.532810513
#04,0
#07,0.418920934
#07,0
#01,0.767858743
#02,0
#08,0
#05,0
#02,0
#01,2.076861462
#08,1.098657053
#02,0
#05,0.07665929
#02,0
#05,0
#02,0
#03,0
#01,0.912139536
#04,0
#05,0
#03,0
#01,0
#03,0.497136896
#01,0.601535434
#05,0
#03,0
#03,0
#03,0
#06,1.817489394
#01,2.62792129
#02,0
#06,0.147116147
#05,1.159012727
#07,0
#01,1.387091671
#03,0.056683584
#01,2.043540666
#03,0
#03,0
#03,0
#05,0.774613813
#01,0
#07,0
#04,1.368644594
#01,0
#08,1.101473833
#06,0.239046828
#02,0
#02,0
#06,0
#06,0.125030132
#07,0
#03,0
#01,1.111542915
#01,0
#06,0
#01,0.343073904
#04,0.474943251
#01,1.019879246
#05,0
#01,1.571621765
#07,0
#02,0
#04,0
#06,0
#06,0
#04,0
#07,0
#01,0
#01,1.351396744
#08,0.586408812
#04,0
#05,0.497252263
#02,0
#06,0.205890126
#03,0
#04,0
#04,0
#03,0
#01,1.186190056
#06,0
#08,0
#08,0
#01,0
#05,0
#01,0
#03,0
#03,0
#05,0
#02,0
#07,0
#01,0.456596766
#06,0.674092351
#03,0
#03,0
#02,0
#06,1.585347322
#01,1.530357518
#06,1.533869701
#03,2.322505346
#03,0
#02,0
#07,0
#07,0.195309239
#01,1.282537517
#03,0
#02,1.118789057
#01,0
#01,0
#01,1.449747154
#01,2.698474793
#01,2.287914063
#06,0
#05,0
#01,1.412038756
#02,0
#04,0.687509208
#07,0
#02,0
#02,0
#02,0
#01,1.583041468
#07,0
#03,0
#05,0
#01,1.046908743
#04,0
#08,0
#02,0.613741624
#04,0
#01,0.673771768
#07,0
#01,0
#02,0
#08,1.164441926
#02,0.419903254
#03,1.213201513
#03,0.517996677
#04,0
#03,0
#01,1.133114618
#06,0
#04,0.951369073
#07,0
#07,0
#02,0
#03,0.1287941
#03,0
#02,0
#01,1.911665101
#06,0.101219355
#08,0.923369312
#03,0
#03,0.169704876
#03,0
#06,0.736132999
#01,1.362035019
#01,0
#04,1.551147788
#03,0
#08,0
#06,0
#02,0
#01,2.379590078
#03,0
#08,1.427937083
#03,1.887782188
#04,1.168781185
#03,0
#07,0
#03,0
#02,0
#03,0.315720816
#03,0.25826563
#02,0.476844151
#01,2.603155617
#02,1.124749992
#01,0
#03,0
#01,2.42122167
#01,2.210938675
#02,0.592760871
#03,0.817088413
#04,0
#07,0
#01,0
#04,0.205508209
#05,0
#06,0
#01,2.653290576
#02,0
#06,1.087653821
#01,3.216274631
#05,0
#04,2.208888157
#09,0.571437136
#03,1.022138977
#10,0
#01,0
#02,0
#03,0
#07,0
#07,0
#04,0.575037287
#03,0
#07,0
#01,2.130396637
#06,1.010058744
#02,0
#01,0
#06,0.133246002
#01,0
#06,0.822254666
#06,0
#01,1.399200951
#08,0
#01,0
#06,0.141637594
#01,0
#04,1.257505869
#05,0
#01,3.20484544
#01,0
#01,0
#01,0
#01,0
#06,2.08457153
#01,0
#03,0.127868853
#01,1.787006277
#03,0
#03,1.255757557
#03,0.493132834
#01,1.341269817
#04,0.881077902
#06,0
#02,0
#01,2.130396637
#04,0
#06,2.810727923
#01,0
#01,1.474752418
#01,1.338596694
#02,0
#06,0
#02,0
#01,2.752861633
#06,0
#08,0
#08,0
#05,0.277388689
#01,0
#01,2.638416992
#09,1.269294864
#05,0
#08,2.53287399
#03,0
#07,0
#05,0
#03,0.196320736
#03,0
#01,1.786169592
#06,0
#02,0
#04,0
#05,0
#07,0
#05,0
#01,0
#02,0
#02,1.423609088
#04,0
#04,0
#02,0
#03,0
#01,0
#03,0
#01,0
#01,2.921997488
#02,0
#01,1.964493867
#02,0
#01,0
#01,0
#06,0.467375547
#02,0.233199176
#07,1.232370755
#04,0
#06,0.686564548
#03,0
#04,0
#02,1.713535376
#07,0
#04,0
#01,0
#02,0.538120507
#03,0
#01,0
#01,0
#08,0.829812093
#07,0
#01,0
#01,0
#03,0
#04,0.696989118
#03,0.209301165
#07,0
#01,2.176682368
#02,2.006672331
#03,0
#04,1.962937906
#08,0
#02,0.572033986
#02,0
#01,0.648203087
#01,1.9833894
#07,0
#02,0.396988487
#03,0.139621012
#02,0
#10,0
#01,0.56724906
#01,1.464962725
#01,0
#01,0
#03,0
#09,0.4325857
#01,1.903656814
#03,0
#04,0
#02,0
#03,0
#06,0.223879362
#01,2.232956095
#07,0
#06,0
#02,0.917236202
#02,1.917210495
#02,0
#04,0
#05,0
#01,0
#01,1.155585453
#07,0
#01,0
#02,0
#07,0
#05,0
#02,1.903898364
#01,0
#02,0
#03,0.341117931
#01,0.902702799
#01,0.48807945
#03,0.565447488
#08,0.268633679
#04,0
#03,0.374493247
#02,0.296736539
#02,0
#06,0
#04,0
#04,0
#03,1.198310509
#02,0
#05,0
#02,1.18773942
#01,2.797507136
#02,0
#02,0
#01,0
#04,0
#03,0
#07,0
#07,0
#02,1.489706444
#06,0
#02,0
#02,0.350100957
#02,0
#01,0
#08,1.083089594
#08,0
#06,0
#04,0
#01,0.427804247
#03,0.159726639
#02,0
#01,2.647528523
#01,0
#06,1.669408775
#07,0
#01,0.541697869
#04,2.623232518
#03,0
#05,0
#02,0.986136371
#05,0
#01,0.859438672
#01,0
#03,0
#03,0
#04,0
#04,0
#01,0
#03,0
#02,0
#03,0
#01,1.102180395
#06,2.015404527
#08,2.520883961
#05,0
#07,0
#05,0
#04,0
#01,1.382966108
#01,2.283152322
#03,0
#02,0.3978699
#07,0
#03,0.176264701
#01,3.329744461
#02,0
#01,2.124772965
#03,0
#02,0
#09,0.371102877
#04,0
#01,0
#02,0.221639288
#01,1.454514959
#02,0.913931664
#02,0.319423105
#03,0
#05,0
#03,0.199198556
#03,0
#01,0.43720888
#04,0.611891912
#01,0.942671319
#07,0
#07,0.828465199
#06,2.061203813
#02,0
#06,0.291738801
#02,0.461457078
#04,1.511899039
#05,0
#01,2.070037655
#03,1.033306282
#03,0.29325618
#01,1.743048646
#05,0
#03,0
#01,0
#04,0
#07,0
#02,0
#06,0
#01,0
#01,2.734447861
#03,0
#07,0
#03,0
#07,0
#04,0
#03,0
#01,0.674573809
#03,0
#04,1.878208185
#07,0
#08,0.200837271
#01,0.912139536
#03,0
#08,0
#04,1.162955928
#02,0
#05,0
#08,0
#04,0
#06,0.523443066
#07,0
#01,0
#05,0
#07,0
#05,0
#01,2.005971653
#02,0.553368546
#05,0
#01,0
#03,0
#02,0
#07,0
#05,0
#04,0.635432558
#06,0
#01,1.807354922
#03,0
#07,0
#04,0.339424743
#06,0.150385455
#02,0
#06,1.196495478
#06,0.396549253
#05,0
#04,0.928535092
#01,0.709932786
#04,0
#05,0
#02,0
#07,0
#05,0
#05,0
#08,1.614406279
#01,0
#01,0.809369535
#03,0
#03,0
#02,0.609007975
#07,0
#01,0
#06,0
#05,0
#04,0
#02,0
#02,0
#05,0
#03,0
#01,2.175891444
#03,0
#02,0
#03,0
#03,0
#08,2.225420114
#04,1.655598043
#04,0
#01,0
#06,0
#01,2.36247047
#03,0
#02,0
#06,0.953324539
#02,0.997123239
#07,0
#05,0
#06,0.256013978
#01,1.031283204
#06,0.693864471
#06,0
#01,1.958286972
#06,0
#01,0
#07,0
#05,0
#03,0
#01,1.112894056
#07,0
#08,0
#05,0
#03,0
#02,0.977801543
#05,0.156136114
#07,0
#04,0.532097813
#07,0
#04,0
#04,0
#01,0
#06,0.489584453
#03,0
#07,0
#02,0
#06,0.311629944
#01,0
#09,1.543846647
#03,0
#03,0
#05,0
#01,2.037589583
#02,0
#02,0.865279602
#01,1.491388385
#01,0
#05,0
#02,0
#02,0
#02,0
#03,0
#06,1.201209135
#02,0
#03,0
#01,1.584962501
#02,0
#07,0
#07,0
#07,0
#01,2.424065412
#01,0
#04,0
#03,0
#04,0.339947017
#05,0.09074833
#02,0
#01,1.94753258
#06,0
#01,4.107993683
#01,0
#05,0
#03,0
#01,1.758397896
#02,0.434423101
#02,0.86850016
#04,0
#03,0.168455073
#03,0
#01,0
#05,0.588713691
#02,1.044138707
#08,0
#01,2.08457153
#01,3.818504386
#01,0
#06,1.078846885
#06,0
#04,0
#06,0
#07,0
#01,1.13876407
#01,0.770167155
#03,0
#06,0
#01,2.227089537
#05,0
#08,0
#01,1.252855149
#03,0
#03,0
#01,0
#03,0
#01,0
#02,0
#06,0.150936629
#02,0
#01,2.748989407
#01,2.8815524
#02,0.253980533
#01,0
#01,3.124919855
#06,0
#07,0
#01,1.458514165
#03,0
#01,1.299197982
#05,0
#01,0
#07,0
#01,0.982297998
#02,0
#05,0
#05,0
#05,0
#03,0
#02,1.20166648
#06,0.790267092
#01,2.386350151
#03,0
#01,1.260431248
#07,0
#02,0.53589624
#07,0
#01,0
#04,0
#06,0
#03,0
#07,0
#07,0
#01,2.25507312
#03,0
#08,0.668526604
#04,0
#03,0
#01,1.192413264
#02,0
#02,0.469639468
#04,0
#05,0
#02,0
#05,0
#01,1.548401021
#02,0
#02,0
#06,0
#02,0
#01,1.366131823
#01,0
#05,0
#02,0
#02,0.817373678
#02,0
#02,0.597994176
#03,0
#06,0
#04,0
#02,0
#06,1.360307028
#03,0.291305343
#05,0.660581924
#04,0
#08,0
#04,0
#03,0.791749331
#03,0.362021317
#01,1.800301419
#01,3.576396577
#01,1.329329896
#04,0
#03,0.139851279
#02,0.378345232
#05,0
#02,0
#06,0.885036819
#03,0
#07,0
#07,0
#01,0.627014524
#02,0
#05,0
#01,0
#04,0
#10,0
#02,0
#07,0
#04,0
#04,0
#05,0
#01,3.588494192
#04,0
#02,0
#01,0
#04,0
#02,0
#01,2.065128811
#01,0
#01,0
#04,0
#06,3.251008056
#03,0
#02,0
#01,1.011681805
#02,0.786952758
#07,0.977916303
#03,0
#02,0
#01,2.061639066
#01,1.452921921
#03,0
#01,4.651794009
#03,0.238610932
#05,0
#08,0
#05,0
#02,0
#01,0.537107166
#03,0.202275705
#02,0
#07,0
#03,0
#06,0
#06,1.444432192
#01,1.469839885
#02,0
#02,0.862880278
#01,1.857302215
#04,0
#02,1.272079545
#05,0
#07,0
#01,1.42259485
#10,0
#02,0
#01,0.429472036
#06,0
#03,0
#01,0.746318593
#02,0
#01,1.562242424
#04,0.540158839
#04,0.960898305
#07,0
#03,0
#04,0
#01,0.471031746
#07,0
#01,1.169925001
#03,0
#03,1.431471363
#01,2.77807713
#07,0
#05,0
#03,1.00629259
#06,0
#01,0
#04,0.749490426
#02,0
#02,0
#01,0
#01,0
#01,1.294006823
#06,0.604604839
#08,0
#07,0
#07,0
#01,0
#05,0
#07,0
#04,2.176117353
#05,0
#02,0
#05,0
#01,1.718888001
#03,0
#01,0
#10,0
#05,1.121073858
#04,0.990006031
#03,0
#02,1.34755181
#03,0
#07,0
#01,1.418805313
#01,1.941447818
#03,0
#06,0.361686784
#01,0.5757349
#06,0.257526043
#07,0
#02,0
#03,0
#01,0
#05,0
#04,0.219678037
#05,0.424423647
#07,0
#02,0
#07,0
#03,0
#01,1.556673456
#01,2.519003674
#04,0
#01,1.970746195
#06,0
#01,0
#03,0.066348598
#03,0.162509303
#08,0
#01,3.244061423
#05,0
#07,0
#01,0
#06,0
#01,1.185159515
#01,0
#01,0
#07,0
#01,1.385653692
#06,0.441251603
#01,1.226806023
#06,1.440973229
#02,0
#04,0
#02,0
#03,0.448440426
#01,3.009083548
#01,2.479401066
#02,0
#06,0
#02,0
#06,0
#04,0
#04,0
#05,0.125881604
#02,0.812880856
#06,2.012100186
#01,0
#03,0
#06,0
#01,0
#08,0.185429418
#03,0
#05,0
#02,0
#01,3.613054808
#06,0.475860106
#06,1.219954921
#02,1.275679013
#03,0.168612755
#04,0.361110416
#03,0.302544575
#02,0.585684751
#01,2.803035473
#05,0
#06,0.384876564
#06,0
#07,0
#01,1.99622119
#02,0
#07,0
#04,1.817726606
#02,0
#01,2.009246334
#03,0
#03,0
#05,0.182424141
#01,1.540224186
#04,0
#02,0.769956712
#03,0
#03,0
#03,0.222152232
#06,0.374493247
#05,0.359257397
#01,1.282537517
#08,0.470411929
#10,0
#01,1.181056182
#05,0
#01,3.221625935
#01,1.387811865
#06,0
#02,0.944269569
#02,0
#04,0
#05,0.201822215
#05,0
#03,0.204632255
#03,0
#03,0
#04,0
#01,0
#01,0
#03,0
#01,1.728928275
#05,0
#07,0
#04,0
#07,0
#03,0
#02,0
#01,1.204003557
#06,1.064924724
#09,0.703925332
#06,0.590178894
#03,0
#07,0
#05,0
#05,0.236766275
#06,0
#03,0.170185888
#08,0.849195549
#04,1.563408127
#01,2.684630784
#01,0
#01,0.985086456
#06,0.525667091
#04,0
#01,0
#02,0
#02,0
#05,0
#05,0
#03,0
#02,0
#05,0
#03,0
#06,0.178315171
#02,0
#03,0
#04,0
#06,0
#02,0
#08,0
#10,0.308917037
#01,0.641173368
#02,0.576434229
#07,0
#03,1.597684001
#01,1.861514502
#03,0.122731254
#05,0
#02,0
#02,0.492452953
#01,0.76163445
#03,0
#07,0
#07,0
#05,0
#02,0.337351666
#01,1.414036392
#05,0.457619095
#02,0
#01,0
#04,1.148794515
#03,0
#07,0
#06,0.632742106
#07,0
#07,0
#01,0
#03,0
#03,0
#05,0
#02,1.539321472
#03,0
#05,0.096524423
#07,0
#01,1.330645312
#02,0
#03,0
#01,0.579720663
#01,1.699192252
#01,2.36923381
#04,0
#07,0
#01,0
#02,0.447598919
#05,0
#04,0
#01,2.308177125
#03,0
#05,0
#01,1.632659243
#04,0
#07,0
#01,2.64529627
#01,3.10846314
#03,0
#01,0.511867119
#01,1.437974311
#02,0.837863801
#06,0
#07,2.145565796
#04,0
#01,0
#08,0
#03,0
#03,0
#03,0
#03,0
#02,0
#02,0
#07,0
#02,0
#07,0
#03,0
#03,0
#04,0
#05,0
#01,1.229025514
#02,0
#07,0
#05,0
#01,0
#04,1.101591527
#01,1.106618029
#01,2.472650413
#03,0
#01,0
#02,0.477003253
#05,0
#01,1.538548638
#01,1.543846647
#01,2.238013991
#01,1.437974311
#05,0
#03,0
#01,0
#05,0
#07,0
#06,0.96294227
#03,1.034304806
#06,0.140423445
#07,0
#08,0
#04,0
#02,0
#06,0
#03,0
#01,1.401650193
#02,0
#07,0
#02,0
#01,0.667110499
#02,0
#01,0
#03,0
#04,0
#01,2.520883961
#04,0
#03,0.657518554
#07,0
#03,1.678674887
#03,0
#06,1.196250412
#03,0.169545142
#01,0.620712526
#02,0
#03,0.131232587
#04,0
#01,0
#02,0
#04,0
#02,0.232633901
#03,0
#03,0.160679354
#01,3.071660985
#01,0
#03,0
#05,0
#01,0
#02,0
#02,0
#05,0
#04,0
#01,0
#05,0
#01,0.714597781
#02,0.28956492
#06,0.24024379
#01,1.738313278
#06,0.374688865
#09,0.582329626
#02,0
#06,0
#05,0.19707279
#01,0.731998684
#02,0.372451591
#03,0.773656538
#08,1.599477578
#04,0.91935198
#02,1.251313017
#01,0
#07,0
#03,0
#01,2.388819979
#05,0
#05,0
#03,0
#01,0.738507759
#01,2.894104441
#08,0
#02,0.836864164
#05,0
#04,0.640450008
#02,0
#02,0
#01,2.59250405
#01,1.455312899
#06,0
#07,0
#01,1.817726606
#05,0
#04,0.815002699
#01,1.028216242
#03,0
#03,0
#04,0
#04,1.223492665
#01,0.932885804
#04,0
#01,0
#04,0
#08,0
#01,0
#05,0
#03,0
#07,0
#02,0.902411148
#05,0
#01,1.197652217
#01,1.572566499
#03,0
#06,0.340027511
#02,0
#03,0.13928376
#02,0
#01,2.283469031
#06,0.130720929
#02,0.953324539
#02,0
#07,0
#05,0
#02,0
#06,1.728811679
#03,0
#02,1.511320999
#02,0
#04,2.227507359
#03,0
#06,2.018276378
#08,0
#03,0.25131912
#07,0
#07,0
#07,0
#07,0
#02,0.626461369
#07,0
#09,1.834537459
#03,0
#03,0.773125764
#04,0
#03,0
#06,0.331894683
#05,0
#01,0
#05,0
#07,0
#01,2.318241871
#04,0.265608176
#07,0
#01,1.126782678
#06,0.906659224
#03,0
#03,0
#03,0.699055307
#03,0
#04,0
#05,0
#01,1.306118751
#06,1.364996817
#02,1.332954004
#04,2.215347919
#02,0
#05,0
#01,0
#06,0
#03,0.219009782
#03,0
#01,1.363074078
#04,0
#04,0
#07,0
#03,0.92969634
#01,0.517245809
#06,0.44890931
#03,0
#04,0.66564838
#08,0
#02,0.448580987
#05,0.142929605
#02,0
#03,0.820157784
#07,0
#03,0.218004001
#02,0
#06,1.764206623
#02,0
#03,0.888636995
#04,0
#03,0
#06,1.512606187
#05,0
#03,0
#03,0
#06,0
#03,0
#03,0.287998978
#01,2.642645028
#07,0
#02,0
#07,0
#07,0.348740255
#03,1.584001345
#02,0
#05,0
#08,1.301077693
#02,0
#03,0
#01,2.773873155
#04,1.241386551
#06,0.714688106
#02,0.734091699
#06,1.619683412
#02,0
#08,0.988796523
#01,0
#03,0
#07,0
#01,2.60929183
#07,0
#08,1.245947149
#02,0
#07,0
#01,1.410544518
#07,0
#06,0
#03,0
#03,0.263130621
#01,2.413866005
#03,0
#03,0
#01,0.946838476
#01,0
#08,1.7418621
#01,0.746318593
#01,0
#04,0
#03,0.114998314
#05,0
#04,0
#01,0
#01,0.91753784
#04,1.453717967
#03,0
#05,0
#02,0.884048312
#03,0
#04,0
#01,2.151961684
#06,1.833780827
#02,0
#06,1.439652039
#06,2.02983813
#05,0
#06,0
#02,0.757338511
#02,0
#05,0
#02,0
#03,0
#01,0
#04,0
#07,0
#06,0
#04,0
#05,0
#05,0
#02,0
#03,0
#03,0
#04,0
#01,0
#01,0
#03,0
#07,0
#04,0
#03,0.412964088
#03,0.266740879
#02,0
#04,0
#01,0
#01,1.357826968
#04,0
#06,0.802668473
#01,0
#01,1.016384712
#03,0
#03,0
#04,0
#05,0
#01,0
#04,0
#01,1.572566499
#02,0
#01,1.764720469
#04,0.413719258
#05,0
#02,0
#01,0
#01,2.294620749
#05,0
#03,0.161688851
#03,0
#04,0
#02,0
#02,0.940443155
#05,0
#03,0
#04,0
#01,1.539772685
#01,2.437613646
#02,0
#01,1.827352823
#07,0
#02,0
#01,2.143655751
#01,0
#03,0
#01,0
#01,0
#04,0
#02,1.137582222
#06,0
#01,0
#02,0
#07,0.291798009
#06,0
#07,0
#01,1.488028622
#01,2.68589141
#03,0
#01,3.201119623
#01,0.632695112
#01,0
#07,0
#05,0
#01,1.258674287
#01,2.069803283
#07,0
#04,0
#02,0
#05,0
#02,0.25167074
#01,0
#01,0.944269569
#07,0
#02,0
#02,0
#01,0.598749452
#05,0
#05,0
#01,0
#02,0
#07,0
#03,0.226878068
#06,0
#01,1.483019712
#01,0
#07,0
#03,0
#03,0
#03,0
#04,0
#02,0
#02,0
#01,1.214748986
#03,0
#07,0
#05,0.278948895
#03,0.200334468
#07,0
#06,0.439254558
#06,1.248554281
#04,0
#02,0
#05,0
#01,0
#01,1.441093467
#04,0
#03,0
#04,0
#01,2.883141993
#04,1.289475044
#05,0
#07,0
#05,0
#04,0
#01,1.559761947
#01,0.367491106
#02,0
#01,1.699192252
#07,0
#04,0
#06,0
#05,0
#02,0
#01,2.840356844
#02,0.52140303
#01,2.238859633
#05,0.956602224
#08,0
#02,0.2811575
#04,2.037589583
#06,1.076177772
#07,0
#07,0
#05,0
#01,0.485097294
#02,0
#05,0.246666868
#07,0
#04,0
#01,1.110554262
#07,0
#01,2.269164644
#03,0
#06,1.056965028
#01,0
#03,0
#02,0
#10,0
#05,0.468715887
#03,0
#08,0.993409069
#04,0
#03,0
#03,1.758236447
#05,0
#05,0
#03,0
#01,0
#02,0
#10,0
#01,1.118333269
#01,1.863352703
#03,0.781877486
#01,1.374264235
#04,0
#08,0
#01,0
#01,2.196679237
#03,0.825434198
#08,0
#04,0
#03,0
#03,0.108794653
#06,0
#05,0.665231829
#01,2.002709287
#02,0
#03,0
#01,1.063036662
#03,0
#03,0
#01,1.334608327
#02,0.593998453
#07,0.763904666
#10,1.09168069
#02,0
#02,0
#01,0
#03,0.298461512
#03,0
#06,0.348120146
#05,0
#02,0.456305518
#05,0
#04,0.777178448
#01,0
#01,0
#01,0.949421901
#04,0
#01,1.242523376
#05,0.263854489
#04,0.233463915
#06,0.610971293
#07,0
#03,0
#04,0
#05,0
#02,0
#07,0
#07,0
#01,0.522739986
#01,2.010888316
#07,0
#02,0.512970658
#03,0
#06,0
#03,0.514867034
#05,0
#02,0
#01,0.885317
#01,1.471473445
#01,0
#03,0
#03,0
#07,0
#06,0
#03,0
#05,0.135005394
#03,0
#05,0
#01,1.949060616
#04,0
#01,1.550414274
#04,0.199834181
#02,0
#08,0.969679304
#06,1.141789503
#04,2.143019959
#01,2.113629503
#03,0
#05,1.161104039
#07,0
#05,0
#01,0.555309227
#01,0
#05,0
#02,0
#03,0
#02,0
#02,0.423253115
#03,0
#03,0
#03,0
#05,0.181550637
#02,0
#01,0
#04,0
#01,0
#02,0
#02,0
#05,0
#05,0
#03,0
#05,0
#05,0.283681
#01,1.489706444
#06,0
#01,0
#05,0
#03,0
#04,0
#06,0.418187225
#07,0
#04,0
#08,0.464982319
#05,0.181230928
#07,0
#10,0
#02,0
#04,0
#01,0
#03,0
#05,0
#01,1.855113072
#02,0
#03,0
#04,0
#04,0
#02,0
#03,1.715519149
#02,0.935705037
#03,0.119052672
#01,0
#07,0
#01,0.852380238
#03,0.10562308
#04,1.276481841
#02,0
#06,0.500855654
#03,0
#03,0
#01,0
#04,0
#08,0
#08,0
#04,0.590056511
#05,0.183750294
#01,0
#06,0.599317181
#04,0
#01,2.457073631
#05,0
#04,0
#06,0
#01,0
#06,0
#03,0.148357769
#06,0
#07,0
#01,1.694718185
#07,0
#02,0.589567495
#03,0
#03,0
#04,0
#02,0
#03,0
#01,0.844421769
#03,0
#07,0
#01,0.877760689
#07,0
#04,0.692216087
#02,0.603578179
#05,0.123076981
#05,0
#06,0
#06,0
#03,0
#03,1.354125011
#02,0
#07,0
#07,0
#01,0
#06,0.312002057
#05,0
#07,0
#01,3.052984456
#04,0
#01,0.782360254
#01,3.070316705
#03,0
#02,2.283912601
#01,0
#03,0
#03,0
#01,0.668684327
#03,1.010943378
#07,1.451332657
#06,0
#07,0
#01,1.100415768
#10,0
#04,1.473384253
#05,0
#01,3.137056048
#05,0
#07,0
#01,2.64052887
#02,1.479227918
#04,0.689854466
#03,0.17551324
#07,0
#05,0
#07,0
#03,0.123182132
#03,0.941806041
#05,0.290422738
#04,0
#02,0
#01,2.472650413
#01,1.74622163
#09,0.378744818
#03,0.3095158
#05,0
#07,0
#10,0
#01,2.279991021
#07,0
#05,0
#02,1.039816553
#03,0
#07,0
#05,0
#01,0
#02,0
#01,0
#02,0.309649175
#06,0
#02,0
#01,0
#01,1.215834705
#05,0
#01,1.389977284
#05,0
#01,0
#02,0
#08,0.923206292
#01,2.405446283
#01,1.865563994
#01,1.781999348
#06,1.762769638
#07,0
#04,0
#03,0.874250584
#03,0
#03,0
#02,0
#03,0.103865726
#05,1.250111028
#01,1.122908766
#03,0
#01,0
#06,0
#09,1.339597777
#08,0
#03,0
#04,0
#07,0
#03,0
#04,0
#01,0
#05,0.300960967
#04,0
#01,1.762688458
#02,0
#08,0
#01,2.117328726
#05,0
#06,0.886851891
#09,0.457107354
#03,0
#03,0.184503297
#04,0
#03,0
#01,3.178161641
#03,0
#05,0.205596218
#04,0
#04,0
#03,0
#06,1.834426442
#03,0
#06,1.897161275
#03,0
#01,0
#08,1.269294864
#03,0
#02,0
#01,1.078846885
#06,0.529923509
#07,0
#06,0.207327607
#06,0
#05,0
#03,0.348570915
#03,0
#10,0
#05,0
#03,0
#05,0
#01,2.011710472
#03,0
#02,0
#07,0
#04,0
#01,0
#03,0
#05,0
#03,0
#01,0
#03,0
#01,1.471473445
#01,1.513636054
#05,1.780378878
#01,0.546159347
#04,1.382966108
#02,0
#01,0
#04,0
#01,1.6398814
#01,2.635783143
#07,0
#01,2.02080583
#01,0.898059611
#01,0.956602224
#01,1.877622838
#06,2.046881611
#02,0
#03,0.082316263
#01,1.959834467
#07,0
#01,1.371448231
#03,0
#05,0
#03,0.236280477
#01,2.47238133
#01,0
#01,0
#07,0
#02,0
#04,0
#04,0.958249843
#05,0
#06,0
#07,0
#02,0
#05,0
#05,0
#01,0
#02,0
#04,1.503850061
#01,2.033363379
#01,1.235735361
#03,0
#06,0
#06,1.655333366
#01,1.114248649
#08,0
#03,0.087468146
#03,0
#02,0
#01,0
#07,0
#05,0.172777386
#08,1.04433606
#07,0
#01,2.022469779
#01,0
#01,2.803035473
#04,0
#06,0
#02,0
#03,0
#06,0
#02,0.281791045
#02,0
#03,0.942224812
#06,0.233312562
#04,0
#02,0
#02,0
#01,1.371448231
#06,0.439580509
#01,2.838719093
#06,0.736645138
#08,0.844421769
#05,0
#03,0
#03,0.872189994
#07,0
#01,1.488028622
#02,0
#06,2.076252099
#06,1.206047497
#06,0
#08,0
#01,0
#02,0.981603443
#03,0.092660735
#05,0
#03,0
#03,0
#04,0.520490249
#01,3.464359983
#01,1.555749519
#05,0
#01,0
#04,2.098377686
#03,0
#05,0
#01,1.134991211
#01,1.988178969
#03,0
#04,0
#01,0
#07,0
#01,0
#04,0
#01,0
#04,0
#03,0.151094851
#08,1.965532752
#06,0
#01,2.961535307
#03,0.108133832
#10,0
#06,0.457814348
#01,2.491667767
#01,0
#05,0.302927133
#07,0
#04,0.802897649
#01,1.793309634
#01,0.611628591
#01,1.527690517
#05,0.769116118
#06,2.045326105
#06,0
#06,0.58927448
#04,1.408309545
#08,0
#01,1.88008409
#07,0
#03,0
#01,0.984387801
#02,0
#02,0
#03,0.199806461
#06,1.103064935
#04,0
#05,0
#02,1.013409176
#07,0
#02,0
#06,0.309715905
#01,1.916065792
#01,1.070464903
#03,0.209027761
#03,0
#01,0
#03,0
#01,2.070389328
#07,0
#02,0
#01,0
#01,2.385528257
#01,0.862348954
#04,0.680243004
#02,0
#03,0
#08,0
#01,0.566346823
#06,0.323644424
#01,2.132907297
#03,0
#02,0
#04,0.456014644
#07,0
#04,0
#02,0
#04,0
#04,0.369383182
#06,0.209422908
#02,1.033209758
#04,1.455312899
#01,1.343282177
#02,0.912736105
#01,2.206161151
#05,0
#01,0.997840815
#05,0.205978463
#03,0
#01,1.437974311
#03,0
#05,0
#06,2.399261711
#01,2.233797185
#02,0.361656403
#02,0.372258314
#01,0
#01,0
#05,0
#01,1.12659757
#02,0
#01,0
#02,0
#04,0.335617291
#02,0
#01,0
#01,1.335271287
#03,0
#01,0
#02,0
#04,0
#05,0
#05,0
#03,0.161417207
#02,0
#01,0
#07,0
#02,0
#02,0
#04,0
#07,0
#08,1.379933698
#04,0
#04,2.148758131
#01,2.612373617
#03,0
#07,0
#07,0
#01,0
#02,0.671218234
#04,0.486087251
#01,2.359586221
#01,0
#01,1.117422862
#03,0
#04,0.231139841
#06,0
#04,0
#05,0
#06,0
#05,0.288461186
#02,0
#06,0.668278907
#01,1.337264405
#04,0
#08,0
#07,0
#01,1.964493867
#06,0.589404672
#05,0
#06,0
#07,0
#07,0
#03,0.183563003
#01,0.630354404
#02,0
#02,1.833538854
#04,1.114700949
#07,0
#08,0
#01,2.360546687
#04,0
#03,0
#03,0
#05,0
#02,0
#04,0
#04,0
#01,0
#02,0.289798365
#07,0
#06,0.165419227
#02,0
#02,0
#01,1.569736026
#01,0
#04,0.309849454
#06,0.237117291
#02,0
#10,0
#06,0
#05,0
#07,0
#01,0
#03,0
#07,0
#06,0
#02,0
#01,1.063036662
#01,1.977835068
#05,0
#02,0
#01,1.472564676
#04,0
#01,2.198702928
#07,0
#03,0
#04,0
#03,0
#03,0
#02,0
#07,0
#04,0
#03,0.246793765
#03,0
#05,0
#02,1.522093365
#03,0
#03,0
#03,0
#05,0
#08,1.209351021
#01,2.258769205
#02,0
#01,2.130396637
#01,0.522357292
#03,0
#08,0.902469462
#04,0
#01,0.606668828
#01,1.205069046
#05,0
#01,0
#01,3.413121454
#02,0
#07,0
#07,0
#05,1.385653692
#02,0
#02,0
#01,0
#01,2.093551339
#03,0
#03,0
#06,0
#07,0
#01,0
#02,0
#09,1.343356833
#02,0
#01,1.515377425
#06,0
#01,0
#01,0
#08,0.937909995
#01,2.702578176
#01,3.162256173
#01,1.654892445
#03,0
#04,0.379747508
#03,0.456014644
#01,2.546131789
#07,0
#01,0.491267706
#04,0
#01,2.460612703
#03,0
#01,0.677315351
#01,3.439917863
#03,0
#05,0
#05,0
#01,0
#02,0
#03,0.20818173
#03,0
#03,0
#01,1.915435705
#03,0
#02,0
#03,0
#02,0
#01,1.924441738
#05,0
#01,1.208277512
#01,2.933037787
#06,0.712257491
#03,0
#01,0
#02,0
#01,1.352532089
#03,0
#01,1.474067991
#01,1.897640692
#06,1.141967996
#01,1.382787334
#05,1.226114173
#05,0
#01,3.325569296
#02,0
#04,0
#06,0
#03,0
#05,0.126633439
#01,0
#01,1.458514165
#05,0
#07,0
#04,0.302671986
#04,0
#02,0
#02,0
#07,0
#07,0
#01,1.010206071
#04,0
#06,0.734664645
#04,0
#02,0.616939109
#05,0
#04,0
#01,0
#08,0
#01,2.003252163
#03,0
#01,0.496560871
#03,0
#01,0
#01,1.415037499
#04,0
#01,0
#06,0.532395708
#04,0.877210322
#03,0
#04,0
#03,0.547207579
#03,0
#03,0
#02,0
#01,2.907672332
#02,1.277084668
#03,0
#02,0.553798621
#03,0
#07,0
#04,0
#03,0
#02,0
#08,0
#01,0.39060746
#01,0
#04,0.723747092
#04,1.395787459
#02,0
#04,0.326093196
#03,0.156764468
#01,0
#06,0.820077968
#02,0
#01,0.469485283
#03,0.274084986
#01,0.629376544
#04,0.875563478
#02,0.871926539
#06,1.448692233
#05,0
#03,0
#06,1.426049644
#07,0
#06,1.409798678
#02,0
#07,0
#03,0
#04,0
#01,0
#02,0
#03,0
#05,0
#07,0
#07,0
#01,0.896906507
#04,0
#03,0
#03,0.134916953
#07,0
#01,1.360307028
#03,0
#06,0
#02,0
#06,1.507163297
#02,0
#01,0
#06,0
#04,0
#06,1.08846926
#03,0
#08,0
#05,0.191594587
#01,0
#07,0
#04,0
#10,0
#02,1.550047802
#01,1.889148136
#01,1.541128058
#06,0
#03,0
#02,0
#01,1.597249086
#01,3.390621746
#01,1.013903839
#05,0
#01,0
#04,0
#02,0.477003253
#03,0
#01,0
#05,0
#04,0.074613061
#03,0
#01,0
#01,0
#04,0
#09,0.721990364
#03,0
#04,0.529857901
#02,0
#03,0.276163678
#01,1.859222529
#08,0.890051533
#01,0
#05,0
#06,0.998919195
#05,0
#07,0
#01,0
#07,0
#03,0
#08,0
#01,3.004842215
#02,0
#01,0.353115014
#01,0
#07,0
#01,2.308177125
#01,2.400011815
#02,0
#01,0
#01,1.926424741
#02,0
#01,2.248639639
#02,0
#07,0
#01,0
#03,0
#07,0
#06,0.629348651
#02,1.272877558
#03,0.462576284
#01,1.234611663
#01,1.185159515
#04,0
#06,0
#03,0
#01,2.035896657
#03,0
#01,0.541183874
#07,0
#05,0
#08,1.095157233
#07,0
#06,0
#01,0.70252685
#01,0
#01,0.830917448
#03,0
#02,0.380654505
#06,0
#06,0
#02,0.224893482
#06,0
#02,0
#03,0
#06,0.214124805
#01,0
#05,0
#04,1.174957079
#01,0
#01,1.704821959
#06,2.349558253
#01,1.268105395
#06,0
#07,0
#04,0
#03,0
#02,0.612683258
#01,1.738313278
#01,0.719325763
#05,0.878311769
#01,1.452126818
#02,0.596990143
#01,0
#06,0
#08,1.63781073
#01,0
#07,0
#03,0
#01,0
#02,0.331053237
#01,0
#01,2.243666046
#03,0
#07,0
#03,1.215834705
#01,0
#01,1.242523376
#06,0.971815654
#04,0
#06,0
#03,0.235565152
#01,0.499862389
#04,0
#02,0
#03,0
#01,2.727767349
#06,2.174377406
#01,0.569745292
#05,0
#03,0
#03,0.769896607
#01,1.00873481
#02,0
#02,0.605119499
#04,0
#02,0
#01,0
#03,0
#02,0
#02,0
#03,1.455500787
#03,0.10737695
#03,0
#01,0.588348543
#02,0
#03,0.152404902
#03,0.080546426
#02,0
#07,0
#02,0.680678924
#05,0
#04,0
#03,0
#01,2.222297964
#02,0.487746273
#06,0
#03,0
#02,1.280107919
#01,0
#03,0.349546887
#02,0
#05,0
#03,0
#05,0
#01,0
#01,0
#03,0
#03,0.112882693
#02,0
#03,0
#05,0
#01,1.337264405
#02,0
#03,0
#03,0
#02,0
#03,0
#03,0
#01,0
#01,2.13227898
#03,0.241777299
#05,1.357552005
#01,0.947482966
#06,0
#02,0
#06,0.353071589
#01,1.840219556
#01,0.570201546
#06,0.545706374
#06,1.503681965
#02,0
#05,0.292987257
#04,0
#07,0
#06,1.308361775
#02,0
#06,1.46357569
#06,0.054306349
#01,0
#05,0
#07,0.718959806
#03,0
#03,0
#01,1.896682133
#02,1.409798678
#02,0
#04,0.82110082
#01,1.522386836
#02,0
#02,0
#06,0
#07,0
#06,0
#06,1.478708192
#03,0.235951274
#06,1.811228624
#09,0
#02,0
#06,0
#01,2.684237147
#01,0
#08,1.26632563
#02,0.547207579
#05,0
#07,0
#04,0.329761217
#05,0.146369217
#01,0.468102199
#03,0.139068773
#07,0
#01,3.288643503
#05,0
#04,0
#01,1.575408194
#04,0
#03,0
#01,0
#03,1.583787928
#06,0.713948131
#01,2.259386629
#03,0
#03,0
#05,1.832019532
#05,0
#02,0
#05,0
#02,0
#01,1.475848937
#03,0.69170864
#06,1.282912174
#06,0
#02,0.162326261
#01,1.337930194
#08,0
#06,0
#03,0
