Cluster,Ray scUPlcmUP
#04,5
#07,0
#03,1.456428886
#03,0.607518698
#01,0
#03,1.431827507
#06,0.328441734
#07,0.770377715
#02,0.905162698
#06,2.010010626
#04,0.752689946
#06,2.51206833
#03,2.233554918
#01,0.894609441
#03,1.159015639
#06,0.65935624
#02,1.727903455
#04,0.895050395
#02,0
#05,1.238080568
#04,2.700230269
#01,1.794065968
#04,1.422007601
#05,1.490666031
#02,0.528353449
#05,1.032591898
#01,0
#01,0
#02,1.073002024
#04,2.281320814
#02,0.471342273
#01,0.516123624
#06,2.324711279
#01,3.102295575
#04,1.404601507
#03,1.732845193
#02,2.808058122
#02,1.173301137
#05,3.740911669
#06,0.698692062
#02,1.245169719
#02,0.508223057
#02,1.551757336
#02,1.04269383
#04,0.905043032
#01,1.156073756
#06,0.914068685
#05,0.435745188
#07,2.163617213
#02,1.852384859
#07,0
#06,0.920151773
#03,3.235173968
#03,3.628462331
#02,0
#01,1.502973717
#05,1.926629156
#06,0.396150944
#03,1.589398132
#01,0
#02,0
#07,0
#02,0.500212499
#01,0.828395284
#02,1.316742049
#07,0
#02,1.501731839
#04,0
#06,0.903691438
#04,4.681563453
#04,2.689267758
#01,1.708219775
#03,1.980931757
#05,1.010318762
#02,0.409814638
#06,1.153686021
#04,0
#01,0
#02,2.057842182
#04,0.516855396
#02,0.569745292
#01,1.505379893
#05,1.034116872
#01,0.879416071
#02,0
#05,0.742066177
#02,0.86120006
#01,0
#03,1.99993905
#02,1.44527519
#01,1.882905955
#01,1.770438171
#04,0.755728457
#06,0.892279926
#05,1.092195946
#01,0
#06,0.824088415
#04,0.807045895
#01,0
#02,1.664800538
#02,2.111021984
#01,0
#01,0
#03,0
#02,0
#03,2.020777111
#07,1.026689878
#03,1.502204099
#02,1.262245638
#03,2.495558233
#07,0.695276782
#02,1.000721889
#05,2.342805931
#01,1.808644079
#03,0.707665859
#01,0.555742362
#05,1.107166998
#06,1.242466581
#06,0.198457535
#07,1.4287038
#01,0
#03,3.42312523
#02,0.572954688
#03,1.296118536
#02,0
#03,3.76813955
#06,2.159025376
#05,0
#04,0.895012898
#01,2.065647694
#02,0
#04,1.430239906
#05,0.5890793
#03,1.90459265
#02,5
#06,0.164719655
#07,0.852045393
#03,0.472865041
#07,0
#04,0.654144048
#07,0
#01,0
#06,0.845766683
#03,1.118649073
#01,0
#04,0.873922994
#03,1.309247429
#03,1.219688178
#01,0
#01,1.888578717
#02,0.828465199
#02,0.772489819
#07,0
#05,0
#02,0.185668387
#02,5
#07,0
#02,0
#05,0
#05,0.918459327
#06,1.879128373
#05,0
#03,1.978753889
#03,1.281393592
#01,0
#07,0
#03,0.667404443
#03,0.933291745
#02,0.667581855
#05,1.428436434
#02,0
#01,0
#01,1.066324759
#03,0.497858827
#07,0
#01,3.548595247
#04,4.314221732
#01,1.219104226
#07,0
#02,2.577043416
#06,0.666301294
#06,1.625102914
#05,2.364857244
#07,0.953324539
#04,0
#01,2.335849739
#02,0
#04,1.324095932
#03,1.012762701
#03,0.555161529
#06,0.272269159
#04,4.887208426
#05,0.624906513
#01,0
#09,0.344555738
#05,1.7962595
#01,0.396439597
#07,0
#02,0.456305518
#01,0
#07,0
#01,0
#03,3.137993075
#05,0.687974923
#01,5
#02,1.1704061
#07,0
#05,1.08452085
#02,1.385571743
#03,3.257600832
#02,1.191469377
#01,0.96724966
#06,1.368373759
#02,0
#02,0.920538527
#03,1.526082187
#01,0
#01,2.754956562
#01,1.694694316
#01,0
#03,1.857191858
#01,1.412067469
#05,0.328441734
#06,2.478499787
#03,1.637526752
#05,0.346384429
#02,0.93804668
#02,2.04557274
#08,5
#04,1.532377547
#02,1.518809267
#02,0
#02,0.429214601
#03,1.289090361
#03,2.357197345
#03,3.76239445
#01,1.417341168
#02,1.074214332
#05,3.550123544
#03,2.525432484
#01,0
#02,0.616247193
#06,0.929748212
#01,0
#01,0.520832163
#03,2.109993765
#02,0.867356382
#06,1.382391019
#03,0.956655216
#03,1.237240287
#05,0.376625438
#03,0.387441371
#07,0.356801455
#01,1.104838487
#02,2.614258538
#01,2.512679507
#07,0.298090183
#04,0.383504353
#02,0
#02,0
#07,0
#01,1.342610672
#03,3.524109804
#03,2.365911071
#07,1.606712809
#05,0.324506319
#05,1.516468003
#07,0.579013234
#03,1.603133102
#05,0.473684457
#01,2.475978553
#03,2.288155688
#07,0
#01,0
#02,0
#01,2.489607338
#02,1.514270358
#08,5
#02,1.026943944
#03,5
#08,5
#04,0.50931076
#04,0
#01,0
#02,1.137346162
#01,0
#02,0
#01,0.512970658
#07,0
#02,0.593750518
#06,1.25906274
#02,2.289869941
#01,1.244803669
#02,2.648075552
#04,5
#06,0.915825321
#03,3.42453313
#04,0
#05,0.820980429
#02,4.91309831
#04,3.8075548
#03,0
#05,0.928965519
#02,1.461148002
#03,2.525184655
#07,1.298572698
#04,0.766803668
#01,2.249499983
#03,3.379506473
#04,0.63251869
#01,0
#02,1.227713204
#05,0
#02,0.53269394
#01,0
#05,0.580029562
#01,1.333946071
#04,1.73936235
#03,1.146601779
#07,0
#04,2.125437668
#04,0.465512009
#02,1.608672894
#02,1.660023179
#02,2.249394869
#01,0
#03,1.488339032
#07,0
#01,0.877760689
#07,0
#07,0
#03,2.130208134
#02,0.631475744
#02,1.128207792
#03,1.669158683
#01,0.995691301
#05,1.809447371
#02,0.443576102
#06,0.708734377
#06,0.94177448
#03,2.229659684
#01,1.365853238
#01,0
#07,0
#01,0.930394533
#05,0.583284251
#02,1.61303466
#04,1.249966954
#06,0.821901298
#02,1.100753701
#03,2.967880481
#03,4.55714639
#03,2.962869065
#07,0
#01,0
#02,0.419534341
#06,1.941068967
#06,1.315644404
#01,1.482444953
#07,0
#07,0
#02,2.83904763
#05,0.679349552
#05,1.256667701
#01,0
#05,0
#01,0.505524226
#07,0
#04,1.285332473
#01,5
#04,0
#04,2.247174796
#01,5
#02,2.507488497
#04,1.851033609
#02,0
#06,1.39537359
#01,0
#02,2.281320814
#01,0.47594785
#01,0.932885804
#03,1.511034393
#06,1.227918899
#02,0.62454649
#02,1.00873481
#08,5
#06,1.352100356
#03,0.792726562
#07,0
#04,1.907575246
#05,0.290794738
#06,0.405120349
#04,1.160506298
#03,2.691281355
#02,0.443576102
#03,2.515299649
#01,1.373684229
#07,0
#06,0.162667967
#05,0
#01,0
#07,0
#01,0.612155464
#04,0.543869176
#01,0.518938365
#01,1.056523605
#02,0.370336585
#05,3.427049271
#01,0.805658269
#06,0.511928301
#07,0
#04,1.404601507
#01,0
#01,0
#07,2.184629194
#03,1.583724579
#03,0.984435097
#08,4.041291587
#01,0.942352341
#03,3.44209637
#06,0.794730975
#04,0
#07,0
#02,0.51463501
#01,0
#03,4.524875262
#06,0.172364047
#02,1.057098384
#06,0.369621946
#03,1.96475019
#06,0.462202607
#02,0.643499324
#03,1.547820167
#02,1.326956271
#06,0.476213488
#03,1.221672739
#02,1.527690517
#03,1.752110693
#07,0
#05,1.44436104
#07,0.471653213
#02,1.659742365
#02,5
#01,1.325400287
#06,1.431228475
#02,0
#02,0.512602278
#02,2.628040615
#03,3.113198664
#08,4.980613674
#04,0
#01,1.184041658
#02,1.025928465
#05,1.879836556
#06,1.24458471
#02,1.291933355
#03,2.169667656
#02,0
#03,2.863985523
#05,1.248711364
#02,0
#05,0.675269711
#02,0
#02,1.920831753
#03,1.653006296
#04,0
#02,2.472771771
#02,0.75389698
#02,2.022126778
#03,0.817518088
#05,0.808316193
#09,1.146862107
#01,1.410544518
#04,1.926424741
#01,0
#03,1.103390421
#02,1.126869044
#02,0.877633957
#06,0.500740997
#07,0
#01,0.72635192
#01,1.503278703
#10,2.136356336
#04,1.606092235
#09,0.811926158
#07,0
#10,1.033595969
#02,0.538171852
#03,1.541284429
#06,1.032843842
#07,0
#06,0.172570469
#05,0.862976708
#05,0.413659538
#03,2.670014112
#06,2.280603595
#02,1.36654993
#06,1.21375213
#05,3.677750888
#02,1.064612298
#05,0.612419246
#03,1.328714403
#07,0
#02,0.980814549
#04,0.808903709
#02,2.171632511
#02,1.338748407
#01,0.887427213
#03,2.31149356
#08,5
#05,0
#05,2.775686578
#04,0
#03,0.843719924
#01,0
#01,0.197952979
#04,2.284327587
#02,3.591676391
#01,1.156073756
#01,0
#01,0.986486859
#02,0
#01,0.471497691
#02,1.6301372
#02,0.391033544
#08,5
#01,1.520627859
#07,0
#04,2.907435935
#07,1.726292385
#01,0
#04,0
#09,0.299147936
#01,0.823605035
#03,2.888454598
#05,0.929262434
#05,0.257111888
#01,0
#01,3.519877185
#02,2.749986122
#01,2.481862966
#03,1.432921117
#01,0
#02,2.665517879
#07,0
#03,3.679096001
#01,0
#02,5
#06,2.781041716
#01,0
#07,0
#01,0.773337984
#03,1.338091574
#04,0
#05,3.376111987
#05,0.718065453
#01,0.401885495
#01,5
#01,0
#01,2.607186042
#07,0
#01,0
#01,0.797455921
#02,0.508585103
#01,2.22650853
#07,0
#03,4.157374234
#04,0
#01,1.312479031
#02,1.400320658
#01,1.929408032
#04,0
#01,1.231205444
#08,5
#01,0.928907689
#05,1.120223274
#04,1.152401856
#08,5
#02,0.381768993
#06,0.98593987
#07,0
#03,5
#04,1.048780226
#03,2.537315691
#02,3.335862036
#02,0
#01,0
#01,2.768756887
#03,1.594496717
#01,0
#04,0
#01,0
#07,0.87790305
#05,0.775075134
#03,2.539853407
#03,1.597524007
#02,1.037368704
#05,0.497942419
#03,1.254661543
#03,0.899588961
#02,0.913193532
#07,0
#03,2.827150288
#01,0
#03,0.939653351
#05,1.996415412
#03,2.036834013
#03,1.854846456
#02,0.605377163
#03,0.586650569
#07,1.301077693
#01,0
#02,0.949745856
#02,5
#04,0
#01,3.312221843
#05,1.713264086
#05,1.386270141
#03,0.778897888
#05,3.386860866
#07,0
#02,0.704275841
#03,0.80541317
#01,1.725438006
#09,0.826150541
#05,2.062636214
#02,1.696450586
#01,0.809835912
#01,0
#05,0.419288761
#05,0
#03,0.772406829
#05,0.705535827
#02,0.465815235
#01,2.298630279
#01,1.219060546
#03,3.346382456
#01,1.504994196
#01,0.712796169
#03,1.968308086
#04,1.153802813
#02,2.238013991
#02,0.52466199
#06,2.230023561
#06,0.79056866
#05,0.405690893
#01,2.534144363
#07,0.910354654
#06,1.982196161
#10,0
#05,1.275980653
#04,0
#04,2.708896269
#02,4.831098922
#03,3.918653198
#06,0.93189003
#01,1.443796292
#06,1.744537897
#07,0
#05,0
#06,0.422966797
#05,2.80532544
#01,1.463344795
#05,2.86947534
#02,0
#04,0
#02,1.284358559
#03,1.832297565
#01,0
#02,3.418345409
#02,0
#03,1.601620838
#03,1.297895791
#07,0
#09,1.313229593
#05,1.934538188
#02,1.064863954
#01,0.875015945
#03,2.338631891
#08,5
#05,0.812296977
#03,1.831117544
#02,3.60610983
#06,1.184851045
#02,0
#06,0.658128913
#01,0
#01,0
#01,3.455553036
#02,0
#07,1.045479971
#07,0.648795979
#02,1.69375597
#02,0.549104694
#03,2.233820182
#06,0.44989719
#06,0.605976104
#01,0
#06,1.015202095
#07,0
#01,5
#03,1.122605655
#02,0.512050709
#05,0.781881016
#06,0.766032177
#02,1.719194993
#02,0.524469147
#02,3.510785944
#05,0
#01,0.453327514
#04,5
#05,1.431093641
#02,0.955600741
#01,0.562544522
#02,2.810972444
#02,0.57480513
#01,0
#08,5
#03,2.611496938
#01,2.029293552
#06,0.656139418
#03,1.18207403
#05,0.985075964
#02,0.842027851
#01,0
#02,0.442752877
#06,0.681426506
#01,0
#04,0
#02,0.917292102
#02,4.876263222
#01,0
#02,5
#01,0.153019741
#07,0
#01,0
#04,0.387965462
#03,0
#02,1.845416767
#02,0.556176181
#01,0.546578151
#01,0
#04,0
#02,3.182374542
#07,0.279111301
#01,0
#07,0.813586876
#03,0.514074664
#05,1.551277864
#04,0
#01,1.017532643
#01,0
#02,2.741794991
#02,5
#02,0
#01,0
#02,5
#10,0.373838842
#01,2.292778974
#01,0
#05,0
#01,0
#03,2.340093451
#03,2.813685305
#07,0
#03,1.66006315
#06,1.100545595
#03,1.602073678
#06,0.790474799
#01,1.218012319
#03,2.395492519
#07,0
#02,5
#01,4.572495261
#01,0.96123043
#02,2.166564074
#03,1.676656237
#07,0
#03,1.302172992
#04,2.190314466
#08,5
#05,0.268433169
#05,0.514449581
#07,0.828465199
#07,0
#05,0.613744629
#05,0
#07,0
#03,2.967512439
#03,1.935994074
#08,5
#05,0.541389354
#02,2.816563653
#05,1.094263513
#05,0.664627973
#01,0
#05,1.840933178
#03,0.493672186
#05,1.371747815
#02,5
#01,0
#01,3.213890906
#05,0.792484602
#02,2.293665082
#03,4.050467615
#02,0
#04,2.999720917
#03,1.052055625
#01,0.593750518
#04,1.028107502
#06,0.515644148
#03,2.550822053
#05,1.892487544
#03,0.204806847
#06,0.442732833
#06,0.256287573
#01,0.998559466
#02,0.49160576
#06,0.461953828
#01,0.898059611
#07,0
#03,1.503690414
#03,1.593281826
#06,0.49923503
#03,2.420435842
#01,2.285688951
#04,0
#03,1.715202386
#03,2.438646948
#07,0
#05,0
#04,1.229033147
#02,4.413223224
#07,0
#01,0.734664645
#02,3.250583181
#04,1.041613464
#02,1.41788632
#02,0.498989278
#07,0
#02,0.795180208
#05,0.76774582
#04,1.789922919
#01,1.459458504
#01,1.987102779
#01,2.018939766
#07,0.703225382
#05,0.6377163
#04,0
#01,0
#02,4.972498233
#02,0.928304805
#05,3.214630807
#06,0.512492308
#02,1.144473079
#01,4.658894554
#06,0.795445448
#01,3.405031533
#01,0
#03,1.271680938
#01,1.127523752
#07,0.932261693
#01,0.756728849
#08,5
#01,0
#07,0
#03,0.609930434
#01,2.645588637
#05,2.248679429
#04,0
#07,0
#08,5
#04,0.663985353
#04,0.611891912
#05,1.049709954
#02,0.567023227
#01,1.139711409
#01,0
#06,0.697067325
#01,1.041383921
#01,0
#02,0
#07,0
#06,0.933000441
#01,0.519505042
#03,3.216477924
#06,0.488731241
#04,0.41491731
#07,1.085507015
#03,0.814445634
#06,0
#01,2.682539634
#05,1.011853005
#04,2.38287586
#05,0.757756405
#07,1.109753549
#03,1.425577719
#04,0.748827357
#05,0
#03,0.855433733
#02,0.522166157
#06,1.399493629
#01,0
#02,1.438142111
#07,0
#03,3.058951077
#06,0.637146475
#06,1.109833817
#03,1.832620035
#01,0.5854438
#04,0
#04,1.221294271
#03,1.270742301
#06,0
#01,0.738894331
#02,1.241386551
#01,0.411580227
#04,0
#01,2.215053319
#09,0
#02,1.724248668
#04,0
#01,0
#07,0
#02,0
#02,0.476631629
#07,0
#01,0.734664645
#06,0.803392437
#02,1.132922333
#03,1.550445735
#06,1.498780661
#02,0
#01,3.586652427
#04,0.576317555
#06,1.984209847
#01,0
#07,0.814530196
#02,1.796248357
#01,0.842392716
#07,0.72635192
#05,0.70252685
#01,0.867961687
#02,1.486827507
#02,0.586408812
#04,5
#01,0.668053889
#02,3.639604868
#04,1.244760988
#02,1.23012145
#07,0
#04,2.387043074
#02,1.799335026
#06,0.380221786
#02,0
#01,1.773130444
#08,5
#07,0
#07,0.568835001
#02,0
#01,0
#02,0.805658269
#03,1.803161465
#01,0
#06,0.914385452
#01,2.481862966
#05,3.135667445
#03,3.033032603
#07,0.811507279
#02,0.291502209
#05,0.955311011
#03,1.510626721
#07,0.534090171
#05,1.746108087
#07,0
#02,1.999042659
#05,0.9254871
#01,0
#01,3.273593502
#04,0
#03,1.900614414
#04,2.353965434
#01,0.91983137
#07,0
#07,0.711898834
#05,1.949311493
#01,3.571750495
#01,5
#04,1.435728425
#07,1.039647094
#01,0
#09,0.88097455
#04,0.681552474
#07,0
#04,1.25181841
#01,1.167753701
#01,0
#02,0.479885515
#03,1.987719923
#02,2.162021565
#02,0.503031309
#05,1.736911036
#01,0
#03,2.053529883
#02,2.09084791
#01,0
#01,0.458499058
#01,0.813586876
#04,0.394322883
#06,0.372935666
#09,0.199253667
#03,1.46533834
#01,0
#06,4.104124113
#05,0.655391333
#07,0.488914408
#03,0.933634085
#03,1.259438706
#02,5
#01,1.489706444
#06,2.539084885
#01,1.309926997
#05,1.699592591
#01,1.22459501
#06,1.330876079
#03,1.846652238
#01,1.212583692
#02,2.82255428
#03,0
#01,0
#05,1.876362378
#05,2.566084508
#08,4.855188087
#03,0.625382218
#02,0.547283539
#07,0.388385763
#03,1.897604578
#06,1.282755013
#07,0
#02,1.076317908
#02,2.079609422
#01,1.288654716
#02,0.562322466
#03,2.950250096
#04,1.111484724
#01,1.10454248
#06,2.005492927
#06,0.972341511
#02,1.02927002
#07,0
#03,1.732222163
#01,0.555309227
#02,0
#03,0.653067109
#03,0.353567447
#01,0
#08,5
#04,1.198178789
#02,1.729563309
#02,1.775773597
#05,3.96045443
#07,0.971985624
#01,0
#01,2.10003479
#01,0
#07,0.429086
#06,1.384371234
#02,2.56880407
#01,0
#07,0.428106915
#01,0
#03,1.357892595
#07,0.579947395
#02,1.223783824
#08,5
#04,0.252376947
#02,0.716095041
#05,0.55233912
#03,2.010689811
#05,0
#09,0.369098122
#02,0
#01,3.075153113
#01,0
#03,1.70803665
#06,0.273002011
#05,3.010271851
#01,0
#06,1.079692642
#01,0.49364399
#01,0
#01,1.334608327
#06,0.746898176
#04,5
#02,2.167403302
#01,0.849538659
#03,2.925615019
#01,0.780192591
#05,0.849640043
#03,0.851151907
#02,4.307095975
#01,5
#02,2.851523087
#05,1.390972331
#01,1.375686499
#02,1.295381307
#05,3.092040923
#03,3.957315065
#03,2.573647059
#02,2.956688761
#07,0
#01,1.053298226
#01,0
#01,0
#07,0.531701144
#03,0.816508054
#06,0.831964681
#01,4.178627548
#06,1.300926941
#03,2.534868933
#03,3.219220287
#03,0.28085551
#05,0.882503205
#02,1.024788549
#03,2.062532998
#09,0.709220604
#03,2.328964919
#03,3.224116213
#01,0.793386391
#01,1.806624017
#07,0.493985355
#02,1.069634188
#04,2.998048262
#01,1.404302253
#03,1.906035145
#06,2.496281082
#01,0.695618563
#03,1.875172654
#06,2.547590873
#06,0.798944168
#04,0.645842499
#07,0
#03,2.312756216
#01,1.595773163
#07,1.252855149
#04,1.006062618
#04,1.478079347
#06,1.180290143
#03,2.414405268
#06,0.796571023
#06,2.174143076
#05,1.847637702
#02,1.569641823
#01,2.493681919
#07,0.498119241
#02,0.463851355
#02,0
#07,0
#02,1.494357722
#05,5
#01,0
#07,1.320491297
#01,0
#02,0.49968752
#07,0
#02,0
#02,1.099480055
#06,0.514323702
#03,1.972395442
#01,1.582082869
#01,0
#03,1.317214651
#02,0.421509459
#02,2.827558682
#07,1.137215776
#01,0.874469118
#08,5
#06,0.621669595
#01,1.797960888
#03,1.863990425
#06,1.455157019
#07,0
#07,0
#05,0.552939147
#01,1.276481841
#01,1.082663752
#05,1.261899369
#02,0.662433927
#01,0
#04,1.241386551
#04,0
#04,0
#05,2.645472223
#01,0
#07,0
#01,0
#06,0.734218989
#04,2.514719832
#02,0.407368278
#02,0.870119717
#02,0.866886801
#01,2.438208452
#03,1.522393573
#05,0.83372199
#02,1.935846587
#05,1.377078662
#01,1.728367356
#01,1.684379867
#06,1.634251144
#03,5
#02,1.627876662
#02,2.804813199
#01,1.391424942
#06,0.941564553
#01,0.958580073
#07,0
#07,0
#03,1.758523586
#10,0
#06,0.326537933
#05,0.930572024
#02,0.333203583
#05,0
#01,0.771643556
#02,1.207669024
#10,1.638845342
#06,2.362818526
#03,0.904231319
#02,4.69037749
#06,0.583907566
#03,1.230024317
#06,0.933988563
#07,0.603058291
#06,0
#05,1.173128402
#05,2.28001305
#02,0.488747185
#03,1.347837388
#02,2.174706333
#02,1.977280268
#02,2.483980578
#07,0
#02,0.883303775
#01,0
#02,4.117392781
#01,0
#01,0
#06,0.783230779
#04,0
#01,0
#01,1.646128296
#02,3.503950946
#01,1.13687435
#04,3.102484189
#06,1.689543451
#06,2.337550287
#02,0.960415876
#07,1.567855244
#04,5
#01,1.258674287
#02,1.851076614
#05,0
#01,0.8963311
#04,2.275070555
#05,1.260244794
#08,3.401111725
#05,2.070517732
#07,0
#06,0
#09,1.881031842
#03,2.060138057
#06,0.493485556
#03,1.10729052
#02,2.332260012
#04,0
#04,0.464022077
#07,0
#01,0.41491731
#02,2.079713735
#01,0
#06,0.576858842
#01,1.094285925
#04,1.647610719
#01,5
#03,2.640156789
#03,2.10118989
#04,0
#01,1.504135917
#03,3.909031674
#01,1.427171255
#01,0
#02,1.023651268
#01,4.545530662
#07,0
#01,0
#01,0
#01,2.708896269
#02,1.038632021
#04,1.221878229
#02,1.160859692
#02,2.395423455
#02,5
#03,0
#05,1.146989318
#02,0.747504809
#02,5
#02,0.912029287
#05,0.731240606
#03,0.51230958
#06,0.191574299
#01,0.46295057
#01,0
#04,3.894631003
#01,2.146621137
#02,0.612155464
#01,0
#01,1.921819495
#01,0
#02,0.59724083
#03,5
#06,0.357648352
#04,0.784977795
#04,3.629713247
#05,0.389123498
#06,1.714017465
#07,0
#04,1.142643767
#01,0
#05,1.009446701
#06,0.235026703
#09,1.860427912
#06,1.047519462
#06,1.544880668
#05,0
#07,0
#03,0.672186171
#01,0.790711166
#03,1.385671227
#06,1.291613391
#05,1.135438326
#07,0
#05,5
#03,3.160399581
#03,2.98509613
#01,1.556211338
#03,3.858448336
#02,1.696951937
#06,0.779221927
#01,2.224311382
#01,1.694718185
#04,0
#01,0
#01,0.857859752
#08,5
#01,1.43486972
#01,0.8963311
#04,1.693797776
#04,0
#02,0
#09,0.488906165
#03,3.961400886
#03,2.074953235
#07,1.079692642
#05,2.841247798
#03,2.19404245
#01,1.82559404
#04,0
#05,0.811428969
#01,1.103038308
#07,0
#01,0
#02,5
#03,0.829426079
#01,2.301374909
#03,0.732420428
#02,1.322974274
#04,1.484351497
#06,0.940443155
#02,3.298875146
#03,2.872104718
#01,0
#04,0.636857945
#07,2.005788147
#07,0.458499058
#02,1.677038429
#01,0.809835912
#01,0
#02,5
#02,1.291817241
#08,5
#02,0.604347842
#07,0
#01,1.789192948
#06,0.765356574
#07,0
#02,1.304030819
#01,1.382787334
#01,1.252855149
#04,0
#05,5
#04,3.567284523
#01,0.67473445
#04,1.176603072
#06,0.813926814
#01,0
#02,5
#01,2.391101618
#07,0
#04,0
#04,0.998200006
#05,0.590652708
#08,5
#02,1.081698249
#02,2.124149879
#05,1.034952527
#01,0.626461369
#03,0.454565863
#07,0.900587369
#03,1.074226386
#03,2.050917698
#01,0
#07,0
#01,1.147350226
#02,5
#01,0
#06,0.661245532
#01,1.26337113
#08,5
#03,2.669542663
#02,0
#08,4.625984896
#07,0
#02,2.94010323
#02,3.343910051
#02,0
#01,0
#04,1.745758377
#01,0
#02,0
#02,3.626628955
#02,3.167280979
#06,0.419394697
#04,2.622573439
#01,0.887790496
#05,0.207761281
#01,0
#06,0.589323295
#01,0
#08,5
#05,1.456231258
#03,1.75918925
#02,5
#02,5
#07,0
#03,3.243489678
#01,0
#02,1.904919779
#01,1.189293063
#06,1.105106326
#05,1.171503257
#06,0.282304372
#01,0.800611912
#04,0.85576379
#04,2.246022825
#05,2.243752462
#05,2.579460439
#08,5
#01,0
#01,5
#01,0
#04,0
#02,1.325400287
#01,0
#01,0
#03,2.181710604
#04,2.126275156
#06,0.865564582
#03,1.998229486
#05,2.367530957
#04,1.464962725
#07,0
#04,1.724923529
#03,1.865425614
#03,0.496996625
#07,0
#05,0.682560144
#01,0
#01,3.13928269
#02,0.867532196
#03,2.424231394
#01,0
#03,1.220395532
#01,1.619095186
#03,0.794394391
#03,1.628715584
#04,0.602107514
#01,0
#07,0
#03,3.242968068
#01,1.411700187
#02,1.6369659
#02,2.833941381
#02,0.421385465
#01,0
#07,0
#03,1.635716313
#04,1.661322431
#07,0.416364226
#05,1.944269163
#01,1.46658454
#01,0
#06,0.818359945
#01,0
#02,0
#01,5
#06,0
#07,1.791512909
#01,5
#01,1.237989276
#06,0.904068323
#01,0.664607997
#01,0
#07,1.412772776
#01,1.114700949
#02,0
#01,2.583280538
#04,0.740444764
#05,0.885851851
#08,4.683711113
#06,0.571874596
#03,2.045618411
#08,3.4328127
#06,1.082497428
#04,0.62011865
#06,3.249353545
#08,5
#05,0.567697965
#02,2.51212646
#07,0.767858743
#03,2.8413428
#06,1.963556661
#01,0.807973706
#04,5
#06,0.382379666
#02,0
#02,0
#01,1.517123172
#02,1.783663953
#02,3.191895064
#02,2.481966405
#04,0.849688401
#06,1.756526066
#05,1.913800855
#01,0
#03,3.043938873
#03,1.953495034
#02,0.910057875
#01,0.619089623
#02,0
#05,1.101060748
#06,0.859663576
#04,5
#01,0.677315351
#02,0.364596596
#07,1.190331212
#02,0
#01,0
#07,0.626737823
#06,0.519883521
#06,0.787833792
#02,1.199013332
#01,0.490930121
#01,0
#01,0
#02,4.897038451
#02,0
#03,2.445914585
#02,0.419411515
#02,1.501938635
#08,5
#05,0.863606056
#07,0
#03,1.677637137
#01,0
#02,0.395673712
#05,0.261030066
#04,0
#01,0.569383795
#08,5
#03,1.81347573
#03,2.623688656
#08,5
#04,0
#03,1.17666777
#01,0
#04,3.020332725
#03,1.341165853
#01,1.469329289
#07,0
#07,0
#02,0.277388689
#01,0
#05,0.755577395
#03,2.086274904
#04,1.296077969
#05,1.788253475
#03,3.073956207
#07,0
#02,0
#01,0.470876637
#07,0
#08,5
#01,0.931638445
#02,1.911311446
#03,2.395018682
#03,3.265606608
#01,0
#07,1.20053165
#07,0
#03,2.657882671
#01,1.04453349
#01,0
#02,1.048257825
#03,2.116505399
#08,5
#03,1.036772148
#01,0.977457431
#03,2.183597289
#01,1.281321492
#02,0
#01,0
#02,2.358587505
#02,0.926500879
#05,1.328336877
#03,2.356813561
#06,0.264242187
#05,1.127314935
#03,1.810711542
#05,0.557789604
#06,1.180480209
#05,0.569289778
#01,1.545664875
#01,0
#04,1.043978556
#03,0.834404903
#01,0
#01,0
#03,2.927472481
#05,0.352508038
#07,0
#05,1.322559781
#01,1.888844087
#08,5
#02,0.306479696
#01,2.741953758
#07,0
#06,1.009565371
#07,0
#05,0.554676557
#02,0.918390297
#07,0
#02,0.545532356
#01,0
#03,1.404676132
#04,1.371590623
#06,1.203372102
#08,4.030970115
#04,4.451576226
#05,1.158302848
#02,1.927479604
#05,0.7906335
#02,1.412262641
#01,0.659966929
#01,1.103064935
#03,0.722025783
#07,0
#01,1.437188458
#04,2.388346165
#06,1.221893826
#06,1.12511646
#07,0
#02,2.168383809
#07,0.347558331
#07,0.898288245
#05,2.141584266
#06,1.539434776
#01,2.714658263
#06,0.531516166
#02,1.57346563
#05,0.872832853
#05,0.935463468
#02,0
#07,0.85108619
#05,1.503946645
#02,3.287221037
#01,5
#02,1.432490863
#05,0.275265187
#06,1.14131708
#01,0
#04,4.112678771
#08,5
#01,1.398712209
#03,2.721023252
#02,0.856025208
#01,1.095157233
#06,0.607855907
#02,0.905392535
#02,0
#04,2.21066964
#03,2.532488221
#03,2.500410225
#05,2.879064122
#03,1.39961997
#01,0
#05,0.906216033
#08,5
#03,1.377453241
#01,1.930469164
#03,2.99086109
#08,5
#03,2.138446278
#01,0
#02,0.507500526
#08,0.976063997
#02,0.413122841
#01,0
#07,0
#06,0.926679314
#07,0
#09,0.939957357
#01,2.58718688
#03,1.691941578
#02,0
#02,0.811238357
#03,1.285187137
#04,4.33172231
#07,1.487131327
#07,0
#02,3.022465042
#01,0.739281317
#08,5
#02,0
#03,1.491152945
#10,0
#01,0
#01,1.002894073
#02,1.508423216
#01,1.721963431
#01,2.00605298
#01,0
#01,0
#04,2.232366679
#08,5
#02,1.362230828
#05,1.147350226
#01,0
#04,0.099063893
#03,1.97375225
#04,0.914300815
#05,0
#06,1.82608631
#03,1.780933577
#06,0
#03,2.139939729
#07,0
#07,0.647386575
#01,0
#01,2.860024964
#03,1.002952089
#03,1.059989486
#07,0
#01,0.699400886
#02,1.291422471
#05,0.867251079
#01,1.494764692
#01,1.102180395
#02,2.479926402
#08,5
#02,0
#01,0.841887019
#03,1.74505263
#06,0
#05,0.944834365
#01,0
#03,1.807380938
#03,2.916854223
#05,3.176262462
#01,1.601828732
#06,0.678409842
#02,4.459540155
#05,1.464271291
#06,0.464867934
#06,1.277214462
#08,5
#06,1.702758689
#06,1.554686221
#01,0
#01,1.127523752
#01,1.165135971
#03,1.643082008
#04,1.324964978
#05,1.872603027
#01,0.764526221
#05,0
#04,0
#06,0.742248243
#07,1.331523804
#03,2.094958133
#04,0
#07,0.21582569
#05,2.644320908
#04,0
#04,0
#03,1.354035233
#04,1.708552328
#03,2.090021479
#02,2.164887622
#06,0.712421686
#02,0.417699522
#02,0
#07,0
#03,3.278239096
#03,5
#04,1.950597376
#01,0
#02,1.711820486
#01,1.996632578
#02,4.234742654
#01,0
#01,2.703320736
#07,1.345301015
#02,0.547102572
#08,2.915969811
#04,1.530713147
#06,0.227343806
#06,0.606843101
#03,1.604020821
#01,0
#02,1.38284556
#02,0
#02,2.157954666
#03,2.312775795
#04,1.273511415
#02,0
#06,1.462684662
#08,5
#04,0.383709557
#02,1.979305881
#02,0.609791764
#04,1.530357518
#06,0.992223086
#07,0.60129248
#01,0.582329626
#01,2.907435935
#02,2.48756222
#01,0.975398027
#01,0.857334771
#04,1.689861207
#08,2.581519953
#02,4.620522306
#02,2.270245616
#03,1.488222881
#04,0.400873968
#07,1.419561476
#03,1.194860056
#05,0.287193679
#01,1.569736026
#03,0.727800634
#01,0
#07,0
#02,3.988579367
#03,1.348177254
#04,1.221167933
#05,0.302099481
#04,0.335967583
#04,1.197652217
#07,1.096029996
#04,0
#06,1.133967527
#06,1.720056737
#04,0
#01,0
#03,2.328938012
#01,1.275278002
#01,0
#01,0
#06,3.273373978
#03,4.13718453
#06,0.784121935
#03,2.032626339
#02,5
#02,1.849065108
#06,0.934144402
#06,1.537955811
#05,1.53285395
#01,0
#05,0.300248533
#05,0.96893557
#04,0.288403329
#01,0
#09,0.359985323
#02,0.804582384
#04,2.086360285
#01,1.741321907
#01,0
#01,3.470885288
#07,0
#01,0
#01,4.858368243
#07,1.155097584
#06,0.350145832
#02,0
#02,2.38197014
#03,1.928460608
#01,0.463700978
#01,0
#04,0
#06,0.715380232
#02,1.033915318
#03,0.9122281
#07,1.045323991
#07,0
#01,1.407052472
#01,1.213665317
#01,1.013903839
#02,1.39198684
#06,1.23690378
#06,0
#05,1.571317465
#07,0
#05,1.133315012
#06,2.311029901
#05,5
#02,0
#05,2.961120888
#03,0.776642245
#03,0.450984196
#03,1.709686466
#01,0
#01,0
#07,0
#02,2.609779213
#02,1.190331212
#06,0.949425147
#05,1.709484672
#07,0
#01,0
#05,2.85067517
#01,1.546879633
#01,0.905043032
#02,1.648831701
#04,0
#03,3.533360532
#03,1.90160911
#01,2.271488308
#03,1.773948821
#04,2.95940148
#05,0.500415872
#07,0
#02,0.562766755
#03,1.053678758
#02,0.964664885
#02,0.588348543
#05,0.821751313
#01,0
#02,2.511957816
#04,3.400567838
#05,1.585746436
#01,0.635432558
#06,0.549528084
#04,2.851007729
#03,0.701119726
#01,1.02745247
#04,5
#02,0.506600276
#06,0.795267046
#02,0
#06,0.985500336
#07,0
#01,0.276854739
#02,3.045365392
#02,0
#01,1.145691217
#01,2.039285782
#01,0.542832143
#06,0.594706486
#02,0.602299817
#07,3.099361949
#03,2.74181126
#02,0
#04,1.276170136
#05,0.695504597
#06,0.295052918
#04,2.015167969
#05,0.766950283
#01,1.367247386
#04,1.661267143
#02,1.151791539
#01,0
#01,2.43029437
#08,2.670213546
#06,0.350271795
#03,2.067212856
#03,2.091845358
#07,0.432716424
#03,1.072093099
#05,0.624003667
#01,0
#02,5
#07,0
#02,0
#04,2.064342569
#03,1.660964143
#04,0.500212499
#01,2.503396344
#01,1.081093793
#04,1.789218882
#04,2.94294689
#07,0
#03,2.192548897
#06,1.669319172
#02,4.053665246
#01,0.641753253
#01,0
#01,0
#04,0
#01,0
#04,0.97883539
#01,0.382074084
#01,0
#04,0
#01,0
#01,1.288654716
#01,0
#01,1.915839697
#06,0.727183776
#02,0.342011629
#04,3.682762698
#01,0.809835912
#01,0
#07,0
#06,0.454389426
#02,0.509856377
#05,0.238769255
#03,1.527512922
#01,1.893676952
#01,2.449927788
#03,1.651824738
#03,1.333086603
#01,0
#03,0.458166256
#01,0.577135283
#06,1.066571775
#01,1.725438006
#03,0
#02,3.077134226
#03,2.266224848
#01,0.615869529
#04,0
#03,1.560371441
#01,2.785751699
#01,0.939808538
#03,0.936872946
#05,0
#06,0.264923416
#05,3.127658368
#05,0
#01,0
#04,0
#03,0.262554388
#03,1.116401854
#07,0
#03,2.895555044
#03,3.212793981
#02,1.062217945
#01,1.277688101
#03,1.084835878
#01,2.064105852
#01,0.635432558
#03,2.625003487
#02,2.075242716
#02,1.612449246
#01,1.280107919
#07,0.876660665
#05,1.089454337
#06,2.4444889
#01,1.234414187
#03,1.581909436
#01,0
#03,0.903033601
#03,0.482640118
#01,1.058144042
#02,1.846808166
#01,1.567855244
#01,0
#02,1.298062757
#05,1.652997675
#02,1.922539842
#03,1.007414482
#03,1.540708439
#01,1.007268
#08,5
#03,5
#07,0
#01,1.43486972
#07,0
#07,1.474752418
#04,1.168924033
#03,1.601463617
#05,0.390989565
#01,0.616403848
#03,1.214463694
#07,0
#01,0
#03,2.038271154
#02,0
#01,0.566236569
#03,1.862137577
#02,0.836614638
#03,3.22419235
#02,2.448788772
#03,5
#05,0
#05,0
#04,0.808114357
#05,2.0843328
#05,0
#02,0.485426827
#02,1.260015744
#05,2.951797342
#03,1.149646229
#02,2.437762276
#01,0
#01,0
#07,1.567855244
#08,0.791155752
#05,0.40369651
#06,0.555453529
#05,2.498669898
#01,1.315144097
#03,1.9672106
#03,1.96983499
#01,5
#04,3.156616419
#07,0
#07,0
#01,2.034184373
#02,2.238230551
#08,5
#05,0.836846686
#02,2.999078659
#01,1.051693234
#08,5
#02,5
#05,0.510970275
#02,5
#05,0
#02,1.386159922
#03,2.143655751
#01,0.912139536
#04,0.836863014
#05,0.681298868
#03,1.784588902
#01,0.584962501
#03,1.616529385
#01,1.024788549
#05,1.523681188
#03,1.521414887
#03,2.477947453
#03,3.497372661
#06,0.298090183
#01,0
#02,5
#06,0.427725057
#05,2.318025453
#07,1.351674647
#01,1.864581663
#03,1.886638954
#01,0
#03,0.718107383
#03,2.402636713
#03,2.973427085
#05,0
#01,2.426711127
#07,0
#04,0
#01,1.540224186
#08,5
#06,0.683104571
#02,1.969282187
#02,3.042904525
#06,1.625906572
#06,0.125030132
#07,0
#03,0.721746619
#01,0
#01,5
#06,0.267933205
#01,0.852293842
#04,0.949886502
#01,1.019879246
#05,0.325871284
#01,0
#07,0
#02,0
#04,1.849259034
#06,1.248107453
#06,0.324936049
#04,0.431780809
#07,1.524150259
#01,1.567501513
#01,0.828465199
#08,5
#04,0.495355597
#05,0.497252263
#02,0
#06,0.546159347
#03,1.853293252
#04,0
#04,1.652055548
#03,1.628279019
#01,1.186190056
#06,0.276425426
#08,5
#08,4.913448584
#01,0
#05,1.03462734
#01,1.718121058
#03,0.567613842
#03,2.368304328
#05,1.990714632
#02,0
#07,0
#01,0
#06,0.674092351
#03,2.676086894
#03,1.280812069
#02,0.839870456
#06,1.538114246
#01,1.918482481
#06,0.325096973
#03,3.393434195
#03,0.548576383
#02,2.257309514
#07,0.663674477
#07,0.36730297
#01,1.282537517
#03,1.062525161
#02,1.784020886
#01,0
#01,0
#01,0
#01,0
#01,1.198178789
#06,2.482891144
#05,1.802042881
#01,0
#02,0.681552474
#04,2.98992958
#07,0
#02,0.440979745
#02,2.459654752
#02,2.056206486
#01,1.471626564
#07,0
#03,0.748498026
#05,0.539749924
#01,4.787900797
#04,1.130446211
#08,5
#02,0
#04,0
#01,1.805016301
#07,0
#01,1.992995304
#02,0.318009178
#08,5
#02,3.011720709
#03,0.710205101
#03,1.313200005
#04,1.207669024
#03,1.343456912
#01,0
#06,0.657518554
#04,0.951369073
#07,0
#07,0
#02,1.185016129
#03,2.133893977
#03,2.35087541
#02,0
#01,0.757541956
#06,1.84471818
#08,5
#03,1.796041628
#03,2.881383641
#03,0.940443155
#06,0.566312173
#01,0
#01,0
#04,0
#03,1.50923517
#08,5
#06,1.383299699
#02,0.607187061
#01,0.60926901
#03,2.650586505
#08,0.883862057
#03,3.460441426
#04,0.440030897
#03,1.500901599
#07,0
#03,1.865077563
#02,1.630358598
#03,5
#03,0.25826563
#02,0.476844151
#01,0
#02,1.124749992
#01,0
#03,2.025756421
#01,1.139034886
#01,0.682537951
#02,0.592760871
#03,0.891195481
#04,0
#07,0.291738801
#01,1.140660407
#04,0.205508209
#05,0.28713633
#06,0.331637869
#01,2.178662656
#02,1.17732104
#06,2.882058586
#01,0.671218234
#05,2.81497178
#04,0.480407395
#09,1.038298157
#03,0.852298909
#10,1.166739169
#01,1.026689878
#02,5
#03,1.745333918
#07,0
#07,1.049113775
#04,1.304013252
#03,1.817060437
#07,0
#01,0
#06,1.013683713
#02,1.158497699
#01,0.600773016
#06,1.304112722
#01,5
#06,0
#06,2.480707376
#01,2.527290234
#08,5
#01,0
#06,0
#01,0
#04,1.5232689
#05,1.117197217
#01,1.963974898
#01,0
#01,0.857334771
#01,0.997840815
#01,0
#06,1.894774725
#01,2.82323598
#03,0.922506559
#01,0
#03,1.881202429
#03,2.879571792
#03,2.01214576
#01,0
#04,4.067350499
#06,1.652536644
#02,2.080497562
#01,0
#04,0
#06,0.995935931
#01,2.842152832
#01,1.343709537
#01,0
#02,0.365991419
#06,0
#02,0.886102478
#01,1.103064935
#06,4.651142397
#08,5
#08,5
#05,0.290701665
#01,5
#01,0
#09,0
#05,1.577036905
#08,5
#03,1.448247229
#07,1.621268298
#05,0.664723307
#03,2.454690043
#03,1.653552794
#01,1.396517411
#06,1.926979922
#02,2.89076221
#04,0
#05,1.858785662
#07,0
#05,1.021553784
#01,0.989300111
#02,2.25873242
#02,0
#04,0
#04,0.444402419
#02,1.022634295
#03,2.678633072
#01,0
#03,1.130622612
#01,0
#01,0
#02,1.125446372
#01,0
#02,0.964899582
#01,3.432182364
#01,0.53110726
#06,0.891086916
#02,3.348933401
#07,2.464741511
#04,1.219934135
#06,1.670368433
#03,0.948572971
#04,0.562976227
#02,0.464604714
#07,0
#04,1.461730735
#01,0.44634261
#02,0.538120507
#03,2.398736211
#01,0
#01,5
#08,5
#07,1.550933527
#01,0
#01,0
#03,3.203266709
#04,1.164938149
#03,1.717181798
#07,0
#01,0
#02,1.034491619
#03,1.341896368
#04,0
#08,5
#02,0.572033986
#02,0.563880592
#01,1.296406175
#01,1.30865495
#07,0
#02,2.541462514
#03,1.896547125
#02,1.006901991
#10,0.527962403
#01,1.540596667
#01,5
#01,2.29855359
#01,2.44245351
#03,3.390233036
#09,0.595144386
#01,1.611740316
#03,2.475382187
#04,0
#02,2.803255889
#03,2.879463347
#06,2.162230985
#01,0
#07,0.762458384
#06,0.239923427
#02,0
#02,1.03184798
#02,1.138124594
#04,0.650247563
#05,1.028838692
#01,0
#01,0
#07,0.690190835
#01,0
#02,4.02434929
#07,1.553905244
#05,2.849711366
#02,4.09248363
#01,2.281320814
#02,0.716408711
#03,2.567129037
#01,0.902702799
#01,0.976158901
#03,0.565447488
#08,2.315912096
#04,5
#03,0.748986494
#02,0.542728829
#02,2.165725514
#06,0.418619767
#04,1.097779902
#04,1.54203309
#03,2.13487059
#02,1.916671616
#05,0
#02,0.712796169
#01,0
#02,0.845756505
#02,2.464325683
#01,1.193457178
#04,0
#03,1.086956933
#07,0
#07,0
#02,0.479607023
#06,0.961708195
#02,0.439625506
#02,2.715848668
#02,5
#01,0
#08,5
#08,5
#06,1.423943027
#04,2.733517915
#01,0
#03,1.363806616
#02,2.515168381
#01,0.610315428
#01,0.990712998
#06,1.102493348
#07,0
#01,1.675646372
#04,3.035770365
#03,1.373442978
#05,0.613348598
#02,1.56187127
#05,1.692587878
#01,0.985585314
#01,1.741289539
#03,1.134148505
#03,1.498895568
#04,4.390992023
#04,0.9034142
#01,0
#03,2.299851255
#02,2.067258469
#03,1.750125822
#01,1.381225713
#06,0.601389297
#08,5
#05,1.741041893
#07,0
#05,0.6142722
#04,1.76928816
#01,1.015981066
#01,1.682548466
#03,2.218440936
#02,0.709398513
#07,0
#03,1.949078896
#01,1.004347653
#02,0.488246211
#01,0
#03,1.477075778
#02,0
#09,0.666013298
#04,1.950796054
#01,0.604604839
#02,0.804843866
#01,1.80657337
#02,0
#02,0.638846209
#03,1.188325935
#05,1.656059453
#03,0.904451998
#03,2.10371268
#01,0
#04,0.611891912
#01,1.489668926
#07,0
#07,0.828465199
#06,0.69682007
#02,0
#06,0.863075884
#02,1.384371234
#04,0
#05,2.813825425
#01,3.060032662
#03,2.51399596
#03,4.565748039
#01,1.120158763
#05,1.949592397
#03,0
#01,0
#04,0.613476685
#07,0
#02,1.653926201
#06,0.648725925
#01,1.525918146
#01,0.957919849
#03,1.58584742
#07,0.29710449
#03,0.776143796
#07,0
#04,4.629101691
#03,5
#01,1.050933761
#03,2.787390199
#04,3.368939433
#07,0
#08,0.979613785
#01,0.912139536
#03,2.027881699
#08,5
#04,0
#02,1.361689044
#05,0.910525468
#08,4.177064
#04,2.457414868
#06,1.285283659
#07,0
#01,2.235903217
#05,1.145300077
#07,0
#05,0
#01,0
#02,0
#05,2.399272756
#01,0
#03,0.720303509
#02,3.811143788
#07,0
#05,0.478729695
#04,1.270865115
#06,1.763819469
#01,3.417852515
#03,1.421677362
#07,0
#04,0.339424743
#06,0.410989998
#02,1.010690665
#06,0.350556779
#06,0.881928936
#05,1.476658436
#04,1.075429414
#01,0.709932786
#04,0
#05,0.36995463
#02,2.186804449
#07,0
#05,0.726220309
#05,1.679074298
#08,5
#01,0
#01,1.429316179
#03,1.277045557
#03,3.407691597
#02,0.609007975
#07,1.230139623
#01,2.7133704
#06,3.50687175
#05,5
#04,0.854413997
#02,2.334943685
#02,4.823404361
#05,0.273589721
#03,2.488786647
#01,1.53739305
#03,2.271991759
#02,0.608486584
#03,1.985218807
#03,1.258812952
#08,5
#04,0
#04,1.601500656
#01,2.464741511
#06,1.364999784
#01,0.870660954
#03,3.465226514
#02,0.960898305
#06,0
#02,0.583045298
#07,0
#05,0.258126633
#06,0.512027956
#01,0
#06,0.527221025
#06,0.980217388
#01,0
#06,0.331741373
#01,0
#07,0
#05,0.382430644
#03,2.081404767
#01,5
#07,0.871745509
#08,5
#05,5
#03,2.247493824
#02,3.51457599
#05,0.878496466
#07,0
#04,0
#07,0
#04,0
#04,1.814007045
#01,1.534825195
#06,1.833628062
#03,2.809436781
#07,2.013072517
#02,2.365214729
#06,1.085426096
#01,1.124749992
#09,0.85471996
#03,1.728781047
#03,1.799112231
#05,1.531580761
#01,0
#02,0.484603841
#02,1.792887854
#01,0
#01,0
#05,1.175941277
#02,1.493836803
#02,1.869526671
#02,2.351169599
#03,0.591037015
#06,1.195890051
#02,2.290011801
#03,1.691976367
#01,0
#02,0.508404015
#07,0.738956599
#07,1.351399875
#07,0.359122561
#01,1.296077969
#01,1.54075543
#04,1.350716518
#03,4.17794359
#04,0.879836873
#05,2.006397853
#02,1.72463824
#01,0
#06,0.809453462
#01,0
#01,1.651164714
#05,1.467284671
#03,3.018137031
#01,1.124644932
#02,0.434423101
#02,0.498640895
#04,0
#03,1.329551502
#03,0.690544446
#01,0
#05,0.666532944
#02,0
#08,5
#01,0
#01,0
#01,0
#06,0.579596731
#06,0
#04,0.878863562
#06,0.848363143
#07,1.468210254
#01,1.13876407
#01,0
#03,2.461907025
#06,1.299420593
#01,0
#05,1.278236062
#08,3.449195576
#01,0
#03,2.029331098
#03,0.717499772
#01,0
#03,1.346796967
#01,0
#02,1.061400545
#06,0.633617495
#02,1.229025514
#01,0
#01,1.896163315
#02,1.015922133
#01,5
#01,0
#06,1.978290384
#07,0
#01,0.906217854
#03,2.004988492
#01,0.791155752
#05,0.968791959
#01,0
#07,0.711361538
#01,1.964595997
#02,0.815199995
#05,1.28758255
#05,1.439337143
#05,1.96646043
#03,2.330313206
#02,0.666871284
#06,2.995900695
#01,1.040599621
#03,3.123215217
#01,0.763697711
#07,1.938421751
#02,1.07179248
#07,0
#01,0
#04,1.949136704
#06,0.528268062
#03,2.523641867
#07,0
#07,0.612419246
#01,2.988778596
#03,1.036035673
#08,5
#04,4.545886613
#03,3.212662776
#01,1.230495319
#02,2.900800036
#02,0.469639468
#04,1.080972845
#05,1.501540895
#02,0.86155323
#05,2.461879394
#01,0
#02,0.527571942
#02,1.290440801
#06,1.100277337
#02,0
#01,2.324084163
#01,0
#05,2.927988577
#02,5
#02,1.306448695
#02,0
#02,0.597994176
#03,1.398441121
#06,0
#04,0.93633393
#02,0.445786529
#06,0.231623297
#03,0.712499205
#05,0
#04,0
#08,5
#04,0
#03,3.241596387
#03,2.184282247
#01,0
#01,1.49645909
#01,0
#04,0
#03,1.832324096
#02,0.378345232
#05,1.069899701
#02,5
#06,2.375240901
#03,1.742238966
#07,0
#07,0.807509527
#01,0
#02,1.002168923
#05,0
#01,0.670900427
#04,0.22436779
#10,0.810069307
#02,0.587410973
#07,2.364158403
#04,1.195149505
#04,0.663053611
#05,0
#01,1.90971664
#04,0.584482003
#02,2.498266334
#01,1.11019521
#04,0.571460068
#02,2.766831253
#01,2.065128811
#01,1.61041097
#01,0
#04,1.202752438
#06,0.380657501
#03,1.489458152
#02,5
#01,1.011681805
#02,0
#07,0.719325763
#03,2.57989436
#02,0.497772083
#01,0
#01,1.56135686
#03,1.485364045
#01,0
#03,1.40267491
#05,0
#08,5
#05,1.114066951
#02,0.922374745
#01,1.464715417
#03,2.119126872
#02,1.635699148
#07,2.545104288
#03,3.499875783
#06,0.41509762
#06,0.666917534
#01,0
#02,1.156615106
#02,0.862880278
#01,0.608486584
#04,0.34251909
#02,1.114963529
#05,2.035657762
#07,0
#01,2.124772965
#10,0
#02,1.074214332
#01,0
#06,0.368340123
#03,1.518654868
#01,1.492637186
#02,2.850792502
#01,0.723376529
#04,0
#04,0.960898305
#07,0
#03,2.797794889
#04,0
#01,0.471031746
#07,0.308320596
#01,0
#03,0.578430916
#03,1.621468877
#01,1.562242424
#07,1.296077969
#05,2.695485135
#03,1.402514325
#06,2.238464433
#01,2.492752345
#04,1.24025193
#02,0.879139727
#02,1.032438237
#01,2.149277602
#01,0.373810198
#01,0.569517443
#06,0.604604839
#08,5
#07,0.194281921
#07,0
#01,0
#05,0.450310682
#07,0
#04,1.590271856
#05,2.385755004
#02,1.968748117
#05,2.144441049
#01,0
#03,2.969271235
#01,0
#10,1.223492665
#05,1.121073858
#04,0
#03,0.992948595
#02,2.219892667
#03,1.459017438
#07,0
#01,3.508841286
#01,2.550556003
#03,0.954877424
#06,1.413714697
#01,0.31639862
#06,0.977429371
#07,0.525434799
#02,5
#03,1.785729259
#01,1.254267213
#05,0.818158989
#04,0.990477226
#05,0.311529767
#07,0
#02,0.606668828
#07,0
#03,1.128505537
#01,0
#01,0
#04,1.029428875
#01,0
#06,0.537300868
#01,0
#03,1.47285682
#03,1.769940561
#08,5
#01,0
#05,0.697450874
#07,0
#01,0.9044568
#06,0
#01,0
#01,0.789823528
#01,0.579013234
#07,0
#01,1.053298226
#06,3.004502138
#01,1.226806023
#06,0.178779799
#02,0
#04,0
#02,1.122872034
#03,0.613897638
#01,2.511051143
#01,0
#02,0.580193257
#06,0.558912189
#02,5
#06,0.698995324
#04,0
#04,5
#05,0
#02,1.738781996
#06,0.641135103
#01,1.083089594
#03,3.166384344
#06,0.756221563
#01,1.177998302
#08,4.014049561
#03,3.93663595
#05,3.629189844
#02,2.884609789
#01,3.044773672
#06,0.325671409
#06,0.529202728
#02,1.678355449
#03,1.23781288
#04,2.743816435
#03,1.516806712
#02,1.171369502
#01,0
#05,5
#06,0.792524965
#06,1.857177039
#07,0
#01,1.318905839
#02,0.664919764
#07,0
#04,1.177998302
#02,0.869044786
#01,0
#03,0.982621443
#03,1.750453522
#05,0.672344312
#01,0
#04,1.193481588
#02,0.769956712
#03,2.149395055
#03,1.507555157
#03,0.858921607
#06,2.090713373
#05,2.244384345
#01,1.558657933
#08,1.411235788
#10,1.51887331
#01,0
#05,0.246034342
#01,0
#01,1.387811865
#06,0.245740275
#02,1.49231867
#02,1.645312285
#04,0.975622088
#05,2.091821548
#05,2.352862353
#03,1.095940058
#03,1.654685412
#03,0.993182395
#04,0
#01,0.504274655
#01,0
#03,1.393123409
#01,0
#05,1.730561922
#07,1.348002938
#04,0
#07,0
#03,1.939273605
#02,0.53509202
#01,0
#06,1.656770401
#09,0.77974862
#06,0.761844789
#03,1.053589276
#07,0.849024101
#05,0.419780211
#05,0.236766275
#06,0.525588354
#03,1.248357781
#08,5
#04,0.889721096
#01,2.77746075
#01,0
#01,0
#06,0.732762463
#04,1.175968978
#01,0.510585707
#02,0.449085495
#02,1.195201332
#05,1.238332871
#05,2.143533124
#03,2.840248376
#02,5
#05,0.354335292
#03,1.098027153
#06,0.836569564
#02,0.759992036
#03,1.398726389
#04,0
#06,0.376656408
#02,2.974377801
#08,5
#10,0.617834075
#01,0.641173368
#02,5
#07,0.373129651
#03,5
#01,0.909168735
#03,0.561212229
#05,0.838807715
#02,2.071480836
#02,2.093756835
#01,1.5232689
#03,1.983327223
#07,0.819758863
#07,0
#05,3.239903037
#02,1.558506871
#01,0
#05,0.91523819
#02,2.778906373
#01,1.381358932
#04,0
#03,2.751294163
#07,0
#06,0.628063885
#07,0
#07,0
#01,0
#03,0.84111711
#03,0.96885115
#05,0.426790027
#02,0
#03,2.137891109
#05,0.28351824
#07,0
#01,0
#02,0.576667722
#03,3.02405684
#01,0.579720663
#01,0
#01,1.256339753
#04,1.568313584
#07,2.361015929
#01,0
#02,0
#05,1.80806202
#04,1.223783824
#01,0
#03,1.241386551
#05,0
#01,0
#04,0.910868031
#07,0.700093091
#01,1.21042655
#01,2.346472509
#03,1.402469659
#01,0.511867119
#01,2.875948621
#02,2.202325939
#06,0.96739984
#07,0
#04,0.844930604
#01,0
#08,5
#03,0.870660954
#03,1.71044135
#03,1.949982883
#03,1.783691528
#02,0.335303873
#02,0
#07,0.574043404
#02,1.068180342
#07,0
#03,0.647962648
#03,2.623384827
#04,0.907986004
#05,1.085790058
#01,0
#02,2.587589595
#07,1.202940059
#05,0.96516367
#01,1.288654716
#04,0.466727311
#01,1.106618029
#01,0.649687386
#03,3.648176698
#01,0
#02,1.311875481
#05,0.445335122
#01,0
#01,0
#01,4.546132276
#01,0
#05,0.540497275
#03,3.122327943
#01,3.168876294
#05,1.846055983
#07,1.448955808
#06,0.52968688
#03,0.794716659
#06,0.702117224
#07,0
#08,5
#04,1.49645909
#02,0
#06,0.444955022
#03,5
#01,0
#02,0.449426225
#07,0
#02,1.613396228
#01,1.334220998
#02,1.260620326
#01,1.197652217
#03,0.964632498
#04,5
#01,3.207907802
#04,1.86450837
#03,2.061545021
#07,0
#03,2.480168884
#03,1.205633055
#06,1.096838266
#03,1.729290074
#01,2.438951919
#02,0.822881057
#03,0.783259324
#04,2.336083055
#01,0.970627589
#02,2.052618049
#04,0.590301328
#02,1.506927627
#03,1.826256067
#03,1.178505215
#01,0.742782921
#01,1.121073858
#03,2.549607565
#05,1.662743307
#01,0
#02,0.506061673
#02,0
#05,0.216507138
#04,1.738078644
#01,1.212583692
#05,0.682702479
#01,0
#02,1.448302117
#06,0.720731369
#01,0.830917448
#06,0.797897665
#09,1.22302752
#02,0
#06,0.858557905
#05,2.323553612
#01,0
#02,1.785566158
#03,1.244863951
#08,5
#04,0.91935198
#02,0.546159347
#01,0
#07,1.534825195
#03,2.343809895
#01,1.935406473
#05,1.540665138
#05,0.94885829
#03,3.771289167
#01,2.701610528
#01,2.445437351
#08,5
#02,1.4348398
#05,0.959549244
#04,2.6541063
#02,0.479804978
#02,4.215249714
#01,0
#01,0
#06,1.419924693
#07,1.989160834
#01,0.881077902
#05,0.154413177
#04,0.815002699
#01,0
#03,2.747559708
#03,1.23770706
#04,1.019128312
#04,1.223492665
#01,0
#04,0.953978213
#01,5
#04,5
#08,5
#01,0.860494614
#05,0.333126301
#03,0.518561275
#07,0
#02,1.851024161
#05,1.913419388
#01,1.842907297
#01,0.990712998
#03,0.376656408
#06,0.664064999
#02,1.572873499
#03,0.81116051
#02,2.281966061
#01,0.976083494
#06,1.209821346
#02,0.554013912
#02,0.526015918
#07,0
#05,1.97594142
#02,5
#06,1.136769734
#03,2.112486099
#02,0.77572106
#02,3.609145345
#04,0
#03,1.394038732
#06,0
#08,5
#03,0.894058597
#07,2.376513648
#07,1.834426442
#07,0
#07,0
#02,1.879384108
#07,0
#09,2.007176468
#03,1.045182967
#03,1.288313214
#04,4.464085867
#03,0.234528919
#06,0.175470493
#05,0.895756485
#01,0
#05,0.422317211
#07,0.520262558
#01,0
#04,1.552268903
#07,0
#01,0.865777288
#06,1.359065736
#03,1.922239283
#03,0.92370295
#03,2.034740541
#03,3.462267527
#04,3.323877016
#05,0.75510798
#01,5
#06,0.165059246
#02,1.74414685
#04,1.209209678
#02,0.51743332
#05,1.895945012
#01,0
#06,0.275687275
#03,1.98371904
#03,0.241858554
#01,0
#04,1.035617507
#04,0.359392336
#07,0.946194893
#03,2.106019522
#01,2.311634803
#06,1.298676868
#03,1.111452961
#04,0.733497045
#08,5
#02,2.195110031
#05,1.348776101
#02,3.453655364
#03,2.936811265
#07,0
#03,1.515842695
#02,1.086077782
#06,1.511392005
#02,3.048241391
#03,2.298304663
#04,2.117680131
#03,1.461994547
#06,2.146253903
#05,0.805641121
#03,1.922763545
#03,0.701385135
#06,0.723241876
#03,2.956561383
#03,2.797075579
#01,0
#07,0.979613798
#02,0
#07,0.612419246
#07,0
#03,3.048226903
#02,1.943971248
#05,1.149063202
#08,5
#02,0
#03,1.325075615
#01,1.298572698
#04,1.241386551
#06,0.428951214
#02,0.413241986
#06,0.332432389
#02,1.748938236
#08,1.245167736
#01,3.337605398
#03,0.486832399
#07,0
#01,0
#07,0
#08,2.752935541
#02,2.617958079
#07,0.638577011
#01,0
#07,1.346650524
#06,0.540773388
#03,0.589088645
#03,1.011853005
#01,0
#03,3.225137502
#03,1.113001287
#01,0
#01,0
#08,2.238490469
#01,0.746318593
#01,0
#04,0.297473357
#03,1.395143437
#05,0.999842699
#04,0.692554808
#01,1.18722249
#01,2.391469028
#04,2.907435935
#03,1.881126998
#05,0.616129544
#02,1.003188023
#03,1.908398531
#04,0
#01,0
#06,1.684804613
#02,5
#06,1.395423849
#06,1.968052748
#05,0.967182839
#06,0
#02,0.757338511
#02,4.230861908
#05,1.667491964
#02,1.906555527
#03,2.330965982
#01,1.151210186
#04,0
#07,0
#06,0
#04,0.468715887
#05,1.27267607
#05,2.063525604
#02,1.028981199
#03,2.097154607
#03,1.394122135
#04,0
#01,0.893179929
#01,0
#03,0.879455941
#07,0
#04,0.498293003
#03,1.12827635
#03,0.758515842
#02,1.680747331
#04,0.761511104
#01,0.990006031
#01,1.569699183
#04,1.795852307
#06,0.492405396
#01,0
#01,0
#03,2.03031658
#03,3.025952915
#04,5
#05,1.715776533
#01,5
#04,2.181630326
#01,2.563279497
#02,1.763030021
#01,0
#04,0.413719258
#05,2.353163396
#02,1.614785002
#01,5
#01,0.876827675
#05,0.4625015
#03,1.195355979
#03,2.023129159
#04,1.621090595
#02,1.800447631
#02,0.940443155
#05,2.089283864
#03,1.399419526
#04,0.929511363
#01,1.528785553
#01,1.268593815
#02,0.912736105
#01,0
#07,0
#02,5
#01,1.437974311
#01,0
#03,1.539061308
#01,1.367247386
#01,5
#04,5
#02,4.741825179
#06,1.417301644
#01,1.345301015
#02,0.749689581
#07,0
#06,1.093167802
#07,0
#01,0
#01,2.208888157
#03,2.535358451
#01,2.035259788
#01,0.486085861
#01,0.887790496
#07,0
#05,1.228039162
#01,0
#01,0
#07,1.905343584
#04,0.999279193
#02,1.08697069
#05,0.93482747
#02,1.069163339
#01,1.498157673
#01,0
#07,0.770377715
#02,1.952461755
#02,1.971572282
#01,0
#05,0.515181808
#05,1.609489161
#01,1.445799753
#02,0
#07,0
#03,3.406107302
#06,0.127766869
#01,0
#01,0
#07,0
#03,1.99045113
#03,2.581075283
#03,4.261499562
#04,1.617807418
#02,0.836116044
#02,1.726281647
#01,0
#03,2.161613655
#07,0.501617904
#05,1.6036873
#03,1.654568756
#07,0.754300205
#06,1.64936557
#06,0.644289291
#04,1.207763475
#02,5
#05,1.915021127
#01,0
#01,1.441093467
#04,0.626461369
#03,1.584318033
#04,0
#01,2.270986529
#04,2.423521499
#05,3.860361111
#07,0
#05,1.670539731
#04,1.303605686
#01,2.401638019
#01,0.367491106
#02,1.513660313
#01,3.65933956
#07,0.499862389
#04,0.352248546
#06,0.764111736
#05,0.335069195
#02,4.100946838
#01,3.643795249
#02,1.628688063
#01,0.802439432
#05,0
#08,5
#02,1.428073779
#04,1.025168228
#06,0.244571019
#07,0
#07,0
#05,0.43902118
#01,1.455291883
#02,2.424065412
#05,1.528627487
#07,2.192059993
#04,1.515377425
#01,0.601669993
#07,0
#01,0
#03,1.171234734
#06,1.123521804
#01,0
#03,1.441408372
#02,0
#10,1.527395421
#05,2.877417028
#03,2.202887567
#08,2.709179392
#04,5
#03,1.582095075
#03,0.518222516
#05,3.227502341
#05,1.383032771
#03,1.245511516
#01,0
#02,0.982645659
#10,2.053837111
#01,0
#01,1.787837436
#03,1.532979553
#01,0
#04,0.57454631
#08,5
#01,0.37784694
#01,0
#03,3.401592512
#08,5
#04,1.215834705
#03,2.110031798
#03,1.426206772
#06,0.704802271
#05,0.257341809
#01,1.324095932
#02,2.637183473
#03,1.240886001
#01,0
#03,3.442505577
#03,2.481028003
#01,1.334608327
#02,0.593998453
#07,0.431933275
#10,3.88931427
#02,0
#02,1.518237346
#01,2.032272112
#03,1.71916241
#03,0.901191555
#06,0.599335017
#05,0.556393349
#02,2.31851463
#05,0.248756033
#04,1.554356896
#01,0
#01,1.070184039
#01,0.949421901
#04,0.668368957
#01,0
#05,1.278395866
#04,1.479379462
#06,0.659393083
#07,0
#03,1.373530054
#04,1.891429725
#05,1.063930017
#02,1.106618029
#07,1.127523752
#07,0
#01,1.045479971
#01,2.050579006
#07,0.338784152
#02,0.512970658
#03,2.035106154
#06,0.998379702
#03,2.973124751
#05,4.274841188
#02,1.176323777
#01,0.746516029
#01,1.471473445
#01,0
#03,1.122731291
#03,1.216973167
#07,2.252923741
#06,1.023726525
#03,2.452471339
#05,0.969238055
#03,4.093855015
#05,0
#01,0
#04,0
#01,0.470721632
#04,3.49049305
#02,1.444071581
#08,5
#06,0.419542308
#04,2.193808436
#01,0
#03,2.082430594
#05,1.796579083
#07,0
#05,0
#01,0
#01,1.424879084
#05,2.222662692
#02,4.942448581
#03,1.430183773
#02,1.159913725
#02,0.84650623
#03,0.81882576
#03,4.781390493
#03,1.627162219
#05,2.959553021
#02,1.274076577
#01,0.667424661
#04,0
#01,0
#02,5
#02,5
#05,0.522060132
#05,0.761538363
#03,3.113854302
#05,1.588952498
#05,1.134723999
#01,0
#06,2.190602216
#01,0
#05,2.403764941
#03,1.856969757
#04,1.738313278
#06,0.418187225
#07,0
#04,0.895182568
#08,5
#05,0.72492371
#07,0
#10,0
#02,4.043036059
#04,4.304067201
#01,0
#03,1.777519991
#05,2.199184349
#01,1.207206018
#02,0
#03,1.955579328
#04,0.431282829
#04,3.999853553
#02,5
#03,1.176085246
#02,0.542419124
#03,2.43895532
#01,0
#07,1.384218917
#01,0.976492423
#03,5
#04,1.276481841
#02,5
#06,2.046972855
#03,3.449058943
#03,2.905670854
#01,2.395436765
#04,0.982993575
#08,5
#08,5
#04,5
#05,1.156516462
#01,0.598497479
#06,0.698903128
#04,1.99070781
#01,0
#05,0.584962501
#04,5
#06,1.239148326
#01,1.46012053
#06,1.31472079
#03,1.073533403
#06,0.562915009
#07,0
#01,2.166179189
#07,0.663053611
#02,1.919774026
#03,0.6142722
#03,0.546054747
#04,2.384383551
#02,0.578307553
#03,3.235283673
#01,0.844421769
#03,1.924594946
#07,0.334444997
#01,0.877760689
#07,0
#04,0.692216087
#02,2.450533804
#05,1.699718891
#05,0.409555456
#06,0.516464982
#06,1.518785592
#03,0.569045826
#03,0
#02,0
#07,0
#07,0
#01,0.767858743
#06,2.128391242
#05,2.93861984
#07,0
#01,1.498157673
#04,0
#01,0
#01,0
#03,1.099577757
#02,1.821322833
#01,0.743565664
#03,2.096934225
#03,2.602717704
#01,0.668684327
#03,0.883114824
#07,1.451332657
#06,1.397372572
#07,0.853060368
#01,0
#10,1.699192252
#04,0.748400409
#05,0.730238591
#01,0
#05,0.384108724
#07,1.082238261
#01,0
#02,0.92354497
#04,5
#03,1.171427412
#07,0
#05,0.518766064
#07,0
#03,1.863025697
#03,2.04838799
#05,0.600745904
#04,2.942729721
#02,0.397649178
#01,0
#01,0.835866977
#09,1.814685283
#03,4.090730262
#05,1.754074492
#07,0
#10,1.441875545
#01,3.112445133
#07,0
#05,1.261033532
#02,1.223257182
#03,3.080386748
#07,0
#05,0.333358253
#01,1.503850061
#02,1.18813102
#01,0
#02,5
#06,1.580766144
#02,5
#01,0
#01,0.732378325
#05,1.135278331
#01,1.389977284
#05,1.543885744
#01,0
#02,5
#08,5
#01,0
#01,0.612419246
#01,1.781999348
#06,1.128654757
#07,0.736965594
#04,2.11371852
#03,1.212014564
#03,1.662846603
#03,3.271155515
#02,0.525684375
#03,0.988546858
#05,0.45874432
#01,0
#03,0.779603018
#01,2.71457991
#06,0.406995041
#09,0
#08,5
#03,2.212686444
#04,0
#07,0
#03,1.997271087
#04,0.672811878
#01,4.573856734
#05,1.66492909
#04,0
#01,0.968550869
#02,3.622425338
#08,3.557286662
#01,0
#05,0.292987257
#06,0.763838626
#09,0.941341841
#03,1.267589199
#03,1.50682498
#04,1.882312221
#03,2.30296236
#01,3.461671097
#03,0
#05,0.616788653
#04,3.498291187
#04,0
#03,1.28046819
#06,1.990207961
#03,1.821423254
#06,1.24025193
#03,1.739130593
#01,0.91935198
#08,4.959894327
#03,0.715435364
#02,2.281900949
#01,0.454999522
#06,0
#07,0.692893866
#06,0.214769893
#06,0.755350657
#05,0
#03,2.657329821
#03,1.565643873
#10,0
#05,1.419819802
#03,2.625225153
#05,0.377183767
#01,0.814058255
#03,1.827659545
#02,3.820212409
#07,0.829114323
#04,0.841887019
#01,0.77589396
#03,0.82559295
#05,1.379218335
#03,1.241660023
#01,0
#03,2.784225634
#01,0.915731083
#01,0
#05,1.535272414
#01,0.546159347
#04,1.209272368
#02,1.004711733
#01,2.142593937
#04,1.458261752
#01,0.612683258
#01,1.801933797
#07,1.294041208
#01,1.013903839
#01,0.517808754
#01,0
#01,0.738700993
#06,1.383097897
#02,0
#03,0.834117732
#01,0
#07,0
#01,0.842899039
#03,1.262006279
#05,1.80938083
#03,1.307842255
#01,2.214022952
#01,0.668053889
#01,0
#07,0
#02,0.374297834
#04,1.630096896
#04,0.557263736
#05,0
#06,0.443005807
#07,0
#02,1.373684229
#05,2.913945092
#05,0.286392886
#01,0
#02,1.325466827
#04,0
#01,0.82651408
#01,4.362900447
#03,1.760941749
#06,1.650205416
#06,0.832037861
#01,0
#08,5
#03,1.505390004
#03,1.135587991
#02,3.143743511
#01,0
#07,0.893465454
#05,3.758111252
#08,3.447977516
#07,0.434058473
#01,0
#01,0
#01,3.956717516
#04,0.475733431
#06,3.104689059
#02,0.476685156
#03,1.458921089
#06,0.300802295
#02,2.120050124
#02,0.504274655
#03,1.318391415
#06,0.233312562
#04,1.651768371
#02,1.860685643
#02,0.607187061
#01,0.612683258
#06,1.245304302
#01,0
#06,0.745129922
#08,5
#05,0.549408701
#03,1.120395612
#03,2.224211416
#07,1.379933698
#01,0.537309525
#02,0
#06,2.438757401
#06,0.298312133
#06,0.579013234
#08,5
#01,2.46047453
#02,0.572724231
#03,2.669045855
#05,0.954918618
#03,0.934321556
#03,2.619288382
#04,0.601019881
#01,0
#01,1.956291814
#05,0.401992458
#01,0
#04,1.066324759
#03,1.695776385
#05,1.746658271
#01,0
#01,0
#03,2.600207201
#04,0
#01,1.143517399
#07,1.333284518
#01,1.404601507
#04,0.7910075
#01,0
#04,2.376927994
#03,2.331389993
#08,5
#06,0
#01,1.555749519
#03,1.944370376
#10,0
#06,1.26262703
#01,2.216807185
#01,0
#05,0.605854266
#07,0.777178448
#04,1.31568405
#01,2.318025453
#01,0
#01,1.527690517
#05,0.693743591
#06,0.552792705
#06,0.921087489
#06,1.201413405
#04,0
#08,5
#01,0
#07,0
#03,1.172058071
#01,0.984387801
#02,2.655961988
#02,0
#03,1.264904142
#06,0.173213534
#04,0.274320213
#05,1.448288432
#02,0
#07,0
#02,1.534501016
#06,2.239791317
#01,1.255175933
#01,0.632319412
#03,1.057993464
#03,1.380306228
#01,2.59464811
#03,1.339863525
#01,1.695993813
#07,1.889820884
#02,1.229607415
#01,0.72635192
#01,0
#01,0
#04,2.040729012
#02,3.516970008
#03,2.66573399
#08,5
#01,0
#06,0.439782009
#01,0
#03,1.392240469
#02,0.355916731
#04,0
#07,0
#04,1.255175933
#02,0
#04,2.013378989
#04,0
#06,0.418845816
#02,1.033209758
#04,5
#01,0.822640022
#02,0
#01,0
#05,1.350755592
#01,0.583523403
#05,0.798146272
#03,1.42259485
#01,0
#03,0.367172788
#05,2.644567082
#06,0.513524232
#01,2.233797185
#02,0.723312806
#02,1.953289048
#01,0
#01,0
#05,0.537066772
#01,0
#02,1.800461631
#01,0
#02,0.528549192
#04,2.648540548
#02,0.615869529
#01,0.685511878
#01,3.785966336
#03,3.157342553
#01,2.830074999
#02,1.757300789
#04,0
#05,2.568896673
#05,0
#03,2.10555791
#02,0
#01,1.227914706
#07,0
#02,1.081957105
#02,0.554876775
#04,5
#07,0
#08,5
#04,0.481935502
#04,0
#01,0.889485161
#03,0.545002539
#07,0
#07,2.01746962
#01,0
#02,0.671218234
#04,0
#01,0
#01,2.199071347
#01,0
#03,1.436652134
#04,0.836431091
#06,0
#04,0.999279193
#05,1.531111386
#06,0.179514848
#05,2.180641637
#02,0
#06,0.876277383
#01,0
#04,3.020332725
#08,5
#07,0
#01,0
#06,0.41837041
#05,0.670028035
#06,0.728889488
#07,0.789823528
#07,0
#03,3.033878564
#01,0
#02,0.448019274
#02,0
#04,0
#07,0
#08,5
#01,0.869579174
#04,2.73495503
#03,2.432759107
#03,2.053908301
#05,2.023266376
#02,0.560331927
#04,0
#04,0
#01,2.066667886
#02,0.579596731
#07,0
#06,0.57140274
#02,1.303660612
#02,0
#01,1.977190473
#01,1.312479031
#04,1.678079019
#06,1.489174199
#02,1.145909376
#10,1.200819009
#06,1.028153789
#05,1.709701115
#07,0
#01,0
#03,2.484938168
#07,0.842392716
#06,1.158325951
#02,2.351266415
#01,1.063036662
#01,2.772566043
#05,1.496572049
#02,0.195521317
#01,0
#04,0
#01,0
#07,0.485097294
#03,0.910067336
#04,4.816014228
#03,4.544542019
#03,2.519169734
#02,0.587377054
#07,0.83882303
#04,1.454066501
#03,0.246793765
#03,1.831287953
#05,2.767031419
#02,2.434469483
#03,0.945871447
#03,3.148342834
#03,1.015444665
#05,2.507995136
#08,5
#01,1.247420794
#02,0.510220778
#01,1.766607551
#01,0.905043032
#03,1.178307668
#08,5
#04,0.931638445
#01,0
#01,0
#05,1.333410288
#01,3.062030339
#01,0
#02,0.91684379
#07,0
#07,0.631195029
#05,2.079226691
#02,3.004771139
#02,0.591774564
#01,0
#01,0
#03,2.49568419
#03,0.648055037
#06,0.660089835
#07,1.821897624
#01,1.582311504
#02,2.59351409
#09,0.455046892
#02,0
#01,0
#06,0.312544907
#01,1.146389487
#01,2.190442019
#08,4.315297449
#01,0.939808538
#01,0.995691301
#01,0.779328967
#03,0.708448016
#04,1.059827189
#03,2.44886641
#01,0
#07,0
#01,0
#04,0
#01,1.322794318
#03,1.660522489
#01,0
#01,0
#03,3.36368374
#05,2.859041612
#05,0.811985542
#01,1.553499603
#02,1.364485488
#03,1.685712432
#03,1.091428822
#03,1.10442232
#01,2.573710686
#03,0.897231095
#02,3.721418848
#03,2.179224981
#02,5
#01,0
#05,1.078906373
#01,1.208277512
#01,0
#06,2.075578409
#03,1.475325467
#01,1.761405587
#02,0
#01,0
#03,0.922367203
#01,1.026581033
#01,0
#06,1.944548803
#01,1.382787334
#05,0.44664752
#05,1.189647759
#01,0
#02,1.043187201
#04,5
#06,1.374970179
#03,2.726676988
#05,1.20056088
#01,1.256803524
#01,2.917028331
#05,0.446481849
#07,0
#04,1.158068674
#04,2.932798465
#02,0
#02,1.566089237
#07,1.731263898
#07,0.442069205
#01,0
#04,0.332894674
#06,1.438280759
#04,4.050259593
#02,0.616939109
#05,0.863274633
#04,0
#01,1.181056182
#08,5
#01,0
#03,2.376712976
#01,0
#03,3.784837075
#01,5
#01,1.415037499
#04,0
#01,2.418848779
#06,0.207030615
#04,0.877210322
#03,1.297450454
#04,0.302735733
#03,1.812717673
#03,0.776591504
#03,1.40534143
#02,1.802750518
#01,0.858385395
#02,0.867356382
#03,1.018985896
#02,0.95299805
#03,2.056371114
#07,1.158031323
#04,0
#03,1.648149741
#02,2.389298772
#08,5
#01,0.760779407
#01,0.609530273
#04,0.813580278
#04,0
#02,0.991054834
#04,0.978279588
#03,1.708432688
#01,0.780192591
#06,1.095981724
#02,1.973556799
#01,0.469485283
#03,2.259592193
#01,0.864211542
#04,0.875563478
#02,2.438789985
#06,0.365432204
#05,0
#03,2.490039698
#06,0.600260219
#07,3.158429408
#06,1.172861838
#02,5
#07,0
#03,0.794637112
#04,1.100939416
#01,0
#02,1.266660084
#03,0.463550701
#05,1.501071016
#07,0.96123043
#07,2.058529018
#01,0.896906507
#04,0
#03,1.439611706
#03,3.410963913
#07,0.695618563
#01,0
#03,2.033924175
#06,0.558422144
#02,0.466270823
#06,1.521851326
#02,4.563944361
#01,0
#06,1.080702364
#04,3.683794415
#06,0.817096889
#03,1.84978323
#08,1.556673456
#05,0.840613185
#01,0
#07,1.506713959
#04,3.381257656
#10,1.368644594
#02,2.474443732
#01,1.057738446
#01,3.475627378
#06,2.161640315
#03,3.496406144
#02,0.853180622
#01,0
#01,0
#01,1.188493198
#05,0.463776154
#01,3.484655268
#04,2.939679769
#02,0
#03,2.425000562
#01,0
#05,0.751733804
#04,0.433343265
#03,1.52527273
#01,0
#01,0
#04,0
#09,0.434123903
#03,1.420181432
#04,2.391060156
#02,0.700093091
#03,3.331118342
#01,3.515574498
#08,5
#01,1.491059836
#05,0.484932697
#06,0.6365809
#05,1.531560255
#07,0
#01,0
#07,0.637429921
#03,4.292611437
#08,5
#01,0.883108872
#02,1.489592067
#01,1.608058458
#01,0
#07,0
#01,1.57351248
#01,0
#02,2.440396416
#01,3.955185003
#01,1.26337113
#02,2.289823165
#01,0
#02,0.826666602
#07,0
#01,0
#03,1.651849434
#07,0
#06,1.209440572
#02,1.481612702
#03,1.896070832
#01,2.469223326
#01,0
#04,2.107580551
#06,0.253958354
#03,3.055531598
#01,0
#03,2.135336849
#01,0
#07,0.820716944
#05,0
#08,3.685697889
#07,0
#06,0.99994174
#01,1.527099227
#01,2.258069839
#01,0
#03,3.201836632
#02,0.380654505
#06,0.619261002
#06,0
#02,0.644304997
#06,0.251450862
#02,1.202053874
#03,1.301541117
#06,1.114233744
#01,0
#05,0.654787517
#04,1.813821518
#01,4.631539941
#01,0
#06,2.005492927
#01,0
#06,0.305585289
#07,0
#04,0
#03,5
#02,2.6954511
#01,0.415518959
#01,0
#05,0.878311769
#01,0
#02,0.596990143
#01,0
#06,0.578521832
#08,5
#01,1.058667264
#07,0
#03,1.354247453
#01,0
#02,2.193438038
#01,4.717870175
#01,0
#03,0.661198087
#07,0
#03,1.654115651
#01,0.434423101
#01,5
#06,1.940422817
#04,0.925453047
#06,0.168415698
#03,0.615513839
#01,0.999724779
#04,0.820237616
#02,5
#03,0.285200062
#01,1.087367378
#06,0.197126729
#01,1.709235877
#05,3.73139665
#03,2.303105403
#03,3.654445155
#01,0
#02,3.833339242
#02,0.605119499
#04,0.710440043
#02,1.841751246
#01,0.935390919
#03,3.632058321
#02,1.514418288
#02,5
#03,1.374199383
#03,1.947983021
#03,1.860738328
#01,1.591726656
#02,1.439331892
#03,2.544228618
#03,2.013705421
#02,5
#07,0
#02,1.643667178
#05,0.561362274
#04,1.034369296
#03,0.721176967
#01,0.93854196
#02,1.629674599
#06,3.376178275
#03,2.094984258
#02,2.245342501
#01,0
#03,0.842569595
#02,0
#05,1.841191535
#03,2.328452754
#05,2.563598639
#01,1.147294375
#01,0
#03,1.156198275
#03,2.664980447
#02,1.291903063
#03,1.123470144
#05,1.263363579
#01,0
#02,0.595490487
#03,2.783845784
#03,2.787708675
#02,4.545945471
#03,3.214121176
#03,0.716810296
#01,0
#01,1.4287038
#03,2.354085263
#05,1.665780028
#01,1.514506194
#06,0.849182135
#02,1.313099262
#06,0.727691338
#01,0
#01,0.570201546
#06,0.830121882
#06,1.884456202
#02,2.221731074
#05,1.866986582
#04,0.896319139
#07,2.195996051
#06,1.056303006
#02,0
#06,1.7291234
#06,0.368860694
#01,0
#05,2.405123825
#07,1.196600538
#03,3.050317815
#03,1.055264501
#01,0.931949961
#02,0.500037382
#02,2.609848863
#04,1.549443252
#01,1.906649077
#02,0.952417628
#02,2.415230328
#06,1.171312579
#07,0
#06,1.407108855
#06,1.199700045
#03,2.873194833
#06,0.871352244
#09,0
#02,3.704678332
#06,0.534140173
#01,0
#01,0
#08,5
#02,5
#05,0
#07,2.388819979
#04,1.153849632
#05,2.766758871
#01,1.289059023
#03,3.055258733
#07,4.517523692
#01,4.385192204
#05,1.27921294
#04,2.989178527
#01,1.575408194
#04,0.501089943
#03,1.883135066
#01,0
#03,2.868624443
#06,0.611636563
#01,0.813586876
#03,2.359881639
#03,0.638002942
#05,3.102330273
#05,0.714313166
#02,1.547487795
#05,0.753694107
#02,1.147294375
#01,3.923951143
#03,1.557972405
#06,1.071817866
#06,1.058300399
#02,1.36168217
#01,0.818803076
#08,5
#06,0.529137301
#03,0.459087599
