Cluster,Ray
Ptr01,0.115632547
Ptr01,0.14543657
Ptr01,0.161271256
Ptr01,0.216801685
Ptr01,0.106238573
Ptr01,0.164441374
Ptr01,0.121606489
Ptr01,0.196936313
Ptr01,0.23677604
Ptr01,0.141033049
Ptr01,0.218287236
Ptr01,0.213550226
Ptr01,0.23620088
Ptr01,0.205290552
Ptr01,0.102213018
Ptr01,0.109217711
Ptr01,0.127024245
Ptr01,0.158316312
Ptr01,0.121637973
Ptr01,0.215813226
Ptr01,0.191129935
Ptr01,0.181283237
Ptr01,0.201546789
Ptr01,0.155356608
Ptr01,0.123613397
Ptr01,0.188881264
Ptr01,0.210631094
Ptr01,0.075843448
Ptr01,0.132172449
Ptr01,0.375129193
Ptr01,0.149779972
Ptr01,0.223868401
Ptr01,0.175072634
Ptr01,0.270060605
Ptr01,0.14832402
Ptr01,0.124146589
Ptr01,0.228344552
Ptr01,0.249727604
Ptr01,0.190340587
Ptr01,0.123897157
Ptr01,0.439730788
Ptr01,0.194320836
Ptr01,0.174502759
Ptr01,0.22042683
Ptr01,0.180906956
Ptr01,0.102259842
Ptr01,0.161889412
Ptr01,0.217531603
Ptr01,0.163737633
Ptr01,0.354685182
Ptr01,0.185282041
Ptr01,0.144863031
Ptr01,0.170751284
Ptr01,0.111353333
Ptr01,0.140229076
Ptr01,0.229703483
Ptr01,0.114062229
Ptr01,0.082413128
Ptr01,0.108136563
Ptr01,0.164911319
Ptr01,0.130065279
Ptr01,0.092550952
Ptr01,0.235797975
Ptr01,0.089854732
Ptr01,0.113978866
Ptr01,0.203353757
Ptr01,0.150986964
Ptr01,0.144145054
Ptr01,0.176165577
Ptr01,0.124725769
Ptr01,0.13669978
Ptr01,0.142164995
Ptr01,0.107931767
Ptr01,0.155392606
Ptr01,0.208628432
Ptr01,0.407380451
Ptr01,0.449922472
Ptr01,0.214225764
Ptr01,0.185173555
Ptr01,0.152219705
Ptr01,0.165027177
Ptr01,0.120560432
Ptr01,0.120895394
Ptr01,0.173401273
Ptr01,0.190910532
Ptr01,0.152009009
Ptr01,0.196091871
Ptr01,0.168001034
Ptr01,0.123907181
Ptr01,0.154094136
Ptr01,0.159506404
Ptr01,0.216707814
Ptr01,0.148553512
Ptr01,0.289549785
Ptr01,0.211868547
Ptr01,0.100865049
Ptr01,0.227913933
Ptr01,0.154334161
Ptr01,0.114745458
Ptr01,0.208598164
Ptr01,0.097622971
Ptr01,0.186772599
Ptr01,0.172825129
Ptr01,0.128429473
Ptr01,0.144229372
Ptr01,0.182416004
Ptr01,0.164924083
Ptr01,0.205912817
Ptr01,0.180231123
Ptr01,0.09798105
Ptr01,0.112233162
Ptr01,0.204777862
Ptr01,0.157950969
Ptr01,0.244147368
Ptr01,0.173126072
Ptr01,0.152312263
Ptr01,0.117065408
Ptr01,0.138287289
Ptr01,0.22395097
Ptr01,0.209831628
Ptr01,0.215056446
Ptr01,0.068313309
Ptr01,0.277513575
Ptr01,0.110862644
Ptr01,0.148294944
Ptr01,0.210708615
Ptr01,0.182996496
Ptr01,0.166549235
Ptr01,0.178784077
Ptr01,0.156221218
Ptr01,0.165522753
Ptr01,0.16721842
Ptr01,0.128931887
Ptr01,0.158408391
Ptr01,0.188170389
Ptr01,0.235475999
Ptr01,0.093320828
Ptr01,0.137472082
Ptr01,0.082977386
Ptr01,0.249421498
Ptr01,0.134488868
Ptr01,0.083231078
Ptr01,0.109559201
Ptr01,0.152598876
Ptr01,0.178962211
Ptr01,0.174488787
Ptr01,0.111137725
Ptr01,0.37010952
Ptr01,0.213719805
Ptr01,0.281697672
Ptr01,0.123011834
Ptr01,0.160920162
Ptr01,0.221125271
Ptr01,0.206586869
Ptr01,0.201661628
Ptr01,0.211961674
Ptr01,0.072269833
Ptr01,0.163042924
Ptr01,0.113037105
Ptr01,0.179228263
Ptr01,0.185850911
Ptr01,0.125638153
Ptr01,0.191445343
Ptr01,0.139669578
Ptr01,0.174888247
Ptr01,0.190408967
Ptr01,0.167329391
Ptr01,0.185677501
Ptr01,0.255743869
Ptr01,0.141426504
Ptr01,0.125301088
Ptr01,0.173133814
Ptr01,0.19802483
Ptr01,0.113929109
Ptr01,0.189658088
Ptr01,0.113050114
Ptr01,0.136409789
Ptr01,0.187596181
Ptr01,0.195605174
Ptr01,0.179218576
Ptr01,0.078485396
Ptr01,0.223248078
Ptr01,0.15770318
Ptr01,0.112054826
Ptr01,0.184977058
Ptr01,0.297871697
Ptr01,0.136561656
Ptr01,0.135503357
Ptr01,0.184616828
Ptr01,0.182785651
Ptr01,0.182541158
Ptr01,0.112364551
Ptr01,0.208353467
Ptr01,0.193557561
Ptr01,0.144947312
Ptr01,0.196787908
Ptr01,0.185929623
Ptr01,0.219208393
Ptr01,0.148894039
Ptr01,0.21317988
Ptr01,0.219001841
Ptr01,0.215144873
Ptr01,0.122978717
Ptr01,0.155657663
Ptr01,0.20576342
Ptr01,0.183611657
Ptr01,0.224497191
Ptr01,0.226897574
Ptr01,0.08993097
Ptr01,0.196118921
Ptr01,0.243829844
Ptr01,0.173106143
Ptr01,0.274308259
Ptr01,0.308147489
Ptr01,0.423497978
Ptr01,0.162348928
Ptr01,0.229770617
Ptr01,0.12887539
Ptr01,0.126288496
Ptr01,0.191400551
Ptr01,0.199085419
Ptr01,0.211725856
Ptr01,0.128621752
Ptr01,0.14272323
Ptr01,0.184149609
Ptr01,0.22087146
Ptr01,0.124542935
Ptr01,0.230309387
Ptr01,0.155755642
Ptr01,0.234598772
Ptr01,0.16680397
Ptr01,0.182283707
Ptr01,0.147606586
Ptr01,0.159448483
Ptr01,0.189719341
Ptr01,0.151190032
Ptr01,0.216383685
Ptr01,0.209291111
Ptr01,0.146610607
Ptr01,0.205090765
Ptr01,0.21647391
Ptr01,0.184524362
Ptr01,0.193054033
Ptr01,0.19741101
Ptr01,0.161804034
Ptr01,0.317907104
Ptr01,0.170713982
Ptr01,0.20340238
Ptr01,0.175358307
Ptr01,0.081223579
Ptr01,0.21527078
Ptr01,0.179447583
Ptr01,0.218810221
Ptr01,0.265190218
Ptr01,0.212119042
Ptr01,0.146020698
Ptr01,0.250453159
Ptr01,0.146497476
Ptr01,0.161651269
Ptr01,0.153777582
Ptr01,0.159789408
Ptr01,0.233060432
Ptr01,0.206787313
Ptr01,0.143231266
Ptr01,0.176368388
Ptr01,0.186364155
Ptr01,0.132195117
Ptr01,0.172401665
Ptr01,0.16050779
Ptr01,0.191763323
Ptr01,0.18510292
Ptr01,0.070265736
Ptr01,0.195919046
Ptr01,0.187344458
Ptr01,0.164053264
Ptr01,0.147092666
Ptr01,0.266399541
Ptr01,0.236095201
Ptr01,0.154904998
Ptr01,0.193889911
Ptr01,0.150860423
Ptr01,0.192218361
Ptr01,0.234768584
Ptr01,0.169339405
Ptr01,0.21287948
Ptr01,0.33331695
Ptr01,0.206410645
Ptr01,0.147298897
Ptr01,0.12707174
Ptr01,0.164897486
Ptr01,0.111328442
Ptr01,0.175414175
Ptr01,0.199168195
Ptr01,0.198288409
Ptr01,0.221747179
Ptr01,0.219721184
Ptr01,0.214610095
Ptr01,0.17515656
Ptr01,0.154441251
Ptr01,0.178940544
Ptr01,0.259139989
Ptr01,0.164243046
Ptr01,0.199309855
Ptr01,0.094502607
Ptr01,0.183558748
Ptr01,0.175794899
Ptr01,0.132279528
Ptr01,0.167430995
Ptr01,0.153816604
Ptr01,0.275291726
Ptr01,0.25356024
Ptr01,0.137416191
Ptr01,0.16337711
Ptr01,0.158945888
Ptr01,0.13434294
Ptr01,0.126315157
Ptr01,0.08842843
Ptr01,0.134194264
Ptr01,0.172320859
Ptr01,0.152578121
Ptr01,0.167691164
Ptr01,0.151626584
Ptr01,0.186875321
Ptr01,0.213654949
Ptr01,0.26641413
Ptr01,0.167961201
Ptr01,0.189253557
Ptr01,0.194501266
Ptr01,0.208081506
Ptr01,0.159734745
Ptr01,0.15905928
Ptr01,0.156959469
Ptr01,0.221310672
Ptr01,0.153811839
Ptr01,0.224722676
Ptr01,0.372119978
Ptr01,0.179294926
Ptr01,0.198389622
Ptr01,0.164716374
Ptr01,0.136343067
Ptr01,0.219249497
Ptr01,0.128446611
Ptr01,0.194003401
Ptr01,0.148485316
Ptr01,0.175745992
Ptr01,0.178679549
Ptr01,0.139430775
Ptr01,0.105267699
Ptr01,0.239911059
Ptr01,0.113254258
Ptr01,0.380659662
Ptr01,0.269376269
Ptr01,0.221617052
Ptr01,0.144479996
Ptr01,0.153411384
Ptr01,0.225390743
Ptr01,0.22315403
Ptr01,0.138681159
Ptr01,0.239635945
Ptr01,0.186776179
Ptr01,0.171493051
Ptr01,0.172343988
Ptr01,0.254618092
Ptr01,0.106452142
Ptr01,0.165464051
Ptr01,0.206422473
Ptr01,0.217407668
Ptr01,0.222118145
Ptr01,0.138359817
Ptr01,0.108480219
Ptr01,0.249479002
Ptr01,0.17480657
Ptr01,0.184904803
Ptr01,0.159206528
Ptr01,0.136753527
Ptr01,0.099482295
Ptr01,0.173598225
Ptr01,0.101335309
Ptr01,0.126123112
Ptr01,0.117342312
Ptr01,0.181688762
Ptr01,0.171034741
Ptr01,0.218891207
Ptr01,0.211634439
Ptr01,0.16465383
Ptr01,0.138684844
Ptr01,0.144604175
Ptr01,0.240567617
Ptr01,0.286130783
Ptr01,0.460746799
Ptr01,0.279122149
Ptr01,0.198915309
Ptr01,0.190600278
Ptr01,0.116690188
Ptr01,0.213622198
Ptr01,0.153866156
Ptr01,0.145056336
Ptr01,0.228469741
Ptr01,0.208890649
Ptr01,0.199851294
Ptr01,0.17216911
Ptr01,0.230183494
Ptr01,0.253076902
Ptr01,0.119114084
Ptr01,0.146922453
Ptr01,0.147385034
Ptr01,0.195152059
Ptr01,0.193682792
Ptr01,0.232465799
Ptr01,0.111532278
Ptr01,0.215179043
Ptr01,0.144833325
Ptr01,0.155149053
Ptr01,0.126772517
Ptr01,0.164718634
Ptr01,0.214023306
Ptr01,0.220269189
Ptr01,0.155354469
Ptr01,0.145261955
Ptr01,0.149668174
Ptr01,0.236815109
Ptr01,0.107177785
Ptr01,0.139354908
Ptr01,0.192863014
Ptr01,0.276029187
Ptr01,0.165789344
Ptr01,0.129602073
Ptr01,0.208175017
Ptr01,0.168281343
Ptr01,0.241947337
Ptr01,0.107922716
Ptr01,0.146455227
Ptr01,0.191832358
Ptr01,0.302250558
Ptr01,0.241944393
Ptr01,0.203186021
Ptr01,0.145056956
Ptr01,0.181330508
Ptr01,0.279555314
Ptr01,0.23284654
Ptr01,0.198841029
Ptr01,0.135958716
Ptr01,0.195644912
Ptr01,0.16486879
Ptr01,0.157672655
Ptr01,0.16862715
Ptr01,0.07005802
Ptr01,0.109843533
Ptr01,0.257970709
Ptr01,0.147965972
Ptr01,0.217543337
Ptr01,0.132290928
Ptr01,0.175356596
Ptr01,0.136176415
Ptr01,0.189919627
Ptr01,0.214085169
Ptr01,0.195129284
Ptr01,0.196333711
Ptr01,0.201717006
Ptr01,0.170040123
Ptr01,0.238676341
Ptr01,0.193526525
Ptr01,0.149023933
Ptr01,0.192481425
Ptr01,0.213123307
Ptr01,0.110943972
Ptr01,0.218427212
Ptr01,0.258595787
Ptr01,0.206960291
Ptr01,0.126322642
Ptr01,0.253914823
Ptr01,0.162275956
Ptr01,0.130996186
Ptr01,0.214391587
Ptr01,0.16572578
Ptr01,0.178852194
Ptr01,0.209605602
Ptr01,0.244711638
Ptr01,0.125760176
Ptr01,0.288109999
Ptr01,0.198707052
Ptr01,0.181919594
Ptr01,0.20130511
Ptr01,0.188935422
Ptr01,0.210358765
Ptr01,0.119631674
Ptr01,0.212706809
Ptr01,0.237392771
Ptr01,0.13581445
Ptr01,0.26492237
Ptr01,0.119392089
Ptr01,0.152095361
Ptr01,0.133209244
Ptr01,0.126704779
Ptr01,0.165581192
Ptr01,0.108385188
Ptr01,0.253619852
Ptr01,0.186333705
Ptr01,0.225281912
Ptr01,0.140395562
Ptr01,0.205176014
Ptr01,0.158901677
Ptr01,0.385505857
Ptr01,0.146209355
Ptr01,0.245577501
Ptr01,0.190846508
Ptr01,0.161588308
Ptr01,0.224259072
Ptr01,0.095867203
Ptr01,0.20798302
Ptr01,0.168348319
Ptr01,0.119499149
Ptr01,0.138988071
Ptr01,0.235574711
Ptr01,0.337599466
Ptr01,0.178387008
Ptr01,0.130328973
Ptr01,0.125834698
Ptr01,0.273182275
Ptr01,0.150424569
Ptr01,0.128671334
Ptr01,0.224605426
Ptr01,0.196685484
Ptr01,0.2308563
Ptr01,0.191403446
Ptr01,0.099158893
Ptr01,0.163638128
Ptr01,0.119343137
Ptr01,0.133714361
Ptr01,0.184667213
Ptr01,0.152915387
Ptr01,0.182309204
Ptr01,0.203802648
Ptr01,0.101738831
Ptr01,0.133726911
Ptr01,0.120098644
Ptr01,0.136840154
Ptr01,0.186559252
Ptr01,0.185201096
Ptr01,0.120808147
Ptr01,0.204138366
Ptr01,0.109883609
Ptr01,0.181053372
Ptr01,0.140748776
Ptr01,0.226933872
Ptr01,0.23436942
Ptr01,0.090478697
Ptr01,0.171364386
Ptr01,0.167222735
Ptr01,0.081988009
Ptr01,0.172849146
Ptr01,0.329339873
Ptr01,0.222436753
Ptr01,0.242165923
Ptr01,0.129509093
Ptr01,0.178721485
Ptr01,0.177700011
Ptr01,0.238703758
Ptr01,0.268030061
Ptr01,0.127307832
Ptr01,0.235287207
Ptr01,0.193172619
Ptr01,0.12828937
Ptr01,0.15898916
Ptr01,0.14283408
Ptr01,0.187564934
Ptr01,0.174820538
Ptr01,0.187749464
Ptr01,0.478466031
Ptr01,0.094517251
Ptr01,0.181873439
Ptr01,0.196043659
Ptr01,0.192456254
Ptr01,0.132446454
Ptr01,0.12100554
Ptr01,0.106490459
Ptr01,0.320220516
Ptr01,0.181156037
Ptr01,0.261854569
Ptr01,0.133564899
Ptr01,0.213013631
Ptr01,0.150374694
Ptr01,0.220036484
Ptr01,0.142592358
Ptr01,0.168167096
Ptr01,0.143130684
Ptr01,0.20876235
Ptr01,0.287429664
Ptr01,0.122376661
Ptr01,0.143917255
Ptr01,0.163941739
Ptr01,0.193660821
Ptr01,0.103880007
Ptr01,0.16497335
Ptr01,0.216068257
Ptr01,0.168133181
Ptr01,0.115592646
Ptr01,0.219727527
Ptr01,0.202413157
Ptr01,0.249434768
Ptr01,0.101056975
Ptr01,0.171853658
Ptr01,0.178345021
Ptr01,0.178258775
Ptr01,0.233680086
Ptr01,0.254158288
Ptr01,0.154286126
Ptr01,0.251093565
Ptr01,0.236596706
Ptr01,0.248951456
Ptr01,0.180003269
Ptr01,0.210524413
Ptr01,0.136014877
Ptr01,0.164688578
Ptr01,0.149343117
Ptr01,0.187264198
Ptr01,0.134044711
Ptr01,0.263961187
Ptr01,0.172907055
Ptr01,0.166936438
Ptr01,0.139372133
Ptr01,0.212680278
Ptr01,0.237597159
Ptr01,0.154719702
Ptr01,0.103096806
Ptr01,0.186405335
Ptr01,0.145453921
Ptr01,0.119618501
Ptr01,0.169553783
Ptr01,0.168965105
Ptr01,0.208102665
Ptr01,0.275922567
Ptr01,0.2418353
Ptr01,0.19621105
Ptr01,0.124082726
Ptr01,0.163662772
Ptr01,0.17825194
Ptr01,0.159015783
Ptr01,0.263239963
Ptr01,0.11826534
Ptr01,0.147384262
Ptr01,0.1032894
Ptr01,0.123499458
Ptr01,0.152205988
Ptr01,0.197678488
Ptr01,0.140564789
Ptr01,0.215080617
Ptr01,0.148007892
Ptr01,0.156642234
Ptr01,0.264455561
Ptr01,0.305316468
Ptr01,0.139254932
Ptr01,0.205653934
Ptr01,0.228526467
Ptr01,0.192728785
Ptr01,0.192583329
Ptr01,0.236603532
Ptr01,0.225203194
Ptr01,0.072958288
Ptr01,0.150217237
Ptr01,0.095851856
Ptr01,0.102545203
Ptr01,0.187342892
Ptr01,0.388764887
Ptr01,0.219277858
Ptr01,0.215419731
Ptr01,0.229870077
Ptr01,0.120392266
Ptr01,0.205044862
Ptr01,0.149566
Ptr01,0.194255615
Ptr01,0.095143964
Ptr01,0.242292282
Ptr01,0.208025863
Ptr01,0.142652617
Ptr01,0.265472038
Ptr01,0.12518232
Ptr01,0.142359284
Ptr01,0.125583377
Ptr01,0.07715033
Ptr01,0.18814198
Ptr01,0.225848732
Ptr01,0.244943539
Ptr01,0.340895582
Ptr01,0.153987076
Ptr01,0.254812022
Ptr01,0.189467073
Ptr01,0.225544524
Ptr01,0.115992862
Ptr01,0.15965907
Ptr01,0.2189467
Ptr01,0.186439972
Ptr01,0.126251785
Ptr01,0.223051661
Ptr01,0.118489615
Ptr01,0.197153994
Ptr01,0.18674462
Ptr01,0.239874902
Ptr01,0.192576306
Ptr01,0.202281086
Ptr01,0.136273717
Ptr01,0.114514228
Ptr01,0.100628241
Ptr01,0.236419355
Ptr01,0.181601324
Ptr01,0.140858272
Ptr01,0.133126924
Ptr01,0.207817586
Ptr01,0.254639879
Ptr01,0.199464925
Ptr01,0.196977185
Ptr01,0.217313658
Ptr01,0.206629649
Ptr01,0.140980641
Ptr01,0.121978252
Ptr01,0.149837763
Ptr01,0.092687035
Ptr01,0.168272857
Ptr01,0.165923385
Ptr01,0.193699279
Ptr01,0.188022207
Ptr01,0.171803741
Ptr01,0.145556867
Ptr01,0.202635306
Ptr01,0.156916781
Ptr01,0.175002531
Ptr01,0.206848183
Ptr01,0.16449219
Ptr01,0.157554113
Ptr01,0.086680245
Ptr01,0.121582236
Ptr01,0.122311132
Ptr01,0.253476256
Ptr01,0.220200208
Ptr01,0.183208154
Ptr01,0.215060687
Ptr01,0.25682949
Ptr01,0.195249263
Ptr01,0.190467934
Ptr01,0.200179904
Ptr01,0.220916993
Ptr01,0.189399616
Ptr01,0.160454274
Ptr01,0.243836996
Ptr01,0.268416437
Ptr01,0.141391805
Ptr01,0.158377434
Ptr01,0.255278201
Ptr01,0.124389289
Ptr01,0.285041412
Ptr01,0.092838252
Ptr01,0.213649417
Ptr01,0.230372748
Ptr01,0.111175919
Ptr01,0.113931358
Ptr01,0.173245153
Ptr01,0.148145107
Ptr01,0.188019354
Ptr01,0.254936841
Ptr01,0.241327769
Ptr01,0.139331094
Ptr01,0.210699757
Ptr01,0.191003592
Ptr01,0.219724822
Ptr01,0.252736212
Ptr01,0.210819354
Ptr01,0.176330898
Ptr01,0.194620501
Ptr01,0.150615142
Ptr01,0.138803192
Ptr01,0.125555356
Ptr01,0.252526027
Ptr01,0.128952469
Ptr01,0.198619551
Ptr01,0.142816031
Ptr01,0.178254569
Ptr01,0.202136256
Ptr01,0.155868607
Ptr01,0.174928879
Ptr01,0.174085544
Ptr01,0.102350316
Ptr01,0.152042027
Ptr01,0.114440179
Ptr01,0.244642083
Ptr01,0.186082592
Ptr01,0.178157544
Ptr01,0.160094415
Ptr01,0.187882471
Ptr01,0.210745404
Ptr01,0.137380345
Ptr01,0.142477349
Ptr01,0.178303386
Ptr01,0.139666714
Ptr01,0.109386759
Ptr01,0.34846124
Ptr01,0.190310618
Ptr01,0.182309345
Ptr01,0.20745037
Ptr01,0.154663832
Ptr01,0.082837332
Ptr01,0.178871293
Ptr01,0.190017143
Ptr01,0.315143963
Ptr01,0.086039767
Ptr01,0.146322923
Ptr01,0.259532812
Ptr01,0.115590388
Ptr01,0.177283748
Ptr01,0.11474417
Ptr01,0.15678392
Ptr01,0.198011983
Ptr01,0.116209263
Ptr01,0.130329776
Ptr01,0.279867421
Ptr01,0.132969456
Ptr01,0.140207472
Ptr01,0.133783068
Ptr01,0.206919042
Ptr01,0.101346241
Ptr01,0.161185581
Ptr01,0.207238845
Ptr01,0.123789453
Ptr01,0.137097815
Ptr01,0.180618225
Ptr01,0.201554844
Ptr01,0.24447936
Ptr01,0.335899135
Ptr01,0.208598527
Ptr01,0.192057971
Ptr01,0.378608942
Ptr01,0.216104688
Ptr01,0.185192164
Ptr01,0.103012105
Ptr01,0.184657102
Ptr01,0.144885594
Ptr01,0.16162835
Ptr01,0.102199313
Ptr01,0.460423416
Ptr01,0.195133565
Ptr01,0.07761671
Ptr01,0.160306781
Ptr01,0.170645835
Ptr01,0.197932089
Ptr01,0.172135061
Ptr01,0.100703711
Ptr01,0.195590993
Ptr01,0.194746843
Ptr01,0.167571701
Ptr01,0.275431938
Ptr01,0.104751234
Ptr01,0.13116697
Ptr01,0.19102899
Ptr01,0.109619847
Ptr01,0.22875876
Ptr01,0.101660308
Ptr01,0.15470476
Ptr01,0.240308378
Ptr01,0.209421889
Ptr01,0.213105632
Ptr01,0.239413954
Ptr01,0.131535204
Ptr01,0.373978039
Ptr01,0.186645035
Ptr01,0.213843605
Ptr01,0.126812697
Ptr01,0.175710735
Ptr01,0.145276608
Ptr01,0.241223867
Ptr01,0.12239969
Ptr01,0.244200387
Ptr01,0.160336773
Ptr01,0.075178444
Ptr01,0.140541439
Ptr01,0.142950771
Ptr01,0.171875878
Ptr01,0.1485505
Ptr01,0.229386362
Ptr01,0.153700077
Ptr01,0.122809999
Ptr01,0.156052328
Ptr01,0.18728779
Ptr01,0.188222827
Ptr01,0.121881944
Ptr01,0.170339234
Ptr01,0.204388546
Ptr01,0.184962227
Ptr01,0.083396987
Ptr01,0.215390235
Ptr01,0.191915278
Ptr01,0.124310932
Ptr01,0.114746922
Ptr01,0.187223932
Ptr01,0.207439809
Ptr01,0.216721818
Ptr01,0.127228416
Ptr01,0.180359618
Ptr01,0.229977088
Ptr01,0.202818884
Ptr01,0.206565693
Ptr01,0.21295847
Ptr01,0.21095102
Ptr01,0.23399819
Ptr01,0.162247672
Ptr01,0.1959039
Ptr01,0.090202465
Ptr01,0.232721949
Ptr01,0.163940698
Ptr01,0.171931676
Ptr01,0.171452947
Ptr01,0.18908753
Ptr01,0.097486689
Ptr01,0.144760543
Ptr01,0.139956915
Ptr01,0.232665976
Ptr01,0.180662847
Ptr01,0.156585784
Ptr01,0.222162758
Ptr01,0.137586709
Ptr01,0.143743049
Ptr01,0.162110488
Ptr01,0.130430599
Ptr01,0.173401207
Ptr01,0.141905813
Ptr01,0.220982521
Ptr01,0.15283645
Ptr01,0.132921095
Ptr01,0.204839428
Ptr01,0.336673899
Ptr01,0.14415434
Ptr01,0.095618366
Ptr01,0.151042281
Ptr01,0.224469077
Ptr01,0.24553267
Ptr01,0.182883349
Ptr01,0.152171302
Ptr01,0.179717227
Ptr01,0.258474844
Ptr01,0.150100236
Ptr01,0.13924977
Ptr01,0.15608019
Ptr01,0.1153341
Ptr01,0.251524937
Ptr01,0.231811695
Ptr01,0.201185622
Ptr01,0.138398872
Ptr01,0.199737257
Ptr01,0.064789016
Ptr01,0.193249384
Ptr01,0.255465014
Ptr01,0.170554769
Ptr01,0.23154356
Ptr01,0.196059519
Ptr01,0.11541181
Ptr01,0.161358428
Ptr01,0.126485321
Ptr01,0.17026954
Ptr01,0.185002202
Ptr01,0.134150559
Ptr01,0.130411534
Ptr01,0.182340103
Ptr01,0.156457698
Ptr01,0.172943814
Ptr01,0.174008801
Ptr01,0.260448274
Ptr01,0.147813001
Ptr01,0.192553469
Ptr01,0.159954775
Ptr01,0.116720699
Ptr01,0.176797251
Ptr01,0.103131053
Ptr01,0.09093609
Ptr01,0.16162043
Ptr01,0.175747266
Ptr01,0.211000182
Ptr01,0.15151157
Ptr01,0.157880606
Ptr01,0.124628198
Ptr01,0.213038314
Ptr01,0.25598937
Ptr01,0.182906742
Ptr01,0.164935768
Ptr01,0.12574906
Ptr01,0.202284866
Ptr01,0.322054119
Ptr01,0.172988035
Ptr01,0.164826989
Ptr01,0.181035033
Ptr01,0.147629262
Ptr01,0.12742534
Ptr01,0.19465307
Ptr01,0.220071028
Ptr01,0.126420866
Ptr01,0.091694268
Ptr01,0.150261417
Ptr01,0.219399708
Ptr01,0.086701661
Ptr01,0.150391287
Ptr01,0.164761818
Ptr01,0.249803795
Ptr01,0.126606432
Ptr01,0.173344118
Ptr01,0.221574588
Ptr01,0.171152514
Ptr01,0.162104572
Ptr01,0.218784776
Ptr01,0.136202101
Ptr01,0.103945578
Ptr01,0.211022615
Ptr01,0.303152647
Ptr01,0.177185917
Ptr01,0.244219313
Ptr01,0.18396941
Ptr01,0.166226749
Ptr01,0.088235145
Ptr01,0.11363983
Ptr01,0.19215341
Ptr01,0.216172394
Ptr01,0.201218957
Ptr01,0.121047205
Ptr01,0.249238504
Ptr01,0.217157114
Ptr01,0.26971232
Ptr01,0.212646444
Ptr01,0.238681393
Ptr01,0.136630473
Ptr01,0.078938746
Ptr01,0.146549759
Ptr01,0.236298168
Ptr01,0.190440984
Ptr01,0.271927462
Ptr01,0.211012882
Ptr01,0.150572647
Ptr01,0.138602049
Ptr01,0.179289051
Ptr01,0.137178056
Ptr01,0.222199546
Ptr01,0.100910232
Ptr01,0.187924253
Ptr01,0.098525046
Ptr01,0.235738962
Ptr01,0.216345713
Ptr01,0.175984666
Ptr01,0.182792972
Ptr01,0.19587318
Ptr01,0.218705049
Ptr01,0.226806183
Ptr01,0.229599637
Ptr01,0.252455426
Ptr01,0.147596546
Ptr01,0.099061905
Ptr01,0.152485054
Ptr01,0.134683935
Ptr01,0.189393203
Ptr01,0.199917389
Ptr01,0.213791956
Ptr01,0.256920825
Ptr01,0.343772805
Ptr01,0.123266668
Ptr01,0.244857039
Ptr01,0.154720784
Ptr01,0.197542926
Ptr01,0.229126624
Ptr01,0.192854922
Ptr01,0.23629917
Ptr01,0.138595486
Ptr01,0.106310664
Ptr01,0.160441817
Ptr01,0.101703241
Ptr01,0.135935526
Ptr01,0.175090476
Ptr01,0.203289922
Ptr01,0.161611208
Ptr01,0.159065419
Ptr01,0.155178427
Ptr01,0.203551839
Ptr01,0.238003701
Ptr01,0.161363831
Ptr01,0.148161328
Ptr01,0.149956903
Ptr01,0.189915887
Ptr01,0.214994259
Ptr01,0.199898729
Ptr01,0.14340328
Ptr01,0.297621683
Ptr01,0.234063055
Ptr01,0.128930971
Ptr01,0.11958171
Ptr01,0.238186772
Ptr01,0.190203063
Ptr01,0.160307206
Ptr01,0.244311861
Ptr01,0.107758144
Ptr01,0.114095635
Ptr01,0.150428181
Ptr01,0.231826282
Ptr01,0.231018996
Ptr01,0.172507681
Ptr01,0.130881533
Ptr01,0.104136657
Ptr01,0.145470739
Ptr01,0.185560278
Ptr01,0.10021684
Ptr01,0.224978389
Ptr01,0.283896764
Ptr01,0.130146507
Ptr01,0.222009403
Ptr01,0.180741153
Ptr01,0.141298379
Ptr01,0.133486418
Ptr01,0.091328009
Ptr01,0.236552881
Ptr01,0.496443475
Ptr01,0.221221174
Ptr01,0.143289206
Ptr01,0.231771929
Ptr01,0.211411244
Ptr01,0.180557307
Ptr01,0.152986083
Ptr01,0.205341352
Ptr01,0.176048432
Ptr01,0.174781284
Ptr01,0.252942853
Ptr01,0.166264762
Ptr01,0.175856173
Ptr01,0.16623747
Ptr01,0.184479067
Ptr01,0.22854855
Ptr01,0.215247343
Ptr01,0.145478636
Ptr01,0.177984298
Ptr01,0.192073317
Ptr01,0.143483864
Ptr01,0.176990847
Ptr01,0.251848109
Ptr01,0.155279649
Ptr01,0.090339446
Ptr01,0.172892674
Ptr01,0.111603673
Ptr01,0.24792324
Ptr01,0.130377398
Ptr02,0.120632923
Ptr02,0.207486175
Ptr02,0.258343128
Ptr02,0.187343381
Ptr02,0.2056321
Ptr02,0.210254653
Ptr02,0.142826789
Ptr02,0.225071374
Ptr02,0.173696465
Ptr02,0.241906544
Ptr02,0.236071751
Ptr02,0.204212575
Ptr02,0.162241246
Ptr02,0.151159271
Ptr02,0.05716783
Ptr02,0.19776292
Ptr02,0.116582313
Ptr02,0.243203941
Ptr02,0.211786859
Ptr02,0.138887865
Ptr02,0.165561501
Ptr02,0.192737067
Ptr02,0.141682227
Ptr02,0.178790676
Ptr02,0.215401697
Ptr02,0.147027195
Ptr02,0.156781205
Ptr02,0.125035847
Ptr02,0.161398912
Ptr02,0.1853929
Ptr02,0.206078952
Ptr02,0.148511835
Ptr02,0.269570262
Ptr02,0.143226426
Ptr02,0.108857442
Ptr02,0.217084673
Ptr02,0.33872104
Ptr02,0.175189909
Ptr02,0.151155714
Ptr02,0.13231948
Ptr02,0.213352447
Ptr02,0.335849185
Ptr02,0.196952861
Ptr02,0.216634388
Ptr02,0.175067623
Ptr02,0.150973281
Ptr02,0.216239087
Ptr02,0.159441183
Ptr02,0.145967448
Ptr02,0.158193535
Ptr02,0.221852203
Ptr02,0.075766723
Ptr02,0.229894838
Ptr02,0.160411048
Ptr02,0.156278066
Ptr02,0.188906475
Ptr02,0.220513098
Ptr02,0.237428423
Ptr02,0.113994097
Ptr02,0.194623544
Ptr02,0.192983467
Ptr02,0.258178857
Ptr02,0.134302791
Ptr02,0.239396594
Ptr02,0.195377956
Ptr02,0.232874759
Ptr02,0.170703131
Ptr02,0.186420902
Ptr02,0.128308067
Ptr02,0.155212043
Ptr02,0.233309192
Ptr02,0.142372227
Ptr02,0.22190855
Ptr02,0.245803558
Ptr02,0.186728414
Ptr02,0.119804255
Ptr02,0.142093888
Ptr02,0.224505233
Ptr02,0.134124965
Ptr02,0.191139968
Ptr02,0.163078894
Ptr02,0.121212667
Ptr02,0.206338111
Ptr02,0.148811566
Ptr02,0.177678637
Ptr02,0.180881712
Ptr02,0.193952626
Ptr02,0.223715281
Ptr02,0.17875628
Ptr02,0.200235037
Ptr02,0.16911994
Ptr02,0.184489227
Ptr02,0.160989276
Ptr02,0.209599983
Ptr02,0.206906156
Ptr02,0.201630363
Ptr02,0.154712225
Ptr02,0.184427914
Ptr02,0.154895142
Ptr02,0.206839496
Ptr02,0.142745909
Ptr02,0.239990657
Ptr02,0.115561143
Ptr02,0.150187623
Ptr02,0.153771108
Ptr02,0.218797905
Ptr02,0.209669943
Ptr02,0.247152463
Ptr02,0.193340798
Ptr02,0.223523966
Ptr02,0.229490691
Ptr02,0.240023501
Ptr02,0.128146354
Ptr02,0.189283023
Ptr02,0.153942973
Ptr02,0.186208929
Ptr02,0.084153105
Ptr02,0.232131292
Ptr02,0.164281758
Ptr02,0.179124189
Ptr02,0.176053258
Ptr02,0.328987795
Ptr02,0.210167689
Ptr02,0.157678877
Ptr02,0.22907691
Ptr02,0.185097747
Ptr02,0.2055407
Ptr02,0.103300558
Ptr02,0.184169855
Ptr02,0.180877697
Ptr02,0.163794459
Ptr02,0.232874191
Ptr02,0.20741112
Ptr02,0.191732752
Ptr02,0.193706695
Ptr02,0.130613772
Ptr02,0.136748437
Ptr02,0.226277826
Ptr02,0.128604783
Ptr02,0.207548387
Ptr02,0.167747223
Ptr02,0.170750101
Ptr02,0.145382571
Ptr02,0.134200535
Ptr02,0.214717167
Ptr02,0.194190048
Ptr02,0.261207461
Ptr02,0.184572507
Ptr02,0.225196982
Ptr02,0.230442979
Ptr02,0.177296393
Ptr02,0.180838757
Ptr02,0.182501927
Ptr02,0.10878725
Ptr02,0.198321938
Ptr02,0.188773995
Ptr02,0.204782142
Ptr02,0.143388245
Ptr02,0.238600575
Ptr02,0.355129346
Ptr02,0.216646788
Ptr02,0.185460062
Ptr02,0.2217412
Ptr02,0.108584476
Ptr02,0.22578529
Ptr02,0.101766825
Ptr02,0.257727129
Ptr02,0.252059993
Ptr02,0.210285142
Ptr02,0.212202798
Ptr02,0.302885742
Ptr02,0.14489738
Ptr02,0.109322454
Ptr02,0.132155601
Ptr02,0.21899276
Ptr02,0.142692769
Ptr02,0.219605531
Ptr02,0.259684064
Ptr02,0.186220802
Ptr02,0.156361953
Ptr02,0.184682246
Ptr02,0.180727797
Ptr02,0.071052665
Ptr02,0.1671752
Ptr02,0.196380361
Ptr02,0.173518565
Ptr02,0.160964265
Ptr02,0.240547212
Ptr02,0.195567369
Ptr02,0.120754128
Ptr02,0.181978536
Ptr02,0.094046687
Ptr02,0.206742998
Ptr02,0.22746083
Ptr02,0.124508512
Ptr02,0.156849022
Ptr02,0.233839918
Ptr02,0.162727578
Ptr02,0.19492323
Ptr02,0.165967625
Ptr02,0.11351104
Ptr02,0.1584587
Ptr02,0.160961199
Ptr02,0.252957926
Ptr02,0.221273216
Ptr02,0.214042496
Ptr02,0.171148892
Ptr02,0.253837599
Ptr02,0.200462045
Ptr02,0.172830437
Ptr02,0.136714988
Ptr02,0.168439356
Ptr02,0.240285596
Ptr02,0.146127066
Ptr02,0.152343697
Ptr02,0.189003989
Ptr02,0.170187613
Ptr02,0.165739604
Ptr02,0.187754205
Ptr02,0.232729227
Ptr02,0.20116652
Ptr02,0.171376558
Ptr02,0.146002324
Ptr02,0.25843578
Ptr02,0.228953968
Ptr02,0.219210561
Ptr02,0.243505561
Ptr02,0.213326519
Ptr02,0.136032655
Ptr02,0.159626139
Ptr02,0.232405359
Ptr02,0.247371227
Ptr02,0.216217756
Ptr02,0.124681697
Ptr02,0.187727881
Ptr02,0.100859797
Ptr02,0.18708771
Ptr02,0.245747755
Ptr02,0.143332197
Ptr02,0.249330631
Ptr02,0.209335188
Ptr02,0.212406235
Ptr02,0.222860288
Ptr02,0.171103466
Ptr02,0.163053284
Ptr02,0.165943938
Ptr02,0.172288649
Ptr02,0.237323011
Ptr02,0.153489589
Ptr02,0.221712193
Ptr02,0.20768083
Ptr02,0.14492214
Ptr02,0.309892737
Ptr02,0.244143745
Ptr02,0.231450423
Ptr02,0.205013406
Ptr02,0.218033827
Ptr02,0.091216348
Ptr02,0.190085152
Ptr02,0.170305683
Ptr02,0.219362562
Ptr02,0.23952329
Ptr02,0.306684993
Ptr02,0.225409858
Ptr02,0.257924459
Ptr02,0.162115128
Ptr02,0.19484097
Ptr02,0.140450737
Ptr02,0.122212733
Ptr02,0.161437518
Ptr02,0.193300192
Ptr02,0.163486613
Ptr02,0.200471642
Ptr02,0.104297632
Ptr02,0.328105441
Ptr02,0.178715978
Ptr02,0.181161086
Ptr02,0.194438588
Ptr02,0.282188463
Ptr02,0.220684099
Ptr02,0.180429635
Ptr02,0.364658285
Ptr02,0.165321642
Ptr02,0.2691945
Ptr02,0.187146336
Ptr02,0.167762198
Ptr02,0.172235351
Ptr02,0.308152775
Ptr02,0.153202726
Ptr02,0.343906468
Ptr02,0.345737327
Ptr02,0.169605956
Ptr02,0.246601644
Ptr02,0.213946619
Ptr02,0.132205495
Ptr02,0.254167992
Ptr02,0.147498507
Ptr02,0.127863438
Ptr02,0.17692514
Ptr02,0.196668496
Ptr02,0.207477805
Ptr02,0.141695352
Ptr02,0.135819693
Ptr02,0.258404316
Ptr02,0.200363799
Ptr02,0.138755676
Ptr02,0.119138705
Ptr02,0.228159296
Ptr02,0.201844929
Ptr02,0.176508468
Ptr02,0.195827694
Ptr02,0.171058118
Ptr02,0.213008431
Ptr02,0.232834131
Ptr02,0.18026569
Ptr02,0.190698735
Ptr02,0.14124477
Ptr02,0.125905172
Ptr02,0.243502527
Ptr02,0.138558578
Ptr02,0.15358759
Ptr02,0.150260225
Ptr02,0.211331987
Ptr02,0.213711394
Ptr02,0.196484642
Ptr02,0.223953497
Ptr02,0.148413852
Ptr02,0.191209351
Ptr02,0.124875215
Ptr02,0.208902723
Ptr02,0.11563994
Ptr02,0.165672026
Ptr02,0.195011154
Ptr02,0.191124931
Ptr02,0.102669852
Ptr02,0.169162974
Ptr02,0.251344335
Ptr02,0.204480446
Ptr02,0.072588944
Ptr02,0.166905757
Ptr02,0.082906582
Ptr02,0.201167472
Ptr02,0.155537102
Ptr02,0.15927676
Ptr02,0.211722185
Ptr02,0.21989123
Ptr02,0.26524737
Ptr02,0.189851707
Ptr02,0.211405569
Ptr02,0.091013248
Ptr02,0.226373312
Ptr02,0.125144958
Ptr02,0.141364037
Ptr02,0.172276807
Ptr02,0.28531118
Ptr02,0.22266157
Ptr02,0.160082983
Ptr02,0.157337109
Ptr02,0.146852173
Ptr02,0.167977489
Ptr02,0.202663584
Ptr02,0.149398477
Ptr02,0.207385743
Ptr02,0.222419104
Ptr02,0.184771759
Ptr02,0.205639093
Ptr02,0.217799998
Ptr02,0.16387142
Ptr02,0.170459651
Ptr02,0.16470974
Ptr02,0.125964989
Ptr02,0.20885783
Ptr02,0.197900078
Ptr02,0.228352909
Ptr02,0.153601829
Ptr02,0.136783667
Ptr02,0.116300127
Ptr02,0.236971283
Ptr02,0.195040232
Ptr02,0.173512079
Ptr02,0.108186827
Ptr02,0.161195745
Ptr02,0.176959766
Ptr02,0.280920689
Ptr02,0.246980851
Ptr02,0.163572975
Ptr02,0.142389224
Ptr02,0.21712343
Ptr02,0.234563609
Ptr02,0.132288937
Ptr02,0.147200047
Ptr02,0.080839259
Ptr02,0.188630683
Ptr02,0.191627839
Ptr02,0.197549886
Ptr02,0.259937315
Ptr02,0.144604527
Ptr02,0.154044086
Ptr02,0.208338626
Ptr02,0.221094595
Ptr02,0.136655096
Ptr02,0.22650695
Ptr02,0.197167482
Ptr02,0.206302242
Ptr02,0.154015997
Ptr02,0.213126395
Ptr02,0.236925066
Ptr02,0.235037115
Ptr02,0.435290129
Ptr02,0.243658104
Ptr02,0.189279768
Ptr02,0.218964766
Ptr02,0.22778694
Ptr02,0.121491154
Ptr02,0.164822615
Ptr02,0.19735039
Ptr02,0.217599898
Ptr02,0.205550948
Ptr02,0.143094565
Ptr02,0.320570974
Ptr02,0.20230052
Ptr02,0.210238256
Ptr02,0.23387457
Ptr02,0.169467546
Ptr02,0.218882732
Ptr02,0.189828804
Ptr02,0.161557269
Ptr02,0.139589593
Ptr02,0.241071479
Ptr02,0.148055823
Ptr02,0.221846783
Ptr02,0.21844316
Ptr02,0.386935504
Ptr02,0.186376545
Ptr02,0.171431861
Ptr02,0.161222361
Ptr02,0.192594779
Ptr02,0.273270627
Ptr02,0.138809589
Ptr02,0.216945668
Ptr02,0.193501783
Ptr02,0.204497933
Ptr02,0.165359443
Ptr02,0.251888484
Ptr02,0.213620026
Ptr02,0.161179052
Ptr02,0.199827082
Ptr02,0.207423056
Ptr02,0.199424634
Ptr02,0.105899073
Ptr02,0.190581883
Ptr02,0.242869622
Ptr02,0.150026585
Ptr02,0.218381757
Ptr02,0.162889606
Ptr02,0.316954896
Ptr02,0.094055677
Ptr02,0.075676853
Ptr02,0.132472728
Ptr02,0.207786774
Ptr02,0.17805068
Ptr02,0.218901454
Ptr02,0.264243923
Ptr02,0.177059563
Ptr02,0.22395221
Ptr02,0.182609049
Ptr02,0.223898393
Ptr02,0.267694113
Ptr02,0.21418933
Ptr02,0.219285651
Ptr02,0.211270162
Ptr02,0.201693541
Ptr02,0.197040139
Ptr02,0.131677302
Ptr02,0.22786663
Ptr02,0.10669082
Ptr02,0.120533387
Ptr02,0.194278072
Ptr02,0.21195641
Ptr02,0.169058633
Ptr02,0.139708244
Ptr02,0.213595974
Ptr02,0.143750791
Ptr02,0.140243363
Ptr02,0.233467731
Ptr02,0.218323443
Ptr02,0.175899617
Ptr02,0.20978231
Ptr02,0.210560815
Ptr02,0.144311422
Ptr02,0.134575145
Ptr02,0.222291478
Ptr02,0.201589492
Ptr02,0.201831518
Ptr02,0.162746845
Ptr02,0.209491899
Ptr02,0.091596833
Ptr02,0.231785889
Ptr02,0.186649582
Ptr02,0.14784841
Ptr02,0.184646446
Ptr02,0.178462708
Ptr02,0.146561571
Ptr02,0.188936338
Ptr02,0.156339271
Ptr02,0.136368366
Ptr02,0.142436638
Ptr02,0.115903292
Ptr02,0.229259772
Ptr02,0.230923237
Ptr02,0.152650836
Ptr02,0.16751317
Ptr02,0.170953763
Ptr02,0.21510398
Ptr02,0.132785663
Ptr02,0.171974093
Ptr02,0.246690597
Ptr02,0.201887401
Ptr02,0.237966139
Ptr02,0.14306146
Ptr02,0.192660497
Ptr02,0.162882316
Ptr02,0.269063835
Ptr02,0.192501821
Ptr02,0.224238861
Ptr02,0.21349171
Ptr02,0.16800059
Ptr02,0.379871102
Ptr02,0.165550588
Ptr02,0.151261039
Ptr02,0.103484405
Ptr02,0.293588191
Ptr02,0.208907245
Ptr02,0.173810912
Ptr02,0.198343067
Ptr02,0.180345188
Ptr02,0.141760951
Ptr02,0.09075216
Ptr02,0.220735787
Ptr02,0.123434392
Ptr02,0.085053139
Ptr02,0.284316645
Ptr02,0.169910339
Ptr02,0.222285137
Ptr02,0.144760615
Ptr02,0.179986705
Ptr02,0.253996919
Ptr02,0.170675843
Ptr02,0.177071613
Ptr02,0.205871188
Ptr02,0.160228971
Ptr02,0.167128439
Ptr02,0.211491865
Ptr02,0.171410702
Ptr02,0.152838136
Ptr02,0.152584429
Ptr02,0.218309852
Ptr02,0.137692154
Ptr02,0.162516528
Ptr02,0.478273018
Ptr02,0.140475504
Ptr02,0.218131404
Ptr02,0.249389625
Ptr02,0.213023815
Ptr02,0.216630119
Ptr02,0.209038259
Ptr02,0.159066936
Ptr02,0.186378405
Ptr02,0.211481745
Ptr02,0.178882865
Ptr02,0.240904522
Ptr02,0.215898115
Ptr02,0.109769738
Ptr02,0.151490391
Ptr02,0.164704234
Ptr02,0.237312728
Ptr02,0.178129658
Ptr02,0.184526982
Ptr02,0.119717463
Ptr02,0.226863641
Ptr02,0.227324641
Ptr02,0.123855581
Ptr02,0.131869027
Ptr02,0.163516876
Ptr02,0.188312876
Ptr02,0.276450624
Ptr02,0.230756376
Ptr02,0.144582862
Ptr02,0.222610904
Ptr02,0.223574384
Ptr02,0.112569629
Ptr02,0.204581893
Ptr02,0.195538106
Ptr02,0.243854937
Ptr02,0.128594008
Ptr02,0.184435979
Ptr02,0.149662798
Ptr02,0.37659193
Ptr02,0.245737497
Ptr02,0.180745926
Ptr02,0.174546987
Ptr02,0.229333857
Ptr02,0.170114658
Ptr02,0.246846473
Ptr02,0.240327282
Ptr02,0.195550676
Ptr02,0.18737986
Ptr02,0.170737183
Ptr02,0.19038004
Ptr02,0.176239491
Ptr02,0.233161343
Ptr02,0.191005719
Ptr02,0.168685428
Ptr02,0.226837553
Ptr02,0.260831441
Ptr02,0.208255297
Ptr02,0.199886157
Ptr02,0.189966341
Ptr02,0.099644635
Ptr02,0.158293084
Ptr02,0.225384034
Ptr02,0.223955806
Ptr02,0.249090857
Ptr02,0.201981494
Ptr02,0.154237064
Ptr02,0.362390643
Ptr02,0.197823708
Ptr02,0.096711812
Ptr02,0.14911665
Ptr02,0.132760639
Ptr02,0.131022377
Ptr02,0.152457669
Ptr02,0.172003916
Ptr02,0.194712645
Ptr02,0.183426366
Ptr02,0.176439982
Ptr02,0.130033626
Ptr02,0.136460911
Ptr02,0.241028357
Ptr02,0.175210143
Ptr02,0.181789821
Ptr02,0.162246964
Ptr02,0.162358035
Ptr02,0.168130522
Ptr02,0.190427286
Ptr02,0.252982035
Ptr02,0.183222602
Ptr02,0.160676335
Ptr02,0.140061343
Ptr02,0.156723929
Ptr02,0.23678021
Ptr02,0.220027844
Ptr02,0.195073045
Ptr02,0.204147628
Ptr02,0.206903202
Ptr02,0.10072157
Ptr02,0.291941192
Ptr02,0.192816907
Ptr02,0.237495343
Ptr02,0.222008286
Ptr02,0.245360406
Ptr02,0.16817879
Ptr02,0.446164794
Ptr02,0.209857766
Ptr02,0.205503971
Ptr02,0.206897872
Ptr02,0.139405935
Ptr02,0.236913117
Ptr02,0.201355751
Ptr02,0.187822733
Ptr02,0.196831583
Ptr02,0.183835909
Ptr02,0.27355918
Ptr02,0.183375218
Ptr02,0.335204476
Ptr02,0.252677133
Ptr02,0.190307815
Ptr02,0.235620268
Ptr02,0.131279829
Ptr02,0.185502146
Ptr02,0.231432929
Ptr02,0.166643326
Ptr02,0.162855045
Ptr02,0.230117714
Ptr02,0.208538299
Ptr02,0.211466536
Ptr02,0.13723029
Ptr02,0.259973218
Ptr02,0.209043528
Ptr02,0.180291435
Ptr02,0.252727663
Ptr02,0.234365625
Ptr02,0.256582265
Ptr02,0.241360548
Ptr02,0.203534372
Ptr02,0.236637676
Ptr02,0.233247734
Ptr02,0.231178175
Ptr02,0.296384818
Ptr02,0.202539482
Ptr02,0.251743742
Ptr02,0.130460086
Ptr02,0.167325574
Ptr02,0.151745295
Ptr02,0.255055457
Ptr02,0.164798858
Ptr02,0.139063134
Ptr02,0.159986781
Ptr02,0.228320397
Ptr02,0.174189154
Ptr02,0.18474374
Ptr02,0.242919131
Ptr02,0.228125531
Ptr02,0.195976368
Ptr02,0.264555847
Ptr02,0.202042957
Ptr02,0.157770562
Ptr02,0.090414033
Ptr02,0.225002865
Ptr02,0.218558661
Ptr02,0.147711669
Ptr02,0.167127667
Ptr02,0.217203316
Ptr02,0.2018204
Ptr02,0.142041372
Ptr02,0.235036478
Ptr02,0.249859064
Ptr02,0.209552023
Ptr02,0.181536069
Ptr02,0.175134763
Ptr02,0.176402675
Ptr02,0.144689565
Ptr02,0.443534872
Ptr02,0.199595202
Ptr02,0.23017213
Ptr02,0.16896384
Ptr02,0.146530947
Ptr02,0.225741338
Ptr02,0.168463791
Ptr02,0.175702734
Ptr02,0.249908803
Ptr02,0.144961544
Ptr02,0.176908667
Ptr02,0.168766569
Ptr02,0.196563969
Ptr02,0.209361641
Ptr02,0.183651343
Ptr02,0.168705574
Ptr02,0.210123594
Ptr02,0.190323436
Ptr02,0.174110764
Ptr02,0.233855901
Ptr02,0.235584734
Ptr02,0.213312994
Ptr02,0.080263477
Ptr02,0.232824152
Ptr02,0.170621118
Ptr02,0.228471697
Ptr02,0.158267529
Ptr02,0.15071998
Ptr02,0.171455555
Ptr02,0.138418046
Ptr02,0.247731781
Ptr02,0.217492245
Ptr02,0.268161281
Ptr02,0.086074082
Ptr02,0.188166371
Ptr02,0.198896175
Ptr02,0.162468327
Ptr02,0.325611271
Ptr02,0.121008917
Ptr02,0.207641998
Ptr02,0.18811826
Ptr02,0.094232326
Ptr02,0.166825826
Ptr02,0.150849752
Ptr02,0.183189884
Ptr02,0.195886795
Ptr02,0.244481477
Ptr02,0.170825125
Ptr02,0.205651996
Ptr02,0.157771195
Ptr02,0.241112885
Ptr02,0.190533543
Ptr02,0.134461237
Ptr02,0.190955383
Ptr02,0.17461164
Ptr02,0.237934824
Ptr02,0.083529838
Ptr02,0.255961069
Ptr02,0.19880196
Ptr03,0.13195336
Ptr03,0.159144555
Ptr03,0.190165358
Ptr03,0.198708212
Ptr03,0.152155057
Ptr03,0.138420145
Ptr03,0.251412195
Ptr03,0.132836326
Ptr03,0.130155741
Ptr03,0.169629369
Ptr03,0.132737938
Ptr03,0.071141535
Ptr03,0.178668538
Ptr03,0.109346795
Ptr03,0.172939202
Ptr03,0.058691423
Ptr03,0.163103199
Ptr03,0.145308987
Ptr03,0.179062483
Ptr03,0.151750529
Ptr03,0.13372838
Ptr03,0.195582021
Ptr03,0.155937807
Ptr03,0.089291252
Ptr03,0.132425584
Ptr03,0.2029266
Ptr03,0.113900494
Ptr03,0.147151553
Ptr03,0.166462085
Ptr03,0.139894501
Ptr03,0.112593024
Ptr03,0.175098055
Ptr03,0.180544668
Ptr03,0.150746628
Ptr03,0.140350472
Ptr03,0.134689209
Ptr03,0.195103627
Ptr03,0.157182529
Ptr03,0.179415351
Ptr03,0.143575282
Ptr03,0.184321665
Ptr03,0.176756415
Ptr03,0.194301163
Ptr03,0.085424607
Ptr03,0.200146046
Ptr03,0.165982789
Ptr03,0.157856783
Ptr03,0.121568818
Ptr03,0.180393164
Ptr03,0.243655288
Ptr03,0.091414532
Ptr03,0.144331864
Ptr03,0.054728067
Ptr03,0.162981139
Ptr03,0.092212746
Ptr03,0.124891343
Ptr03,0.137867941
Ptr03,0.21020214
Ptr03,0.163554468
Ptr03,0.057993342
Ptr03,0.132129605
Ptr03,0.142472635
Ptr03,0.119196235
Ptr03,0.150624934
Ptr03,0.163220294
Ptr03,0.149323863
Ptr03,0.211022983
Ptr03,0.136413638
Ptr03,0.136703874
Ptr03,0.155718883
Ptr03,0.161206742
Ptr03,0.138025819
Ptr03,0.200096904
Ptr03,0.13739751
Ptr03,0.174099481
Ptr03,0.111252678
Ptr03,0.132397554
Ptr03,0.150373037
Ptr03,0.143724538
Ptr03,0.12096212
Ptr03,0.225133874
Ptr03,0.181986485
Ptr03,0.123927211
Ptr03,0.169452845
Ptr03,0.1207123
Ptr03,0.139163361
Ptr03,0.172928079
Ptr03,0.135984662
Ptr03,0.156240703
Ptr03,0.197659429
Ptr03,0.193724474
Ptr03,0.141911795
Ptr03,0.149322749
Ptr03,0.079770022
Ptr03,0.130301335
Ptr03,0.199629503
Ptr03,0.189389027
Ptr03,0.200538493
Ptr03,0.19895453
Ptr03,0.143572553
Ptr03,0.144241302
Ptr03,0.106430793
Ptr03,0.172592671
Ptr03,0.111128208
Ptr03,0.168383618
Ptr03,0.163004427
Ptr03,0.104054551
Ptr03,0.18084591
Ptr03,0.133718821
Ptr03,0.083101465
Ptr03,0.125312336
Ptr03,0.149320211
Ptr03,0.169915394
Ptr03,0.137681673
Ptr03,0.0998925
Ptr03,0.077627847
Ptr03,0.14677507
Ptr03,0.138824241
Ptr03,0.183702209
Ptr03,0.223169974
Ptr03,0.212139705
Ptr03,0.140203045
Ptr03,0.189972014
Ptr03,0.193457351
Ptr03,0.156210405
Ptr03,0.128727385
Ptr03,0.243305896
Ptr03,0.143389885
Ptr03,0.168845223
Ptr03,0.119226374
Ptr03,0.190676716
Ptr03,0.188738912
Ptr03,0.094949036
Ptr03,0.132738809
Ptr03,0.136605792
Ptr03,0.181911768
Ptr03,0.149557949
Ptr03,0.05701089
Ptr03,0.106720606
Ptr03,0.1630952
Ptr03,0.148406156
Ptr03,0.179056726
Ptr03,0.158167025
Ptr03,0.144881684
Ptr03,0.164426762
Ptr03,0.119014681
Ptr03,0.178693833
Ptr03,0.121442756
Ptr03,0.193576834
Ptr03,0.138322869
Ptr03,0.215267704
Ptr03,0.132446077
Ptr03,0.161179438
Ptr03,0.105542179
Ptr03,0.060525226
Ptr03,0.139359565
Ptr03,0.130408731
Ptr03,0.14160913
Ptr03,0.168326455
Ptr03,0.242707878
Ptr03,0.16451199
Ptr03,0.214696093
Ptr03,0.131547141
Ptr03,0.050406197
Ptr03,0.158416628
Ptr03,0.167016222
Ptr03,0.084231092
Ptr03,0.120829414
Ptr03,0.136726543
Ptr03,0.21059594
Ptr03,0.137927958
Ptr03,0.156670844
Ptr03,0.170048647
Ptr03,0.161334705
Ptr03,0.114856662
Ptr03,0.20941713
Ptr03,0.106344084
Ptr03,0.151629896
Ptr03,0.101153076
Ptr03,0.137843571
Ptr03,0.125647639
Ptr03,0.142813648
Ptr03,0.193244603
Ptr03,0.093230041
Ptr03,0.169739369
Ptr03,0.237645589
Ptr03,0.186296488
Ptr03,0.146982118
Ptr03,0.134062566
Ptr03,0.189856649
Ptr03,0.185719369
Ptr03,0.120155854
Ptr03,0.18218831
Ptr03,0.107731873
Ptr03,0.159562205
Ptr03,0.197757263
Ptr03,0.187980411
Ptr03,0.163935847
Ptr03,0.121781174
Ptr03,0.123858605
Ptr03,0.166027285
Ptr03,0.195956036
Ptr03,0.156295038
Ptr03,0.178665098
Ptr03,0.165383204
Ptr03,0.211860625
Ptr03,0.123259407
Ptr03,0.120140335
Ptr03,0.16643165
Ptr03,0.153545193
Ptr03,0.114588521
Ptr03,0.165272912
Ptr03,0.241044325
Ptr03,0.172782783
Ptr03,0.131816434
Ptr03,0.236630739
Ptr03,0.227025416
Ptr03,0.147126944
Ptr03,0.135253594
Ptr03,0.186248197
Ptr03,0.208320468
Ptr03,0.187909172
Ptr03,0.077164271
Ptr03,0.119010265
Ptr03,0.147115204
Ptr03,0.13444112
Ptr03,0.164768267
Ptr03,0.215863841
Ptr03,0.117238682
Ptr03,0.19444055
Ptr03,0.152459644
Ptr03,0.122837521
Ptr03,0.122986392
Ptr03,0.213282235
Ptr03,0.232112095
Ptr03,0.119476841
Ptr03,0.141021564
Ptr03,0.153222726
Ptr03,0.184324177
Ptr03,0.221965307
Ptr03,0.154265721
Ptr03,0.133309922
Ptr03,0.14942071
Ptr03,0.190785201
Ptr03,0.118307535
Ptr03,0.106302343
Ptr03,0.124285461
Ptr03,0.207691731
Ptr03,0.145332434
Ptr03,0.177083034
Ptr03,0.243759063
Ptr03,0.132210145
Ptr03,0.198169884
Ptr03,0.132544287
Ptr03,0.160174004
Ptr03,0.125425408
Ptr03,0.164670313
Ptr03,0.184269391
Ptr03,0.15123141
Ptr03,0.076297004
Ptr03,0.102589205
Ptr03,0.132680728
Ptr03,0.146509503
Ptr03,0.155727182
Ptr03,0.076632999
Ptr03,0.196392527
Ptr03,0.11897912
Ptr03,0.15857241
Ptr03,0.196942007
Ptr03,0.158461722
Ptr03,0.124550192
Ptr03,0.171745655
Ptr03,0.124084244
Ptr03,0.220090314
Ptr03,0.242638299
Ptr03,0.204429854
Ptr03,0.094961722
Ptr03,0.163399224
Ptr03,0.131772925
Ptr03,0.165585999
Ptr03,0.20766878
Ptr03,0.140788037
Ptr03,0.146841052
Ptr03,0.135833883
Ptr03,0.139413125
Ptr03,0.178604408
Ptr03,0.162118046
Ptr03,0.154213496
Ptr03,0.230104443
Ptr03,0.147068389
Ptr03,0.096543521
Ptr03,0.218891809
Ptr03,0.111863388
Ptr03,0.148316678
Ptr03,0.146547967
Ptr03,0.245821562
Ptr03,0.129599647
Ptr03,0.151130648
Ptr03,0.137189469
Ptr03,0.14707353
Ptr03,0.279924389
Ptr03,0.173252242
Ptr03,0.115362813
Ptr03,0.098828408
Ptr03,0.147412631
Ptr03,0.143100515
Ptr03,0.220932145
Ptr03,0.187133336
Ptr03,0.162033231
Ptr03,0.137138736
Ptr03,0.232136863
Ptr03,0.156536186
Ptr03,0.18331324
Ptr03,0.109727703
Ptr03,0.110175569
Ptr03,0.142036628
Ptr03,0.135135709
Ptr03,0.232844435
Ptr03,0.181789392
Ptr03,0.188520294
Ptr03,0.170208811
Ptr03,0.174445496
Ptr03,0.105239422
Ptr03,0.2219422
Ptr03,0.236023634
Ptr03,0.106426629
Ptr03,0.149133895
Ptr03,0.06212508
Ptr03,0.189030573
Ptr03,0.136244631
Ptr03,0.115410272
Ptr03,0.150199876
Ptr03,0.183105599
Ptr03,0.149338799
Ptr03,0.181041585
Ptr03,0.15548091
Ptr03,0.205492462
Ptr03,0.222278215
Ptr03,0.103688458
Ptr03,0.059262497
Ptr03,0.220271482
Ptr03,0.149925951
Ptr03,0.157936937
Ptr03,0.137835561
Ptr03,0.107305188
Ptr03,0.122153084
Ptr03,0.087630667
Ptr03,0.155132988
Ptr03,0.197777513
Ptr03,0.196644938
Ptr03,0.106761104
Ptr03,0.122509181
Ptr03,0.178949793
Ptr03,0.147483225
Ptr03,0.197615842
Ptr03,0.141974465
Ptr03,0.118502114
Ptr03,0.151116426
Ptr03,0.178198048
Ptr03,0.155190679
Ptr03,0.187866196
Ptr03,0.156284324
Ptr03,0.195928568
Ptr03,0.142146263
Ptr03,0.136913779
Ptr03,0.147582568
Ptr03,0.166964056
Ptr03,0.117792864
Ptr03,0.221475964
Ptr03,0.162265862
Ptr03,0.196142328
Ptr03,0.09554443
Ptr03,0.147214761
Ptr03,0.155875516
Ptr03,0.09442502
Ptr03,0.088315408
Ptr03,0.223370721
Ptr03,0.209465595
Ptr03,0.10209802
Ptr03,0.188290871
Ptr03,0.172582485
Ptr03,0.121725713
Ptr03,0.135133081
Ptr03,0.13550116
Ptr03,0.141922121
Ptr03,0.186986116
Ptr03,0.181807765
Ptr03,0.134341933
Ptr03,0.063072217
Ptr03,0.128708148
Ptr03,0.100091821
Ptr03,0.140158882
Ptr03,0.115248832
Ptr03,0.112912555
Ptr03,0.152883677
Ptr03,0.215447129
Ptr03,0.176168148
Ptr03,0.186755516
Ptr03,0.220220359
Ptr03,0.148502551
Ptr03,0.14222105
Ptr03,0.13608437
Ptr03,0.157903224
Ptr03,0.179810084
Ptr03,0.135934358
Ptr03,0.159965278
Ptr03,0.207195113
Ptr03,0.15284881
Ptr03,0.153395974
Ptr03,0.140608691
Ptr03,0.183453881
Ptr03,0.161382834
Ptr03,0.139151007
Ptr03,0.213002729
Ptr03,0.139156621
Ptr03,0.11201907
Ptr03,0.197169815
Ptr03,0.149289901
Ptr03,0.16127893
Ptr03,0.165995921
Ptr03,0.175095483
Ptr03,0.12885104
Ptr03,0.20759288
Ptr03,0.175856775
Ptr03,0.137726203
Ptr03,0.104680123
Ptr03,0.093968205
Ptr03,0.196470479
Ptr03,0.076951957
Ptr03,0.139245088
Ptr03,0.117747516
Ptr03,0.136298044
Ptr03,0.127327281
Ptr03,0.154451733
Ptr03,0.158881046
Ptr03,0.174678698
Ptr03,0.099139981
Ptr03,0.144200154
Ptr03,0.125594176
Ptr03,0.180847333
Ptr03,0.142139579
Ptr03,0.180087101
Ptr03,0.156834294
Ptr03,0.123389973
Ptr03,0.138305312
Ptr03,0.150996868
Ptr03,0.165704044
Ptr03,0.143271473
Ptr03,0.140805474
Ptr03,0.177763418
Ptr03,0.147512603
Ptr03,0.167196301
Ptr03,0.113510033
Ptr03,0.174049206
Ptr03,0.149518254
Ptr03,0.147927963
Ptr03,0.207679395
Ptr03,0.205298393
Ptr03,0.138306242
Ptr03,0.130280745
Ptr03,0.116819769
Ptr03,0.183905673
Ptr03,0.207326157
Ptr03,0.203038337
Ptr03,0.13618135
Ptr03,0.151328186
Ptr03,0.146771422
Ptr03,0.167609649
Ptr03,0.185617852
Ptr03,0.160153118
Ptr03,0.149493129
Ptr03,0.089752426
Ptr03,0.141352997
Ptr03,0.202105472
Ptr03,0.188972301
Ptr03,0.119206251
Ptr03,0.053986368
Ptr03,0.14746035
Ptr03,0.174952469
Ptr03,0.158854646
Ptr03,0.121922206
Ptr03,0.160331665
Ptr03,0.15037373
Ptr03,0.127013014
Ptr03,0.187842319
Ptr03,0.219955436
Ptr03,0.207297367
Ptr03,0.226248314
Ptr03,0.128026174
Ptr03,0.195135529
Ptr03,0.175847876
Ptr03,0.145095529
Ptr03,0.140806285
Ptr03,0.112092866
Ptr03,0.080070323
Ptr03,0.081243536
Ptr03,0.225263128
Ptr03,0.136516708
Ptr03,0.187848453
Ptr03,0.243404551
Ptr03,0.175173951
Ptr03,0.174564896
Ptr03,0.122304888
Ptr03,0.143305397
Ptr03,0.171021403
Ptr03,0.108713063
Ptr03,0.246612089
Ptr03,0.091469561
Ptr03,0.228733432
Ptr03,0.193928422
Ptr03,0.155453026
Ptr03,0.134104013
Ptr03,0.112047154
Ptr03,0.216637281
Ptr03,0.151405317
Ptr03,0.145142938
Ptr03,0.153220983
Ptr03,0.115249035
Ptr03,0.159544325
Ptr03,0.157691517
Ptr03,0.105567124
Ptr03,0.184862542
Ptr03,0.18536078
Ptr03,0.152113447
Ptr03,0.162917996
Ptr03,0.126578904
Ptr03,0.118141872
Ptr03,0.132597557
Ptr03,0.208727967
Ptr03,0.124500619
Ptr03,0.14095576
Ptr03,0.145871004
Ptr03,0.161131857
Ptr03,0.204704475
Ptr03,0.140119866
Ptr03,0.123066095
Ptr03,0.139005964
Ptr03,0.154746822
Ptr03,0.178379501
Ptr03,0.132846429
Ptr03,0.146284839
Ptr03,0.172497028
Ptr03,0.173085147
Ptr03,0.101635647
Ptr03,0.124739753
Ptr03,0.095111427
Ptr03,0.158086725
Ptr03,0.17138307
Ptr03,0.116741696
Ptr03,0.094560765
Ptr03,0.205043938
Ptr03,0.185804485
Ptr03,0.169647519
Ptr03,0.14136728
Ptr03,0.178628679
Ptr03,0.154659854
Ptr03,0.211731603
Ptr03,0.125789454
Ptr03,0.166101574
Ptr03,0.166561337
Ptr03,0.115183777
Ptr03,0.111575488
Ptr03,0.130420598
Ptr03,0.165899317
Ptr03,0.166156793
Ptr03,0.093463142
Ptr03,0.164015808
Ptr03,0.105622266
Ptr03,0.178815466
Ptr03,0.152431456
Ptr03,0.133438661
Ptr03,0.138198264
Ptr03,0.148043905
Ptr03,0.156233973
Ptr03,0.217600598
Ptr03,0.224488024
Ptr03,0.145564211
Ptr03,0.1700117
Ptr03,0.18442683
Ptr03,0.152779717
Ptr03,0.119661082
Ptr03,0.118903898
Ptr03,0.124058174
Ptr03,0.13779253
Ptr03,0.166552572
Ptr03,0.249301333
Ptr03,0.117525854
Ptr03,0.157979938
Ptr03,0.109332486
Ptr03,0.133689551
Ptr03,0.122082274
Ptr03,0.101576022
Ptr03,0.161891338
Ptr03,0.137818043
Ptr03,0.173965543
Ptr03,0.143429742
Ptr03,0.111287045
Ptr03,0.152517442
Ptr03,0.265148527
Ptr03,0.10792736
Ptr03,0.134235789
Ptr03,0.239960489
Ptr03,0.137022458
Ptr03,0.139120585
Ptr03,0.204909249
Ptr03,0.130509513
Ptr03,0.164037093
Ptr03,0.150205829
Ptr03,0.141159503
Ptr03,0.157942479
Ptr03,0.116604074
Ptr03,0.176181684
Ptr03,0.128328202
Ptr03,0.105980307
Ptr03,0.120978946
Ptr03,0.205171963
Ptr03,0.155811717
Ptr03,0.169369452
Ptr03,0.091280902
Ptr03,0.161628007
Ptr03,0.119945334
Ptr03,0.157815353
Ptr03,0.154933649
Ptr03,0.108759315
Ptr03,0.113318041
Ptr03,0.144168859
Ptr03,0.163439207
Ptr03,0.106825247
Ptr03,0.077784954
Ptr03,0.147797334
Ptr03,0.13555966
Ptr03,0.182330896
Ptr03,0.118907677
Ptr03,0.165102582
Ptr03,0.135754667
Ptr03,0.151191955
Ptr03,0.160037656
Ptr03,0.21133713
Ptr03,0.211746476
Ptr03,0.127278079
Ptr03,0.121597104
Ptr03,0.129885606
Ptr03,0.086233124
Ptr03,0.148120644
Ptr03,0.1587798
Ptr03,0.090843951
Ptr03,0.186976044
Ptr03,0.128284479
Ptr03,0.157553149
Ptr03,0.207452149
Ptr03,0.178189769
Ptr03,0.202410002
Ptr03,0.131478494
Ptr03,0.144262506
Ptr03,0.105509939
Ptr03,0.149405147
Ptr03,0.187894275
Ptr03,0.088348279
Ptr03,0.163613091
Ptr03,0.192632561
Ptr03,0.178244653
Ptr03,0.20205292
Ptr03,0.15787061
Ptr03,0.18112293
Ptr03,0.130971416
Ptr03,0.152386144
Ptr03,0.130571472
Ptr03,0.207432186
Ptr03,0.156757733
Ptr03,0.215017153
Ptr03,0.110803765
Ptr03,0.158384013
Ptr03,0.160963907
Ptr03,0.205727469
Ptr03,0.076420615
Ptr03,0.13434283
Ptr03,0.112604438
Ptr03,0.160859555
Ptr03,0.138282816
Ptr03,0.118527589
Ptr03,0.148229764
Ptr03,0.141769587
Ptr03,0.156363084
Ptr03,0.118811998
Ptr03,0.13824396
Ptr03,0.193667512
Ptr03,0.11186506
Ptr03,0.100998756
Ptr03,0.133925447
Ptr03,0.095760931
Ptr03,0.189939067
Ptr03,0.14649325
Ptr03,0.113121596
Ptr03,0.143305606
Ptr03,0.164582334
Ptr03,0.201469539
Ptr03,0.210259716
Ptr03,0.141152255
Ptr03,0.144704775
Ptr03,0.09782855
Ptr03,0.156754588
Ptr03,0.139441894
Ptr03,0.096655268
Ptr03,0.157870023
Ptr03,0.170695162
Ptr03,0.116888174
Ptr03,0.13879811
Ptr03,0.165560133
Ptr03,0.127862577
Ptr03,0.187957004
Ptr03,0.173520097
Ptr03,0.125997645
Ptr03,0.116263158
Ptr03,0.146027797
Ptr03,0.123140034
Ptr03,0.189763377
Ptr03,0.200697866
Ptr03,0.135532517
Ptr03,0.236400993
Ptr03,0.185135834
Ptr03,0.12267332
Ptr03,0.176656347
Ptr03,0.180622347
Ptr03,0.125405152
Ptr03,0.226029988
Ptr03,0.230518194
Ptr03,0.153670113
Ptr03,0.194313721
Ptr03,0.146739077
Ptr03,0.222611282
Ptr03,0.220301893
Ptr03,0.139995406
Ptr03,0.133035408
Ptr03,0.102056723
Ptr03,0.203905615
Ptr03,0.171415006
Ptr03,0.184503892
Ptr03,0.131362226
Ptr03,0.147160408
Ptr03,0.100994711
Ptr03,0.137608319
Ptr03,0.114458925
Ptr03,0.138548803
Ptr03,0.137611819
Ptr03,0.156004195
Ptr03,0.196038003
Ptr03,0.168724294
Ptr03,0.141091508
Ptr03,0.11661878
Ptr03,0.153088088
Ptr03,0.131385179
Ptr03,0.181873036
Ptr03,0.19212301
Ptr03,0.115731761
Ptr03,0.205548388
Ptr03,0.138703813
Ptr03,0.18762251
Ptr03,0.132598173
Ptr03,0.187987466
Ptr03,0.139288256
Ptr03,0.207850477
Ptr03,0.16124203
Ptr03,0.14149825
Ptr03,0.15837277
Ptr03,0.170400663
Ptr03,0.200556556
Ptr03,0.137918204
Ptr03,0.213202685
Ptr03,0.138861335
Ptr03,0.109775426
Ptr03,0.094613495
Ptr03,0.128223669
Ptr03,0.126880441
Ptr04,0.159587025
Ptr04,0.141129881
Ptr04,0.056591397
Ptr04,0.129388059
Ptr04,0.147441076
Ptr04,0.095535167
Ptr04,0.0695234
Ptr04,0.111403829
Ptr04,0.097957585
Ptr04,0.149749604
Ptr04,0.106111298
Ptr04,0.08470862
Ptr04,0.05999211
Ptr04,0.121236098
Ptr04,0.078182306
Ptr04,0.073273261
Ptr04,0.114307025
Ptr04,0.14160039
Ptr04,0.099875706
Ptr04,0.073371611
Ptr04,0.089625391
Ptr04,0.03980568
Ptr04,0.131300045
Ptr04,0.102950807
Ptr04,0.172096845
Ptr04,0.092374471
Ptr04,0.099526887
Ptr04,0.174206624
Ptr04,0.053013509
Ptr04,0.195376705
Ptr04,0.05328696
Ptr04,0.11757655
Ptr04,0.178574171
Ptr04,0.107596141
Ptr04,0.122880789
Ptr04,0.132428762
Ptr04,0.074136696
Ptr04,0.053142013
Ptr04,0.273145355
Ptr04,0.187907913
Ptr04,0.066703165
Ptr04,0.087351819
Ptr04,0.068951472
Ptr04,0.054764263
Ptr04,0.0823696
Ptr04,0.089914687
Ptr04,0.07064865
Ptr04,0.077903404
Ptr04,0.219818737
Ptr04,0.076484726
Ptr04,0.067606861
Ptr04,0.088746044
Ptr04,0.119497982
Ptr04,0.084964181
Ptr04,0.082422556
Ptr04,0.080931138
Ptr04,0.12632142
Ptr04,0.166016904
Ptr04,0.063037814
Ptr04,0.127137673
Ptr04,0.076907346
Ptr04,0.090886994
Ptr04,0.039855722
Ptr04,0.131562936
Ptr04,0.093384845
Ptr04,0.2033892
Ptr04,0.05572399
Ptr04,0.113754635
Ptr04,0.039732711
Ptr04,0.095643471
Ptr04,0.199363302
Ptr04,0.066735719
Ptr04,0.096891401
Ptr04,0.314757029
Ptr04,0.131419484
Ptr04,0.138123848
Ptr04,0.194314513
Ptr04,0.158542321
Ptr04,0.083180908
Ptr04,0.139899404
Ptr04,0.093789975
Ptr04,0.113373355
Ptr04,0.139984666
Ptr04,0.158119123
Ptr04,0.089113171
Ptr04,0.118696412
Ptr04,0.104636132
Ptr04,0.05853289
Ptr04,0.089304336
Ptr04,0.149239531
Ptr04,0.168058749
Ptr04,0.145050846
Ptr04,0.072719298
Ptr04,0.320404535
Ptr04,0.048467416
Ptr04,0.107892935
Ptr04,0.139971021
Ptr04,0.143956238
Ptr04,0.110024573
Ptr04,0.036414
Ptr04,0.062078564
Ptr04,0.190558684
Ptr04,0.065181257
Ptr04,0.071342347
Ptr04,0.14423923
Ptr04,0.142643012
Ptr04,0.109914425
Ptr04,0.103647568
Ptr04,0.06928685
Ptr04,0.105525492
Ptr04,0.075239661
Ptr04,0.171183056
Ptr04,0.106098241
Ptr04,0.129806309
Ptr04,0.076294399
Ptr04,0.067848125
Ptr04,0.217501723
Ptr04,0.044775571
Ptr04,0.081909477
Ptr04,0.177153328
Ptr04,0.134480499
Ptr04,0.192444565
Ptr04,0.15851919
Ptr04,0.061275335
Ptr04,0.10332419
Ptr04,0.07670237
Ptr04,0.109202106
Ptr04,0.165262856
Ptr04,0.14225483
Ptr04,0.086373818
Ptr04,0.134278157
Ptr04,0.077696613
Ptr04,0.167087338
Ptr04,0.089705691
Ptr04,0.088577512
Ptr04,0.080293825
Ptr04,0.04819523
Ptr04,0.185843753
Ptr04,0.051117057
Ptr04,0.090732908
Ptr04,0.041179302
Ptr04,0.085720532
Ptr04,0.074476201
Ptr04,0.12124465
Ptr04,0.077242517
Ptr04,0.087230694
Ptr04,0.127108951
Ptr04,0.077482173
Ptr04,0.183002972
Ptr04,0.088146851
Ptr04,0.099447989
Ptr04,0.195964651
Ptr04,0.058293935
Ptr04,0.138016124
Ptr04,0.093110355
Ptr04,0.121671203
Ptr04,0.157754392
Ptr04,0.078122261
Ptr04,0.170071366
Ptr04,0.191720709
Ptr04,0.098035487
Ptr04,0.076724139
Ptr04,0.111319663
Ptr04,0.053845889
Ptr04,0.10107374
Ptr04,0.036049465
Ptr04,0.086281616
Ptr04,0.091366062
Ptr04,0.132489947
Ptr04,0.115945699
Ptr04,0.238208733
Ptr04,0.198075908
Ptr04,0.110116869
Ptr04,0.131898376
Ptr04,0.107743512
Ptr04,0.159728197
Ptr04,0.045703248
Ptr04,0.068134509
Ptr04,0.083170448
Ptr04,0.092902373
Ptr04,0.105894195
Ptr04,0.058264107
Ptr04,0.11467581
Ptr04,0.149141561
Ptr04,0.06770914
Ptr04,0.081563114
Ptr04,0.094306258
Ptr04,0.076326442
Ptr04,0.106279825
Ptr04,0.171998997
Ptr04,0.100242192
Ptr04,0.109102535
Ptr04,0.129759559
Ptr04,0.070498532
Ptr04,0.155361953
Ptr04,0.079694928
Ptr04,0.083021025
Ptr04,0.077185807
Ptr04,0.049302035
Ptr04,0.133848608
Ptr04,0.043647177
Ptr04,0.075590682
Ptr04,0.142966993
Ptr04,0.043189616
Ptr04,0.120616236
Ptr04,0.084278665
Ptr04,0.089647315
Ptr04,0.09692752
Ptr04,0.102441553
Ptr04,0.063405144
Ptr04,0.15206457
Ptr04,0.075906661
Ptr04,0.105406479
Ptr04,0.22905041
Ptr04,0.12906156
Ptr04,0.067527582
Ptr04,0.109529417
Ptr04,0.087054249
Ptr04,0.085118312
Ptr04,0.067482448
Ptr04,0.054687095
Ptr04,0.064008474
Ptr04,0.1441057
Ptr04,0.074512721
Ptr04,0.080176208
Ptr04,0.131314732
Ptr04,0.076508916
Ptr04,0.126865488
Ptr04,0.077507489
Ptr04,0.066151568
Ptr04,0.120037248
Ptr04,0.06760333
Ptr04,0.077060942
Ptr04,0.088998293
Ptr04,0.068472162
Ptr04,0.075621002
Ptr04,0.059856049
Ptr04,0.132851497
Ptr04,0.08119358
Ptr04,0.101774549
Ptr04,0.082832026
Ptr04,0.286039257
Ptr04,0.098928778
Ptr04,0.133117324
Ptr04,0.160556331
Ptr04,0.083081299
Ptr04,0.101412469
Ptr04,0.036532369
Ptr04,0.076356096
Ptr04,0.074215354
Ptr04,0.129377013
Ptr04,0.179774069
Ptr04,0.198594813
Ptr04,0.061174092
Ptr04,0.20696242
Ptr04,0.072201544
Ptr04,0.11038834
Ptr04,0.064408748
Ptr04,0.047274074
Ptr04,0.093054254
Ptr04,0.074853031
Ptr04,0.071944827
Ptr04,0.152060371
Ptr04,0.129091218
Ptr04,0.055237807
Ptr04,0.070875115
Ptr04,0.112037744
Ptr04,0.077128884
Ptr04,0.069097222
Ptr04,0.213413967
Ptr04,0.063568958
Ptr04,0.107703809
Ptr04,0.050952416
Ptr04,0.039931428
Ptr04,0.0949782
Ptr04,0.060689598
Ptr04,0.105315584
Ptr04,0.101480298
Ptr04,0.154317107
Ptr04,0.047620718
Ptr04,0.149812803
Ptr04,0.060606542
Ptr04,0.059387453
Ptr04,0.103953457
Ptr04,0.089842647
Ptr04,0.09828389
Ptr04,0.084568931
Ptr04,0.103651518
Ptr04,0.083232158
Ptr04,0.082793964
Ptr04,0.102908594
Ptr04,0.122283855
Ptr04,0.188868069
Ptr04,0.167850209
Ptr04,0.117044109
Ptr04,0.036005586
Ptr04,0.146587374
Ptr04,0.040714789
Ptr04,0.097778353
Ptr04,0.116344692
Ptr04,0.086559387
Ptr04,0.102313226
Ptr04,0.087515816
Ptr04,0.05883877
Ptr04,0.06009353
Ptr04,0.050638117
Ptr04,0.11009102
Ptr04,0.096621076
Ptr04,0.091543743
Ptr04,0.087903232
Ptr04,0.317385963
Ptr04,0.146331367
Ptr04,0.082333306
Ptr04,0.10192961
Ptr04,0.127921132
Ptr04,0.174293821
Ptr04,0.136213599
Ptr04,0.146398192
Ptr04,0.086084926
Ptr04,0.092913727
Ptr04,0.062926925
Ptr04,0.237778016
Ptr04,0.10418634
Ptr04,0.11369444
Ptr04,0.130210097
Ptr04,0.165019167
Ptr04,0.063028133
Ptr04,0.157416555
Ptr04,0.062595991
Ptr04,0.097596035
Ptr04,0.134126078
Ptr04,0.14270704
Ptr04,0.156813507
Ptr04,0.090682866
Ptr04,0.088441871
Ptr04,0.083301083
Ptr04,0.102116334
Ptr04,0.061163355
Ptr04,0.058029014
Ptr04,0.076076699
Ptr04,0.048478452
Ptr04,0.103646913
Ptr04,0.140871597
Ptr04,0.100245034
Ptr04,0.051496799
Ptr04,0.075906558
Ptr04,0.100179308
Ptr04,0.137347196
Ptr04,0.055596646
Ptr04,0.048034325
Ptr04,0.13071941
Ptr04,0.061602796
Ptr04,0.059735599
Ptr04,0.199957515
Ptr04,0.078673672
Ptr04,0.089597628
Ptr04,0.10268353
Ptr04,0.074701056
Ptr04,0.30326508
Ptr04,0.066818562
Ptr04,0.114396878
Ptr04,0.157372182
Ptr04,0.053537052
Ptr04,0.163014184
Ptr04,0.105488444
Ptr04,0.05987176
Ptr04,0.160622527
Ptr04,0.099549555
Ptr04,0.080679257
Ptr04,0.048363696
Ptr04,0.073996359
Ptr04,0.181755585
Ptr04,0.052399661
Ptr04,0.137383041
Ptr04,0.084261266
Ptr04,0.083883098
Ptr04,0.195583535
Ptr04,0.102723814
Ptr04,0.17011447
Ptr04,0.144217848
Ptr04,0.071146471
Ptr04,0.147969877
Ptr04,0.088712294
Ptr04,0.094325682
Ptr04,0.07737254
Ptr04,0.132616114
Ptr04,0.100255983
Ptr04,0.147731744
Ptr04,0.106291189
Ptr04,0.079040782
Ptr04,0.132265866
Ptr04,0.039943168
Ptr04,0.057821904
Ptr04,0.127094067
Ptr04,0.076160383
Ptr04,0.107559408
Ptr04,0.152385389
Ptr04,0.110093563
Ptr04,0.137045844
Ptr04,0.110484443
Ptr04,0.069813925
Ptr04,0.092752338
Ptr04,0.087784537
Ptr04,0.045777395
Ptr04,0.065795245
Ptr04,0.071859418
Ptr04,0.135961051
Ptr04,0.047419391
Ptr04,0.079390523
Ptr04,0.090918421
Ptr04,0.099669967
Ptr04,0.134583866
Ptr04,0.089025833
Ptr04,0.153718047
Ptr04,0.124182338
Ptr04,0.050326877
Ptr04,0.264518974
Ptr04,0.069716821
Ptr04,0.083585018
Ptr04,0.131379058
Ptr04,0.073968329
Ptr04,0.087620783
Ptr04,0.057612974
Ptr04,0.055376245
Ptr04,0.063322559
Ptr04,0.040389543
Ptr04,0.035012245
Ptr04,0.096830964
Ptr04,0.113339965
Ptr04,0.068514382
Ptr04,0.040873982
Ptr04,0.114679906
Ptr04,0.081643019
Ptr04,0.097471766
Ptr04,0.193265017
Ptr04,0.187027921
Ptr04,0.182965501
Ptr04,0.063161692
Ptr04,0.142945945
Ptr04,0.08734256
Ptr04,0.06222051
Ptr04,0.143052108
Ptr04,0.127191331
Ptr04,0.056080533
Ptr04,0.056611541
Ptr04,0.113565714
Ptr04,0.074626355
Ptr04,0.082509838
Ptr04,0.122840242
Ptr04,0.046226186
Ptr04,0.176973239
Ptr04,0.312073964
Ptr04,0.099387823
Ptr04,0.049292483
Ptr04,0.063589682
Ptr04,0.127613393
Ptr04,0.060822286
Ptr04,0.131776628
Ptr04,0.054061261
Ptr04,0.075807975
Ptr04,0.098312982
Ptr04,0.106481485
Ptr04,0.056135974
Ptr04,0.149935782
Ptr04,0.088184108
Ptr04,0.115127524
Ptr04,0.089052841
Ptr04,0.05542217
Ptr05,0.115495726
Ptr05,0.164387566
Ptr05,0.134393163
Ptr05,0.079162387
Ptr05,0.079610463
Ptr05,0.141318343
Ptr05,0.144635924
Ptr05,0.20101225
Ptr05,0.109563523
Ptr05,0.133041088
Ptr05,0.189595309
Ptr05,0.103117455
Ptr05,0.092732916
Ptr05,0.084834453
Ptr05,0.122554217
Ptr05,0.142160944
Ptr05,0.160783937
Ptr05,0.072599851
Ptr05,0.136885338
Ptr05,0.078770651
Ptr05,0.158291771
Ptr05,0.180079246
Ptr05,0.136272959
Ptr05,0.117736962
Ptr05,0.108598382
Ptr05,0.167785498
Ptr05,0.248956157
Ptr05,0.094806825
Ptr05,0.132611957
Ptr05,0.113977076
Ptr05,0.157142924
Ptr05,0.136341861
Ptr05,0.180171105
Ptr05,0.117221569
Ptr05,0.10408225
Ptr05,0.130503755
Ptr05,0.12449471
Ptr05,0.062383618
Ptr05,0.112262353
Ptr05,0.102124626
Ptr05,0.090199353
Ptr05,0.081985824
Ptr05,0.169218817
Ptr05,0.237029307
Ptr05,0.137980513
Ptr05,0.170558892
Ptr05,0.154154666
Ptr05,0.201278234
Ptr05,0.179219247
Ptr05,0.179499178
Ptr05,0.155153826
Ptr05,0.135719115
Ptr05,0.064218656
Ptr05,0.139940688
Ptr05,0.185073718
Ptr05,0.151447172
Ptr05,0.175768873
Ptr05,0.104630423
Ptr05,0.086913496
Ptr05,0.092887228
Ptr05,0.089584327
Ptr05,0.186766661
Ptr05,0.077356177
Ptr05,0.154030987
Ptr05,0.154534843
Ptr05,0.144406636
Ptr05,0.173709115
Ptr05,0.067530621
Ptr05,0.156934646
Ptr05,0.074287486
Ptr05,0.135460788
Ptr05,0.079731159
Ptr05,0.177131831
Ptr05,0.068786708
Ptr05,0.215122932
Ptr05,0.183304462
Ptr05,0.18810464
Ptr05,0.108277913
Ptr05,0.129427559
Ptr05,0.131748702
Ptr05,0.117877999
Ptr05,0.177769233
Ptr05,0.183338833
Ptr05,0.111175219
Ptr05,0.029242274
Ptr05,0.059383841
Ptr05,0.074531644
Ptr05,0.176493874
Ptr05,0.136962104
Ptr05,0.132686008
Ptr05,0.217401368
Ptr05,0.042193942
Ptr05,0.055954657
Ptr05,0.182798636
Ptr05,0.13794935
Ptr05,0.061646095
Ptr05,0.160307207
Ptr05,0.119274659
Ptr05,0.182140315
Ptr05,0.187544701
Ptr05,0.089704165
Ptr05,0.125940368
Ptr05,0.129478604
Ptr05,0.130258209
Ptr05,0.214079553
Ptr05,0.147854951
Ptr05,0.189230931
Ptr05,0.179240869
Ptr05,0.150542553
Ptr05,0.127688526
Ptr05,0.159367705
Ptr05,0.148128363
Ptr05,0.071430827
Ptr05,0.186311861
Ptr05,0.084163294
Ptr05,0.048695617
Ptr05,0.185348501
Ptr05,0.102009815
Ptr05,0.200310853
Ptr05,0.149958308
Ptr05,0.115227763
Ptr05,0.160651095
Ptr05,0.199926481
Ptr05,0.155055205
Ptr05,0.123464485
Ptr05,0.154017413
Ptr05,0.124070168
Ptr05,0.185717779
Ptr05,0.132365025
Ptr05,0.135752499
Ptr05,0.17118121
Ptr05,0.14610561
Ptr05,0.107197196
Ptr05,0.093558385
Ptr05,0.164891968
Ptr05,0.132594146
Ptr05,0.165435321
Ptr05,0.165402145
Ptr05,0.199208691
Ptr05,0.051012842
Ptr05,0.171110323
Ptr05,0.14035715
Ptr05,0.170869616
Ptr05,0.124514165
Ptr05,0.192003254
Ptr05,0.109895505
Ptr05,0.158852594
Ptr05,0.156883892
Ptr05,0.125428139
Ptr05,0.149323244
Ptr05,0.147414829
Ptr05,0.23199935
Ptr05,0.222613419
Ptr05,0.125139713
Ptr05,0.154609677
Ptr05,0.130452387
Ptr05,0.210137262
Ptr05,0.17549041
Ptr05,0.175102831
Ptr05,0.100017356
Ptr05,0.074955696
Ptr05,0.167057758
Ptr05,0.129106741
Ptr05,0.161189492
Ptr05,0.085700103
Ptr05,0.123756395
Ptr05,0.188739357
Ptr05,0.08935001
Ptr05,0.146494696
Ptr05,0.117958722
Ptr05,0.193535783
Ptr05,0.084420904
Ptr05,0.138501162
Ptr05,0.15637462
Ptr05,0.184251188
Ptr05,0.155680559
Ptr05,0.112595676
Ptr05,0.0901344
Ptr05,0.176099324
Ptr05,0.132803216
Ptr05,0.066127947
Ptr05,0.136974821
Ptr05,0.141360244
Ptr05,0.121953566
Ptr05,0.156733478
Ptr05,0.164216804
Ptr05,0.135268645
Ptr05,0.220778783
Ptr05,0.1445907
Ptr05,0.176302196
Ptr05,0.139594228
Ptr05,0.075988012
Ptr05,0.17048937
Ptr05,0.197451732
Ptr05,0.170643387
Ptr05,0.088303457
Ptr05,0.166212929
Ptr05,0.103783511
Ptr05,0.114455825
Ptr05,0.108972806
Ptr05,0.138654259
Ptr05,0.218002365
Ptr05,0.160198879
Ptr05,0.181186997
Ptr05,0.12012238
Ptr05,0.114802018
Ptr05,0.109835755
Ptr05,0.149312424
Ptr05,0.140745449
Ptr05,0.129504385
Ptr05,0.09903738
Ptr05,0.077788341
Ptr05,0.097234671
Ptr05,0.123190329
Ptr05,0.131713957
Ptr05,0.071177975
Ptr05,0.070694897
Ptr05,0.115576927
Ptr05,0.198621888
Ptr05,0.129565656
Ptr05,0.102493888
Ptr05,0.093055148
Ptr05,0.152663448
Ptr05,0.187465743
Ptr05,0.093717648
Ptr05,0.064423996
Ptr05,0.133381108
Ptr05,0.124270601
Ptr05,0.120065255
Ptr05,0.145920164
Ptr05,0.200259447
Ptr05,0.034797794
Ptr05,0.126676648
Ptr05,0.234401581
Ptr05,0.187681565
Ptr05,0.08859508
Ptr05,0.138577733
Ptr05,0.167460073
Ptr05,0.137323721
Ptr05,0.142971346
Ptr05,0.136817402
Ptr05,0.196015101
Ptr05,0.063214633
Ptr05,0.182847751
Ptr05,0.13825353
Ptr05,0.106253723
Ptr05,0.058719942
Ptr05,0.153387325
Ptr05,0.119345939
Ptr05,0.208421481
Ptr05,0.096891253
Ptr05,0.148569438
Ptr05,0.063390209
Ptr05,0.210099475
Ptr05,0.1235145
Ptr05,0.148083316
Ptr05,0.078437109
Ptr05,0.13233091
Ptr05,0.157455501
Ptr05,0.223536214
Ptr05,0.12748832
Ptr05,0.09600364
Ptr05,0.100342446
Ptr05,0.245978679
Ptr05,0.196822324
Ptr05,0.134956413
Ptr05,0.112178628
Ptr05,0.130369739
Ptr05,0.191817112
Ptr05,0.140747306
Ptr05,0.112732948
Ptr05,0.115231196
Ptr05,0.180550177
Ptr05,0.061166271
Ptr05,0.203715707
Ptr05,0.225963612
Ptr05,0.17834206
Ptr05,0.115679737
Ptr05,0.11707342
Ptr05,0.136632293
Ptr05,0.043692207
Ptr05,0.072868492
Ptr05,0.114569798
Ptr05,0.139027904
Ptr05,0.187346473
Ptr05,0.166500178
Ptr05,0.077974635
Ptr05,0.189935952
Ptr05,0.183867948
Ptr05,0.08868372
Ptr05,0.149423163
Ptr05,0.130799564
Ptr05,0.078419321
Ptr05,0.0979751
Ptr05,0.18919293
Ptr05,0.177785669
Ptr05,0.150811753
Ptr05,0.168901314
Ptr05,0.143134164
Ptr05,0.170832894
Ptr05,0.135515718
Ptr05,0.102784399
Ptr05,0.109136645
Ptr05,0.117811082
Ptr05,0.17824014
Ptr05,0.153462342
Ptr05,0.107334349
Ptr05,0.184208183
Ptr05,0.1746905
Ptr05,0.078760346
Ptr05,0.143347611
Ptr05,0.12433987
Ptr05,0.135603455
Ptr05,0.102909918
Ptr05,0.141625987
Ptr05,0.20308316
Ptr05,0.147739237
Ptr05,0.133258363
Ptr05,0.129123172
Ptr05,0.13074686
Ptr05,0.139610206
Ptr05,0.213658456
Ptr05,0.092408745
Ptr05,0.168021084
Ptr05,0.191286502
Ptr05,0.204353124
Ptr05,0.101919432
Ptr05,0.146252137
Ptr05,0.0820267
Ptr05,0.146628358
Ptr05,0.113215982
Ptr05,0.082365823
Ptr05,0.080213719
Ptr05,0.110764382
Ptr05,0.139494294
Ptr05,0.142762216
Ptr05,0.105177259
Ptr05,0.131730852
Ptr05,0.113778933
Ptr05,0.10989712
Ptr05,0.172089372
Ptr05,0.182847575
Ptr05,0.202371271
Ptr05,0.136096245
Ptr05,0.146210199
Ptr05,0.13001331
Ptr05,0.091893028
Ptr05,0.196421228
Ptr05,0.131807475
Ptr05,0.170254386
Ptr05,0.133511217
Ptr05,0.12361847
Ptr05,0.14034773
Ptr05,0.161944872
Ptr05,0.23107603
Ptr05,0.117673155
Ptr05,0.059802262
Ptr05,0.224693897
Ptr05,0.16325738
Ptr05,0.118857479
Ptr05,0.204065855
Ptr05,0.105471052
Ptr05,0.080506127
Ptr05,0.163494641
Ptr05,0.151921775
Ptr05,0.097560116
Ptr05,0.121899492
Ptr05,0.180098904
Ptr05,0.105627995
Ptr05,0.134880341
Ptr05,0.080370958
Ptr05,0.088871256
Ptr05,0.176648606
Ptr05,0.176076274
Ptr05,0.128877505
Ptr05,0.178863786
Ptr05,0.151093928
Ptr05,0.122572875
Ptr05,0.174770846
Ptr05,0.154297161
Ptr05,0.29837514
Ptr05,0.131308883
Ptr05,0.191199228
Ptr05,0.123759906
Ptr05,0.122638823
Ptr05,0.161069841
Ptr05,0.157428984
Ptr05,0.102761119
Ptr05,0.131614589
Ptr05,0.099538992
Ptr05,0.115133327
Ptr05,0.140076159
Ptr05,0.166123059
Ptr05,0.108150061
Ptr05,0.124554145
Ptr05,0.078099991
Ptr05,0.196042956
Ptr05,0.122921194
Ptr05,0.158713182
Ptr05,0.152707433
Ptr05,0.21371083
Ptr05,0.168389476
Ptr05,0.137854395
Ptr05,0.184720433
Ptr05,0.174889669
Ptr05,0.081709911
Ptr05,0.215990709
Ptr05,0.110911752
Ptr05,0.209894979
Ptr05,0.143466132
Ptr05,0.193695185
Ptr05,0.089885376
Ptr05,0.130145501
Ptr05,0.094997318
Ptr05,0.086377413
Ptr05,0.154189277
Ptr05,0.067728026
Ptr05,0.121922247
Ptr05,0.20424562
Ptr05,0.082044334
Ptr05,0.19376298
Ptr05,0.135807005
Ptr05,0.113581543
Ptr05,0.118415728
Ptr05,0.07106753
Ptr05,0.131923902
Ptr05,0.161492834
Ptr05,0.206818196
Ptr05,0.129023406
Ptr05,0.2144955
Ptr05,0.194859928
Ptr05,0.084356534
Ptr05,0.094834615
Ptr05,0.128073981
Ptr05,0.165326628
Ptr05,0.103197074
Ptr05,0.067328542
Ptr05,0.11875067
Ptr05,0.172143845
Ptr05,0.178372443
Ptr05,0.16124703
Ptr05,0.121418063
Ptr05,0.11798389
Ptr05,0.141572194
Ptr05,0.066736122
Ptr05,0.106598432
Ptr05,0.148858398
Ptr05,0.136473136
Ptr05,0.096879689
Ptr05,0.084066065
Ptr05,0.126906234
Ptr05,0.128412793
Ptr05,0.132739187
Ptr05,0.152780584
Ptr05,0.123410894
Ptr05,0.117647772
Ptr05,0.099444545
Ptr05,0.203709989
Ptr05,0.099201531
Ptr05,0.151426317
Ptr05,0.189297634
Ptr05,0.190828867
Ptr05,0.100597363
Ptr05,0.131642861
Ptr06,0.072264671
Ptr06,0.121823931
Ptr06,0.106755592
Ptr06,0.100638628
Ptr06,0.085605565
Ptr06,0.087952373
Ptr06,0.090263704
Ptr06,0.137879431
Ptr06,0.124138112
Ptr06,0.099130151
Ptr06,0.088714951
Ptr06,0.115614586
Ptr06,0.083955069
Ptr06,0.104188777
Ptr06,0.10378317
Ptr06,0.11316404
Ptr06,0.05149317
Ptr06,0.071175496
Ptr06,0.152403796
Ptr06,0.099044464
Ptr06,0.098655455
Ptr06,0.108100752
Ptr06,0.154689776
Ptr06,0.145763736
Ptr06,0.108393893
Ptr06,0.071844185
Ptr06,0.141682746
Ptr06,0.132270299
Ptr06,0.110471146
Ptr06,0.084192748
Ptr06,0.098024094
Ptr06,0.071243594
Ptr06,0.139573198
Ptr06,0.065332012
Ptr06,0.091666281
Ptr06,0.107103378
Ptr06,0.082739461
Ptr06,0.099073562
Ptr06,0.128984146
Ptr06,0.044469469
Ptr06,0.095720093
Ptr06,0.09486679
Ptr06,0.125810805
Ptr06,0.054948248
Ptr06,0.083658719
Ptr06,0.108061284
Ptr06,0.125166264
Ptr06,0.132552887
Ptr06,0.064256186
Ptr06,0.145905399
Ptr06,0.17257147
Ptr06,0.160011892
Ptr06,0.103810891
Ptr06,0.177232185
Ptr06,0.075787378
Ptr06,0.07762872
Ptr06,0.124897591
Ptr06,0.107053661
Ptr06,0.107710997
Ptr06,0.074664079
Ptr06,0.077585531
Ptr06,0.046427288
Ptr06,0.100776423
Ptr06,0.10929435
Ptr06,0.116426466
Ptr06,0.132768554
Ptr06,0.135079252
Ptr06,0.138757858
Ptr06,0.098909948
Ptr06,0.03963026
Ptr06,0.108924629
Ptr06,0.075911633
Ptr06,0.0547757
Ptr06,0.144001285
Ptr06,0.103878013
Ptr06,0.125424092
Ptr06,0.103529261
Ptr06,0.110719281
Ptr06,0.086441633
Ptr06,0.093738344
Ptr06,0.052679541
Ptr06,0.155144984
Ptr06,0.140541151
Ptr06,0.090585862
Ptr06,0.083712303
Ptr06,0.128966336
Ptr06,0.159279501
Ptr06,0.117227329
Ptr06,0.163150862
Ptr06,0.068741832
Ptr06,0.105199164
Ptr06,0.158904754
Ptr06,0.165935091
Ptr06,0.097598209
Ptr06,0.10781509
Ptr06,0.094910146
Ptr06,0.08080526
Ptr06,0.09419542
Ptr06,0.082194279
Ptr06,0.117049739
Ptr06,0.10574053
Ptr06,0.122620812
Ptr06,0.155316766
Ptr06,0.124437102
Ptr06,0.102639739
Ptr06,0.078296051
Ptr06,0.087456256
Ptr06,0.132976018
Ptr06,0.085733464
Ptr06,0.129830098
Ptr06,0.121944585
Ptr06,0.118104262
Ptr06,0.144446651
Ptr06,0.140810849
Ptr06,0.085121176
Ptr06,0.130305859
Ptr06,0.149820119
Ptr06,0.086941416
Ptr06,0.126392232
Ptr06,0.090603355
Ptr06,0.205351954
Ptr06,0.105198038
Ptr06,0.106294647
Ptr06,0.073087971
Ptr06,0.072855235
Ptr06,0.058368171
Ptr06,0.10730159
Ptr06,0.120184135
Ptr06,0.101415148
Ptr06,0.134172954
Ptr06,0.089096871
Ptr06,0.092220676
Ptr06,0.103942141
Ptr06,0.065815635
Ptr06,0.102763774
Ptr06,0.103826186
Ptr06,0.11005776
Ptr06,0.092141249
Ptr06,0.065158589
Ptr06,0.138881219
Ptr06,0.106803593
Ptr06,0.130539861
Ptr06,0.086639318
Ptr06,0.078073388
Ptr06,0.113218643
Ptr06,0.127812215
Ptr06,0.106498638
Ptr06,0.149276866
Ptr06,0.117450417
Ptr06,0.073756083
Ptr06,0.110772985
Ptr06,0.11247378
Ptr06,0.134653098
Ptr06,0.099964843
Ptr06,0.10323493
Ptr06,0.083756667
Ptr06,0.093712687
Ptr06,0.134398146
Ptr06,0.098627509
Ptr06,0.068990907
Ptr06,0.121798544
Ptr06,0.107472953
Ptr06,0.067385495
Ptr06,0.079666518
Ptr06,0.111807916
Ptr06,0.146367339
Ptr06,0.107080621
Ptr06,0.136594602
Ptr06,0.076654068
Ptr06,0.118299271
Ptr06,0.092071008
Ptr06,0.081795548
Ptr06,0.128066982
Ptr06,0.11153382
Ptr06,0.095282175
Ptr06,0.065706235
Ptr06,0.111899736
Ptr06,0.156336935
Ptr06,0.111480911
Ptr06,0.113684794
Ptr06,0.114863282
Ptr06,0.151565838
Ptr06,0.094138078
Ptr06,0.149435014
Ptr06,0.086343314
Ptr06,0.066376254
Ptr06,0.093119123
Ptr06,0.1030779
Ptr06,0.158045371
Ptr06,0.077505802
Ptr06,0.104844926
Ptr06,0.108641278
Ptr06,0.129777406
Ptr06,0.095801437
Ptr06,0.152914751
Ptr06,0.117710236
Ptr06,0.131201643
Ptr06,0.164414619
Ptr06,0.123325015
Ptr06,0.11238926
Ptr06,0.096073088
Ptr06,0.096938719
Ptr06,0.183106898
Ptr06,0.107248339
Ptr06,0.124045262
Ptr06,0.106191544
Ptr06,0.128341202
Ptr06,0.13395534
Ptr06,0.091099899
Ptr06,0.154307561
Ptr06,0.184036897
Ptr06,0.080300893
Ptr06,0.086181503
Ptr06,0.067323535
Ptr06,0.052008918
Ptr06,0.118146909
Ptr06,0.125148888
Ptr06,0.151703604
Ptr06,0.096032351
Ptr06,0.162209724
Ptr06,0.079616829
Ptr06,0.053870663
Ptr06,0.086185694
Ptr06,0.089153987
Ptr06,0.067108131
Ptr06,0.074636597
Ptr06,0.068514578
Ptr06,0.116434904
Ptr06,0.116999994
Ptr06,0.098628164
Ptr06,0.094809766
Ptr06,0.182694398
Ptr06,0.110653932
Ptr06,0.183517172
Ptr06,0.088499755
Ptr06,0.10560491
Ptr06,0.115547796
Ptr06,0.191307028
Ptr06,0.132944163
Ptr06,0.089394254
Ptr06,0.135941462
Ptr06,0.088454752
Ptr06,0.103628173
Ptr06,0.130402402
Ptr06,0.144699862
Ptr06,0.096507435
Ptr06,0.153109452
Ptr06,0.133329759
Ptr06,0.1613155
Ptr06,0.125067528
Ptr06,0.096567992
Ptr06,0.107890685
Ptr06,0.206474164
Ptr06,0.027774483
Ptr06,0.064272978
Ptr06,0.13129947
Ptr06,0.103295111
Ptr06,0.07348397
Ptr06,0.113635073
Ptr06,0.07587705
Ptr06,0.107258433
Ptr06,0.140683265
Ptr06,0.095617859
Ptr06,0.097977364
Ptr06,0.050300608
Ptr06,0.106530096
Ptr06,0.092004018
Ptr06,0.098263617
Ptr06,0.176600883
Ptr06,0.084876372
Ptr06,0.123770453
Ptr06,0.122139519
Ptr06,0.084306876
Ptr06,0.101530468
Ptr06,0.140063211
Ptr06,0.129909901
Ptr06,0.082673074
Ptr06,0.159853774
Ptr06,0.140960575
Ptr06,0.129688749
Ptr06,0.071434241
Ptr06,0.10543628
Ptr06,0.130953078
Ptr06,0.108369739
Ptr06,0.08992905
Ptr06,0.159049676
Ptr06,0.111849962
Ptr06,0.157636974
Ptr06,0.068769639
Ptr06,0.117106346
Ptr06,0.07248484
Ptr06,0.108042731
Ptr06,0.061664389
Ptr06,0.128424854
Ptr06,0.049998994
Ptr06,0.124288689
Ptr06,0.094000452
Ptr06,0.104070501
Ptr06,0.10125815
Ptr06,0.073326394
Ptr06,0.110683261
Ptr06,0.073432687
Ptr06,0.090739664
Ptr06,0.121790334
Ptr06,0.108876289
Ptr06,0.130762243
Ptr06,0.108120039
Ptr06,0.123630412
Ptr06,0.088282099
Ptr06,0.100783928
Ptr06,0.138387965
Ptr06,0.153847513
Ptr06,0.160441665
Ptr06,0.082715404
Ptr06,0.123222279
Ptr06,0.093907758
Ptr06,0.080739805
Ptr06,0.073665098
Ptr06,0.13220717
Ptr06,0.112422222
Ptr06,0.034490732
Ptr06,0.126428495
Ptr06,0.112049648
Ptr06,0.100738361
Ptr06,0.119664417
Ptr06,0.054775957
Ptr06,0.081571623
Ptr06,0.087717828
Ptr06,0.111875094
Ptr06,0.135004759
Ptr06,0.125123858
Ptr06,0.12957195
Ptr06,0.070294799
Ptr06,0.12326852
Ptr06,0.101972243
Ptr06,0.08126869
Ptr06,0.09949532
Ptr06,0.086835486
Ptr06,0.100121203
Ptr06,0.103377869
Ptr06,0.06373634
Ptr06,0.081593657
Ptr06,0.094149023
Ptr06,0.088147012
Ptr06,0.065593541
Ptr06,0.067882047
Ptr06,0.117752015
Ptr06,0.10767386
Ptr06,0.075929628
Ptr06,0.087059001
Ptr06,0.084853596
Ptr06,0.086086924
Ptr06,0.11687938
Ptr06,0.130944926
Ptr06,0.131429927
Ptr06,0.0548224
Ptr06,0.174718102
Ptr06,0.117943095
Ptr06,0.141371977
Ptr06,0.104988545
Ptr06,0.098407049
Ptr06,0.129069255
Ptr06,0.093861708
Ptr06,0.122006067
Ptr06,0.065134259
Ptr06,0.091753648
Ptr06,0.075500716
Ptr06,0.074266725
Ptr06,0.10825381
Ptr06,0.096352225
Ptr06,0.09574537
Ptr06,0.072460098
Ptr06,0.203009129
Ptr06,0.105039767
Ptr06,0.137008265
Ptr06,0.110705435
Ptr06,0.120557733
Ptr06,0.115218465
Ptr06,0.06699736
Ptr06,0.194318293
Ptr06,0.081728118
Ptr06,0.087441215
Ptr06,0.08435756
Ptr06,0.141143081
Ptr06,0.112028466
Ptr06,0.102676818
Ptr06,0.110814946
Ptr06,0.112473975
Ptr06,0.11186947
Ptr06,0.09981134
Ptr06,0.080845873
Ptr06,0.050802402
Ptr06,0.10764159
Ptr06,0.13185818
Ptr06,0.099076588
Ptr06,0.105225118
Ptr06,0.114611233
Ptr06,0.136486729
Ptr06,0.069000279
Ptr06,0.052682765
Ptr06,0.079690098
Ptr06,0.107742675
Ptr06,0.124383795
Ptr06,0.203144622
Ptr06,0.07813912
Ptr06,0.140544984
Ptr06,0.098714798
Ptr06,0.099993855
Ptr06,0.122095071
Ptr06,0.076624554
Ptr06,0.093188121
Ptr06,0.12285638
Ptr06,0.080729598
Ptr06,0.112790844
Ptr06,0.048770016
Ptr06,0.09038688
Ptr06,0.156086555
Ptr06,0.079397496
Ptr06,0.12103779
Ptr06,0.172148588
Ptr06,0.083688688
Ptr06,0.104312668
Ptr06,0.125277009
Ptr06,0.085693704
Ptr06,0.105986281
Ptr06,0.127405649
Ptr06,0.090764318
Ptr06,0.131219764
Ptr06,0.078039034
Ptr06,0.126205105
Ptr06,0.106964789
Ptr06,0.102212682
Ptr06,0.106919126
Ptr06,0.107825374
Ptr06,0.132229482
Ptr06,0.139813169
Ptr06,0.057545661
Ptr06,0.116238992
Ptr06,0.120723162
Ptr06,0.108367016
Ptr06,0.112897234
Ptr06,0.073254195
Ptr06,0.090211838
Ptr06,0.135789421
Ptr06,0.067809276
Ptr06,0.044455507
Ptr07,0.080536885
Ptr07,0.114942531
Ptr07,0.135843522
Ptr07,0.126301047
Ptr07,0.126855672
Ptr07,0.090481271
Ptr07,0.179365427
Ptr07,0.104367218
Ptr07,0.185312884
Ptr07,0.134176765
Ptr07,0.094622449
Ptr07,0.097328825
Ptr07,0.113073043
Ptr07,0.124763596
Ptr07,0.185628277
Ptr07,0.111844706
Ptr07,0.047225288
Ptr07,0.171449982
Ptr07,0.128171815
Ptr07,0.059977243
Ptr07,0.169793006
Ptr07,0.176923788
Ptr07,0.114530974
Ptr07,0.091938432
Ptr07,0.133847801
Ptr07,0.038937816
Ptr07,0.091619965
Ptr07,0.115886546
Ptr07,0.042259524
Ptr07,0.055593928
Ptr07,0.158563075
Ptr07,0.081169751
Ptr07,0.089712024
Ptr07,0.185620916
Ptr07,0.169796858
Ptr07,0.073618852
Ptr07,0.068077792
Ptr07,0.183093141
Ptr07,0.097926483
Ptr07,0.059257566
Ptr07,0.075263933
Ptr07,0.13535911
Ptr07,0.065339676
Ptr07,0.107052701
Ptr07,0.089578271
Ptr07,0.130873986
Ptr07,0.111043191
Ptr07,0.126341333
Ptr07,0.112968482
Ptr07,0.111572919
Ptr07,0.098333415
Ptr07,0.072571964
Ptr07,0.148954317
Ptr07,0.03426287
Ptr07,0.110878218
Ptr07,0.150407886
Ptr07,0.109706787
Ptr07,0.128986087
Ptr07,0.121838204
Ptr07,0.168152058
Ptr07,0.13568642
Ptr07,0.113689614
Ptr07,0.147388315
Ptr07,0.177592425
Ptr07,0.149625211
Ptr07,0.153021691
Ptr07,0.083350607
Ptr07,0.078504236
Ptr07,0.166157326
Ptr07,0.15125581
Ptr07,0.077322664
Ptr07,0.139071799
Ptr07,0.099699702
Ptr07,0.097074716
Ptr07,0.178790249
Ptr07,0.110628739
Ptr07,0.144097451
Ptr07,0.107242233
Ptr07,0.159852571
Ptr07,0.038617712
Ptr07,0.154581945
Ptr07,0.100046153
Ptr07,0.082637575
Ptr07,0.078032988
Ptr07,0.067191087
Ptr07,0.201295634
Ptr07,0.182388622
Ptr07,0.060383554
Ptr07,0.112570081
Ptr07,0.105403495
Ptr07,0.04968345
Ptr07,0.157740218
Ptr07,0.090558803
Ptr07,0.048003058
Ptr07,0.078804993
Ptr07,0.112006178
Ptr07,0.068319685
Ptr07,0.094669013
Ptr07,0.133356779
Ptr07,0.107222503
Ptr07,0.172392831
Ptr07,0.124553163
Ptr07,0.151551371
Ptr07,0.096407732
Ptr07,0.053018154
Ptr07,0.10551288
Ptr07,0.128179845
Ptr07,0.224583892
Ptr07,0.053919709
Ptr07,0.207450033
Ptr07,0.123474259
Ptr07,0.087684459
Ptr07,0.099694067
Ptr07,0.134905052
Ptr07,0.111633892
Ptr07,0.092623452
Ptr07,0.168278277
Ptr07,0.163234623
Ptr07,0.114754118
Ptr07,0.167618869
Ptr07,0.075412685
Ptr07,0.090165471
Ptr07,0.097439117
Ptr07,0.095374699
Ptr07,0.133602975
Ptr07,0.080447245
Ptr07,0.088613982
Ptr07,0.098802543
Ptr07,0.145062621
Ptr07,0.091589143
Ptr07,0.173481899
Ptr07,0.170672778
Ptr07,0.051018128
Ptr07,0.105558756
Ptr07,0.07653261
Ptr07,0.137383068
Ptr07,0.135863298
Ptr07,0.087847841
Ptr07,0.065962384
Ptr07,0.101051909
Ptr07,0.042941032
Ptr07,0.101037497
Ptr07,0.103651687
Ptr07,0.120931264
Ptr07,0.131664725
Ptr07,0.119386203
Ptr07,0.092131442
Ptr07,0.140796644
Ptr07,0.168469302
Ptr07,0.167755306
Ptr07,0.197460284
Ptr07,0.06027279
Ptr07,0.112653043
Ptr07,0.06153181
Ptr07,0.118590736
Ptr07,0.141335172
Ptr07,0.19038174
Ptr07,0.141639328
Ptr07,0.121368759
Ptr07,0.068047432
Ptr07,0.093441229
Ptr07,0.187619049
Ptr07,0.171751177
Ptr07,0.135539106
Ptr07,0.062114229
Ptr07,0.112173053
Ptr07,0.088839956
Ptr07,0.108685571
Ptr07,0.115111206
Ptr07,0.130535399
Ptr07,0.11161043
Ptr07,0.132346599
Ptr07,0.091547421
Ptr07,0.163662613
Ptr07,0.07585309
Ptr07,0.106235974
Ptr07,0.145751214
Ptr07,0.077320555
Ptr07,0.198501026
Ptr07,0.144841509
Ptr07,0.092319858
Ptr07,0.127110014
Ptr07,0.071791956
Ptr07,0.111481177
Ptr07,0.197397603
Ptr07,0.080847686
Ptr07,0.113278187
Ptr07,0.103893912
Ptr07,0.083292513
Ptr07,0.082018724
Ptr07,0.144049629
Ptr07,0.12767219
Ptr07,0.119541011
Ptr07,0.072350124
Ptr07,0.101229091
Ptr07,0.14463871
Ptr07,0.140508646
Ptr07,0.138290734
Ptr07,0.186616463
Ptr07,0.099233917
Ptr07,0.096544902
Ptr07,0.123775869
Ptr07,0.153335397
Ptr07,0.034241584
Ptr07,0.132340197
Ptr07,0.080962883
Ptr07,0.141657611
Ptr07,0.109511036
Ptr07,0.173352149
Ptr07,0.12493481
Ptr07,0.14731005
Ptr07,0.129446669
Ptr07,0.112809823
Ptr07,0.135692144
Ptr07,0.127035664
Ptr07,0.101388454
Ptr07,0.254768015
Ptr07,0.163612692
Ptr07,0.057243466
Ptr07,0.114844027
Ptr07,0.137449849
Ptr07,0.063585064
Ptr07,0.095838377
Ptr07,0.154399988
Ptr07,0.08647776
Ptr07,0.123919334
Ptr07,0.092488455
Ptr07,0.186777938
Ptr07,0.090180499
Ptr07,0.159155693
Ptr07,0.113707236
Ptr07,0.074235567
Ptr07,0.100215435
Ptr07,0.094176586
Ptr07,0.0869529
Ptr07,0.102691919
Ptr07,0.112210138
Ptr07,0.10305014
Ptr07,0.131362194
Ptr07,0.082184337
Ptr07,0.13026984
Ptr07,0.094239722
Ptr07,0.061133238
Ptr07,0.152017945
Ptr07,0.113453198
Ptr07,0.143652548
Ptr07,0.068693266
Ptr07,0.159285057
Ptr07,0.171985105
Ptr07,0.121611277
Ptr07,0.090947606
Ptr07,0.153612824
Ptr07,0.066151104
Ptr07,0.126317084
Ptr07,0.093391335
Ptr07,0.126801827
Ptr07,0.120716082
Ptr07,0.071434398
Ptr07,0.159459442
Ptr07,0.186724908
Ptr07,0.138753397
Ptr07,0.185679213
Ptr07,0.11185423
Ptr07,0.043181713
Ptr07,0.09043115
Ptr07,0.107734406
Ptr07,0.171630291
Ptr07,0.095940686
Ptr07,0.051291331
Ptr07,0.117283916
Ptr07,0.071985595
Ptr07,0.119765827
Ptr07,0.140259103
Ptr07,0.10741414
Ptr07,0.113249475
Ptr07,0.0792291
Ptr07,0.173605746
Ptr07,0.17360634
Ptr07,0.155675649
Ptr07,0.049368669
Ptr07,0.077852066
Ptr07,0.101737792
Ptr07,0.063180819
Ptr07,0.108478349
Ptr07,0.119799941
Ptr07,0.117825944
Ptr07,0.196316155
Ptr07,0.067623082
Ptr07,0.141726232
Ptr07,0.117569362
Ptr07,0.052362318
Ptr07,0.039816389
Ptr07,0.12233149
Ptr07,0.099733094
Ptr07,0.076199976
Ptr07,0.159460354
Ptr07,0.096244216
Ptr07,0.088399379
Ptr07,0.117801128
Ptr07,0.131425166
Ptr07,0.222486981
Ptr07,0.081898422
Ptr07,0.124208483
Ptr07,0.186733984
Ptr07,0.13097823
Ptr07,0.164088551
Ptr07,0.113899707
Ptr07,0.090560107
Ptr07,0.094711774
Ptr07,0.073792747
Ptr07,0.086546577
Ptr07,0.099370042
Ptr07,0.0907352
Ptr07,0.171766822
Ptr07,0.099866123
Ptr07,0.176824116
Ptr07,0.084063876
Ptr07,0.092461587
Ptr07,0.096223426
Ptr07,0.151437211
Ptr07,0.17508522
Ptr07,0.157638319
Ptr07,0.058716714
Ptr07,0.166199261
Ptr07,0.209839031
Ptr07,0.097011759
Ptr07,0.16521293
Ptr07,0.097438147
Ptr07,0.169145893
Ptr07,0.154758348
Ptr07,0.061946495
Ptr07,0.123304089
Ptr07,0.069765407
Ptr07,0.104087849
Ptr07,0.088646192
Ptr07,0.143967865
Ptr07,0.09841982
Ptr07,0.108150089
Ptr07,0.11551915
Ptr07,0.058699149
Ptr07,0.106251605
Ptr07,0.178439579
Ptr07,0.070325875
Ptr07,0.117588293
Ptr07,0.149356881
Ptr07,0.076043106
Ptr07,0.100897333
Ptr07,0.108856264
Ptr07,0.209257297
Ptr07,0.08928904
Ptr07,0.099997553
Ptr07,0.105353227
Ptr07,0.182717666
Ptr07,0.081507716
Ptr07,0.179833668
Ptr07,0.110052679
Ptr07,0.106277785
Ptr07,0.119770473
Ptr07,0.140454568
Ptr07,0.045129093
Ptr07,0.120880512
Ptr07,0.112599147
Ptr07,0.068560064
Ptr07,0.081978058
Ptr07,0.138573758
Ptr07,0.134545809
Ptr07,0.116920163
Ptr07,0.151199608
Ptr07,0.062133553
Ptr07,0.100533543
Ptr07,0.084769723
Ptr07,0.066479372
Ptr07,0.124601167
Ptr07,0.174561532
Ptr07,0.042131733
Ptr07,0.114920846
Ptr07,0.171935417
Ptr07,0.144846148
Ptr07,0.12918807
Ptr07,0.083379198
Ptr07,0.154720598
Ptr07,0.095744736
Ptr07,0.114362181
Ptr07,0.114746594
Ptr07,0.072138546
Ptr07,0.089484365
Ptr07,0.161588981
Ptr07,0.131159478
Ptr07,0.116053262
Ptr07,0.197716032
Ptr07,0.070927634
Ptr07,0.148721521
Ptr07,0.075992465
Ptr07,0.067641657
Ptr07,0.078913931
Ptr07,0.146091146
Ptr07,0.065725831
Ptr07,0.098826298
Ptr07,0.062257225
Ptr07,0.133431123
Ptr07,0.112716529
Ptr07,0.099251439
Ptr07,0.116296395
Ptr07,0.087836673
Ptr07,0.161281665
Ptr07,0.04897894
Ptr07,0.130106479
Ptr07,0.082940167
Ptr07,0.176284364
Ptr07,0.168479382
Ptr07,0.085212993
Ptr07,0.069639306
Ptr07,0.054287489
Ptr07,0.111522692
Ptr07,0.076818874
Ptr07,0.058043273
Ptr07,0.080271725
Ptr07,0.099345754
Ptr07,0.107773645
Ptr07,0.120340618
Ptr07,0.110080786
Ptr07,0.080549899
Ptr07,0.140494459
Ptr07,0.052368396
Ptr07,0.048699742
Ptr07,0.0996786
Ptr07,0.129286866
Ptr07,0.109779335
Ptr07,0.070853251
Ptr07,0.121070387
Ptr07,0.086610733
Ptr07,0.086262766
Ptr07,0.12598259
Ptr08,0.233783244
Ptr08,0.327724523
Ptr08,0.092605043
Ptr08,0.303721087
Ptr08,0.177025887
Ptr08,0.087170204
Ptr08,0.163172544
Ptr08,0.316276926
Ptr08,0.131204387
Ptr08,0.134121613
Ptr08,0.390808587
Ptr08,0.355543814
Ptr08,0.087851892
Ptr08,0.247094759
Ptr08,0.387994184
Ptr08,0.256606922
Ptr08,0.230583785
Ptr08,0.077191174
Ptr08,0.281405169
Ptr08,0.24574232
Ptr08,0.456933486
Ptr08,0.090572667
Ptr08,0.088723937
Ptr08,0.213154381
Ptr08,0.385652106
Ptr08,0.361049499
Ptr08,0.061995526
Ptr08,0.167739906
Ptr08,0.146635837
Ptr08,0.224319414
Ptr08,0.162844944
Ptr08,0.084367561
Ptr08,0.355209775
Ptr08,0.429941307
Ptr08,0.43804153
Ptr08,0.401151614
Ptr08,0.240526164
Ptr08,0.327384377
Ptr08,0.119119276
Ptr08,0.23132558
Ptr08,0.311820829
Ptr08,0.369233848
Ptr08,0.169597037
Ptr08,0.342123302
Ptr08,0.327584753
Ptr08,0.288290486
Ptr08,0.219933993
Ptr08,0.110510819
Ptr08,0.213399709
Ptr08,0.1140216
Ptr08,0.102265992
Ptr08,0.342737626
Ptr08,0.103195115
Ptr08,0.118253279
Ptr08,0.275226477
Ptr08,0.331988759
Ptr08,0.247751548
Ptr08,0.110571023
Ptr08,0.108120422
Ptr08,0.235004059
Ptr08,0.36614578
Ptr08,0.29884435
Ptr08,0.315234427
Ptr08,0.151264445
Ptr08,0.274891927
Ptr08,0.142742986
Ptr08,0.178512543
Ptr08,0.289238692
Ptr08,0.389552646
Ptr08,0.308072622
Ptr08,0.204636241
Ptr08,0.169299701
Ptr08,0.281537941
Ptr08,0.124696395
Ptr08,0.132473144
Ptr08,0.362992434
Ptr08,0.155140745
Ptr08,0.251627343
Ptr08,0.241332197
Ptr08,0.306215031
Ptr08,0.30197543
Ptr08,0.098449514
Ptr08,0.413432459
Ptr08,0.157927778
Ptr08,0.123908432
Ptr08,0.167631805
Ptr08,0.255962084
Ptr08,0.202646755
Ptr08,0.12657832
Ptr08,0.269462591
Ptr08,0.207279809
Ptr08,0.252088622
Ptr08,0.232314347
Ptr08,0.206562128
Ptr08,0.367853874
Ptr08,0.303716647
Ptr08,0.191443157
Ptr08,0.158618761
Ptr08,0.285695478
Ptr08,0.102916207
Ptr08,0.194814499
Ptr08,0.198612561
Ptr08,0.248851774
Ptr08,0.139692101
Ptr08,0.406287532
Ptr08,0.148555659
Ptr08,0.40603686
Ptr08,0.430913585
Ptr08,0.148988908
Ptr08,0.198886412
Ptr08,0.232512496
Ptr08,0.227808485
Ptr08,0.085160328
Ptr08,0.181905471
Ptr08,0.172132228
Ptr08,0.150204414
Ptr08,0.252644419
Ptr08,0.305962371
Ptr08,0.338475099
Ptr08,0.227997712
Ptr08,0.222253416
Ptr08,0.401072537
Ptr08,0.128642062
Ptr08,0.392318585
Ptr08,0.249289128
Ptr08,0.425949078
Ptr08,0.074523017
Ptr08,0.428728546
Ptr08,0.149473695
Ptr08,0.223852663
Ptr08,0.255997041
Ptr08,0.28328949
Ptr08,0.098364897
Ptr08,0.333430239
Ptr08,0.303265727
Ptr08,0.389083255
Ptr09,0.04159111
Ptr09,0.05439088
Ptr09,0.040668598
Ptr09,0.046692541
Ptr09,0.04819866
Ptr09,0.046746083
Ptr09,0.056152261
Ptr09,0.057445214
Ptr09,0.032056501
Ptr09,0.042124277
Ptr09,0.02881832
Ptr09,0.031400767
Ptr09,0.155256815
Ptr09,0.058935088
Ptr09,0.091914182
Ptr09,0.051524315
Ptr09,0.058771607
Ptr09,0.029767813
Ptr09,0.092770052
Ptr09,0.027607776
Ptr09,0.03472874
Ptr09,0.038704399
Ptr09,0.035615163
Ptr09,0.078972012
Ptr09,0.027611266
Ptr09,0.044247946
Ptr09,0.057968938
Ptr09,0.055471717
Ptr09,0.036612889
Ptr09,0.023365288
Ptr10,0.074841573
Ptr10,0.081402447
Ptr10,0.073604054
Ptr10,0.062311371
Ptr10,0.1781672
Ptr10,0.086466594
Ptr10,0.059228625
Ptr10,0.192698681
Ptr10,0.166922052
Ptr10,0.091085139
Ptr10,0.099454989
Ptr10,0.11748031
Ptr10,0.131443841
Ptr10,0.137569773
Ptr10,0.156742734
Ptr10,0.140553654
Ptr10,0.195787916
Ptr10,0.108965016
Ptr10,0.140108455
Ptr10,0.101020695
Ptr10,0.08933544
Ptr10,0.098382433
Ptr10,0.113350702
Ptr10,0.056105027
