Cluster,Fiber
Ptr01,0.176384537
Ptr01,0.193054261
Ptr01,0.24901162
Ptr01,0.328543535
Ptr01,0.200135049
Ptr01,0.236764032
Ptr01,0.184170203
Ptr01,0.313074554
Ptr01,0.313060584
Ptr01,0.221360959
Ptr01,0.32367518
Ptr01,0.373620739
Ptr01,0.346810426
Ptr01,0.317230806
Ptr01,0.19986857
Ptr01,0.146591772
Ptr01,0.186146451
Ptr01,0.292290167
Ptr01,0.201510231
Ptr01,0.380107695
Ptr01,0.256488494
Ptr01,0.217277806
Ptr01,0.172274936
Ptr01,0.222233465
Ptr01,0.282394062
Ptr01,0.43376836
Ptr01,0.308207411
Ptr01,0.106803418
Ptr01,0.19725931
Ptr01,0.236042118
Ptr01,0.263581174
Ptr01,0.315142085
Ptr01,0.259912222
Ptr01,0.369527164
Ptr01,0.210042596
Ptr01,0.16412722
Ptr01,0.347863621
Ptr01,0.291967629
Ptr01,0.376928831
Ptr01,0.198496638
Ptr01,0.25887831
Ptr01,0.294619247
Ptr01,0.223241528
Ptr01,0.278580659
Ptr01,0.2736244
Ptr01,0.16739502
Ptr01,0.165623327
Ptr01,0.294148469
Ptr01,0.273953957
Ptr01,0.279749806
Ptr01,0.298399241
Ptr01,0.197230524
Ptr01,0.258403258
Ptr01,0.164543208
Ptr01,0.099499902
Ptr01,0.305875636
Ptr01,0.16365892
Ptr01,0.118108245
Ptr01,0.17619837
Ptr01,0.300485636
Ptr01,0.261589082
Ptr01,0.197285487
Ptr01,0.290109281
Ptr01,0.13274387
Ptr01,0.157241526
Ptr01,0.278761551
Ptr01,0.225315708
Ptr01,0.17480036
Ptr01,0.256795588
Ptr01,0.200571008
Ptr01,0.373095935
Ptr01,0.22188107
Ptr01,0.172216661
Ptr01,0.193546844
Ptr01,0.290960879
Ptr01,0.300094106
Ptr01,0.305307755
Ptr01,0.26651177
Ptr01,0.283198567
Ptr01,0.277220204
Ptr01,0.286392426
Ptr01,0.176507674
Ptr01,0.181509303
Ptr01,0.283859572
Ptr01,0.310606893
Ptr01,0.219556494
Ptr01,0.324460663
Ptr01,0.211954531
Ptr01,0.234944645
Ptr01,0.254856107
Ptr01,0.157513261
Ptr01,0.378307811
Ptr01,0.208981715
Ptr01,0.290517778
Ptr01,0.280586695
Ptr01,0.214487845
Ptr01,0.319554886
Ptr01,0.359894053
Ptr01,0.179424929
Ptr01,0.262215713
Ptr01,0.159392861
Ptr01,0.382683861
Ptr01,0.270829699
Ptr01,0.15033481
Ptr01,0.175974163
Ptr01,0.322403292
Ptr01,0.226423236
Ptr01,0.3476168
Ptr01,0.307233516
Ptr01,0.135417023
Ptr01,0.185840204
Ptr01,0.286771541
Ptr01,0.271512201
Ptr01,0.39434904
Ptr01,0.316394035
Ptr01,0.241506111
Ptr01,0.159371456
Ptr01,0.178662336
Ptr01,0.31337582
Ptr01,0.278839601
Ptr01,0.286596184
Ptr01,0.107902226
Ptr01,0.287261603
Ptr01,0.198000212
Ptr01,0.205608414
Ptr01,0.256560421
Ptr01,0.333922469
Ptr01,0.27760036
Ptr01,0.312431982
Ptr01,0.209958663
Ptr01,0.254453624
Ptr01,0.230221072
Ptr01,0.201885113
Ptr01,0.221897704
Ptr01,0.345135259
Ptr01,0.379751685
Ptr01,0.133645505
Ptr01,0.226354547
Ptr01,0.166543649
Ptr01,0.386448393
Ptr01,0.192163575
Ptr01,0.15858709
Ptr01,0.171309727
Ptr01,0.201557493
Ptr01,0.273805432
Ptr01,0.331274317
Ptr01,0.181208626
Ptr01,0.286477951
Ptr01,0.251935303
Ptr01,0.333302631
Ptr01,0.193139176
Ptr01,0.252340546
Ptr01,0.334644029
Ptr01,0.173307106
Ptr01,0.368298671
Ptr01,0.316148253
Ptr01,0.123956021
Ptr01,0.263389805
Ptr01,0.191453955
Ptr01,0.259759398
Ptr01,0.249277588
Ptr01,0.202874523
Ptr01,0.331317553
Ptr01,0.24681561
Ptr01,0.256215607
Ptr01,0.235834942
Ptr01,0.231353593
Ptr01,0.287300515
Ptr01,0.283991313
Ptr01,0.189536746
Ptr01,0.19786518
Ptr01,0.191416978
Ptr01,0.254340921
Ptr01,0.150248065
Ptr01,0.364536965
Ptr01,0.178360176
Ptr01,0.223673561
Ptr01,0.259345869
Ptr01,0.25090515
Ptr01,0.262978502
Ptr01,0.160943349
Ptr01,0.365212509
Ptr01,0.290369955
Ptr01,0.189730357
Ptr01,0.228159109
Ptr01,0.318213055
Ptr01,0.203536706
Ptr01,0.20421276
Ptr01,0.282737509
Ptr01,0.291418633
Ptr01,0.419605437
Ptr01,0.159598491
Ptr01,0.291578349
Ptr01,0.27845966
Ptr01,0.220288161
Ptr01,0.355731492
Ptr01,0.225353884
Ptr01,0.31601396
Ptr01,0.206138705
Ptr01,0.338442603
Ptr01,0.361906955
Ptr01,0.267274786
Ptr01,0.194533332
Ptr01,0.211554494
Ptr01,0.337783613
Ptr01,0.201252057
Ptr01,0.313212383
Ptr01,0.385233592
Ptr01,0.142329483
Ptr01,0.270740415
Ptr01,0.261846818
Ptr01,0.239937218
Ptr01,0.336378808
Ptr01,0.379987642
Ptr01,0.300221617
Ptr01,0.241081359
Ptr01,0.367738736
Ptr01,0.184108565
Ptr01,0.188345177
Ptr01,0.236581139
Ptr01,0.284377442
Ptr01,0.284604779
Ptr01,0.189585375
Ptr01,0.193415093
Ptr01,0.265410136
Ptr01,0.408364661
Ptr01,0.180705612
Ptr01,0.40186459
Ptr01,0.242104245
Ptr01,0.360263963
Ptr01,0.24737247
Ptr01,0.249597349
Ptr01,0.222586659
Ptr01,0.193188972
Ptr01,0.295421777
Ptr01,0.203714167
Ptr01,0.28956346
Ptr01,0.336521169
Ptr01,0.194692224
Ptr01,0.293516512
Ptr01,0.299239626
Ptr01,0.262359038
Ptr01,0.291636127
Ptr01,0.344618919
Ptr01,0.277515135
Ptr01,0.429198289
Ptr01,0.300009159
Ptr01,0.271234735
Ptr01,0.259314658
Ptr01,0.172203546
Ptr01,0.290146667
Ptr01,0.276541132
Ptr01,0.373381661
Ptr01,0.324621901
Ptr01,0.327153897
Ptr01,0.212475266
Ptr01,0.393070412
Ptr01,0.233785097
Ptr01,0.222607196
Ptr01,0.229767842
Ptr01,0.199366402
Ptr01,0.312795369
Ptr01,0.340395624
Ptr01,0.202820348
Ptr01,0.237612709
Ptr01,0.244551574
Ptr01,0.180696353
Ptr01,0.266563868
Ptr01,0.302290904
Ptr01,0.356434739
Ptr01,0.230498315
Ptr01,0.138450798
Ptr01,0.262452261
Ptr01,0.279322969
Ptr01,0.242155892
Ptr01,0.250532044
Ptr01,0.329196658
Ptr01,0.364216841
Ptr01,0.206676002
Ptr01,0.272564095
Ptr01,0.253738159
Ptr01,0.289024023
Ptr01,0.314303795
Ptr01,0.22501305
Ptr01,0.2860541
Ptr01,0.366025787
Ptr01,0.333499427
Ptr01,0.201475535
Ptr01,0.225212622
Ptr01,0.327760257
Ptr01,0.170833891
Ptr01,0.225443295
Ptr01,0.378169114
Ptr01,0.299062877
Ptr01,0.359084107
Ptr01,0.360534827
Ptr01,0.329918886
Ptr01,0.259255987
Ptr01,0.211006801
Ptr01,0.281688223
Ptr01,0.462697129
Ptr01,0.276736975
Ptr01,0.288434666
Ptr01,0.170662272
Ptr01,0.28316469
Ptr01,0.244056218
Ptr01,0.211380736
Ptr01,0.213102329
Ptr01,0.198778479
Ptr01,0.395412974
Ptr01,0.340827878
Ptr01,0.116312621
Ptr01,0.20653123
Ptr01,0.230668474
Ptr01,0.202472504
Ptr01,0.190425828
Ptr01,0.121112368
Ptr01,0.224221423
Ptr01,0.237416641
Ptr01,0.266270693
Ptr01,0.226704094
Ptr01,0.223428909
Ptr01,0.236331005
Ptr01,0.312322567
Ptr01,0.319110732
Ptr01,0.219705591
Ptr01,0.255160522
Ptr01,0.201085894
Ptr01,0.209177663
Ptr01,0.218952787
Ptr01,0.218802319
Ptr01,0.238655214
Ptr01,0.348330378
Ptr01,0.207876792
Ptr01,0.31661727
Ptr01,0.353820183
Ptr01,0.22235921
Ptr01,0.281086218
Ptr01,0.236435928
Ptr01,0.212684632
Ptr01,0.324567665
Ptr01,0.204649184
Ptr01,0.333027015
Ptr01,0.239445139
Ptr01,0.24638985
Ptr01,0.270903002
Ptr01,0.204041568
Ptr01,0.147514111
Ptr01,0.334962244
Ptr01,0.162002232
Ptr01,0.36326727
Ptr01,0.403879785
Ptr01,0.284511223
Ptr01,0.203586202
Ptr01,0.165510716
Ptr01,0.386075895
Ptr01,0.286544368
Ptr01,0.18546542
Ptr01,0.314740938
Ptr01,0.296715223
Ptr01,0.24261377
Ptr01,0.249534926
Ptr01,0.377205666
Ptr01,0.281412173
Ptr01,0.209976582
Ptr01,0.265856606
Ptr01,0.33154357
Ptr01,0.3126221
Ptr01,0.2345156
Ptr01,0.140414001
Ptr01,0.330662081
Ptr01,0.273275381
Ptr01,0.292622207
Ptr01,0.212761916
Ptr01,0.183759589
Ptr01,0.165806375
Ptr01,0.212943917
Ptr01,0.15904563
Ptr01,0.200502989
Ptr01,0.195321252
Ptr01,0.225468292
Ptr01,0.221290491
Ptr01,0.34504748
Ptr01,0.292740312
Ptr01,0.22903475
Ptr01,0.208662375
Ptr01,0.287019081
Ptr01,0.407671145
Ptr01,0.388157417
Ptr01,0.330515338
Ptr01,0.376889558
Ptr01,0.270902917
Ptr01,0.236481916
Ptr01,0.256086483
Ptr01,0.343661159
Ptr01,0.242247475
Ptr01,0.203927195
Ptr01,0.359650761
Ptr01,0.283740569
Ptr01,0.29737013
Ptr01,0.289003019
Ptr01,0.285040983
Ptr01,0.32002245
Ptr01,0.141912826
Ptr01,0.227320395
Ptr01,0.217926819
Ptr01,0.260174003
Ptr01,0.290970147
Ptr01,0.358485428
Ptr01,0.173526535
Ptr01,0.4396332
Ptr01,0.258617475
Ptr01,0.240467671
Ptr01,0.187789794
Ptr01,0.330292085
Ptr01,0.27221798
Ptr01,0.370629379
Ptr01,0.245479136
Ptr01,0.269635949
Ptr01,0.234648341
Ptr01,0.254800844
Ptr01,0.147904896
Ptr01,0.319128094
Ptr01,0.346929032
Ptr01,0.288185899
Ptr01,0.22116575
Ptr01,0.182403959
Ptr01,0.217053198
Ptr01,0.225296462
Ptr01,0.205402182
Ptr01,0.185835549
Ptr01,0.185796362
Ptr01,0.25070607
Ptr01,0.356454146
Ptr01,0.323387242
Ptr01,0.273046502
Ptr01,0.237872199
Ptr01,0.224188287
Ptr01,0.383693893
Ptr01,0.294626196
Ptr01,0.267464313
Ptr01,0.14183999
Ptr01,0.333582268
Ptr01,0.271607121
Ptr01,0.232349296
Ptr01,0.369544437
Ptr01,0.112263127
Ptr01,0.167769482
Ptr01,0.447813723
Ptr01,0.208971157
Ptr01,0.241905246
Ptr01,0.238906849
Ptr01,0.211952014
Ptr01,0.252184391
Ptr01,0.255720078
Ptr01,0.35788565
Ptr01,0.351549563
Ptr01,0.314645561
Ptr01,0.20793142
Ptr01,0.209144635
Ptr01,0.358715145
Ptr01,0.279409362
Ptr01,0.235429588
Ptr01,0.324981708
Ptr01,0.326664494
Ptr01,0.194271062
Ptr01,0.317391248
Ptr01,0.331158432
Ptr01,0.339824493
Ptr01,0.216071449
Ptr01,0.352063613
Ptr01,0.232283337
Ptr01,0.204423994
Ptr01,0.400623024
Ptr01,0.258104572
Ptr01,0.275836786
Ptr01,0.278265214
Ptr01,0.336461682
Ptr01,0.207781231
Ptr01,0.441888368
Ptr01,0.284477476
Ptr01,0.268867908
Ptr01,0.269641513
Ptr01,0.331322956
Ptr01,0.31855775
Ptr01,0.167521302
Ptr01,0.36155681
Ptr01,0.294267742
Ptr01,0.187322319
Ptr01,0.311495041
Ptr01,0.149655432
Ptr01,0.145401978
Ptr01,0.19464615
Ptr01,0.245386007
Ptr01,0.259070822
Ptr01,0.143023026
Ptr01,0.283879525
Ptr01,0.336723191
Ptr01,0.383564758
Ptr01,0.1932674
Ptr01,0.353278942
Ptr01,0.220709598
Ptr01,0.365336581
Ptr01,0.180699498
Ptr01,0.288552031
Ptr01,0.314655429
Ptr01,0.232576165
Ptr01,0.32684671
Ptr01,0.162779639
Ptr01,0.360602702
Ptr01,0.251008738
Ptr01,0.181760139
Ptr01,0.207429776
Ptr01,0.311608897
Ptr01,0.39062505
Ptr01,0.305695602
Ptr01,0.219033272
Ptr01,0.187684855
Ptr01,0.381770343
Ptr01,0.235292099
Ptr01,0.111581153
Ptr01,0.328450143
Ptr01,0.292642029
Ptr01,0.395510394
Ptr01,0.346483964
Ptr01,0.145102944
Ptr01,0.189164213
Ptr01,0.218135651
Ptr01,0.205805659
Ptr01,0.270069443
Ptr01,0.256571199
Ptr01,0.266531619
Ptr01,0.3911714
Ptr01,0.184198656
Ptr01,0.282588823
Ptr01,0.20155953
Ptr01,0.207503676
Ptr01,0.287714386
Ptr01,0.304409986
Ptr01,0.232374057
Ptr01,0.262266238
Ptr01,0.181034371
Ptr01,0.250612007
Ptr01,0.267102112
Ptr01,0.299992816
Ptr01,0.284630831
Ptr01,0.185336875
Ptr01,0.284778114
Ptr01,0.269910061
Ptr01,0.132175307
Ptr01,0.243123309
Ptr01,0.386920771
Ptr01,0.285957333
Ptr01,0.297921619
Ptr01,0.154422005
Ptr01,0.314656343
Ptr01,0.185971677
Ptr01,0.243327155
Ptr01,0.316251433
Ptr01,0.201903369
Ptr01,0.421802233
Ptr01,0.236874513
Ptr01,0.234065764
Ptr01,0.209169302
Ptr01,0.281775805
Ptr01,0.388433979
Ptr01,0.286633873
Ptr01,0.242600999
Ptr01,0.320468396
Ptr01,0.148823494
Ptr01,0.244448437
Ptr01,0.260571418
Ptr01,0.289361923
Ptr01,0.331356625
Ptr01,0.216376576
Ptr01,0.188461229
Ptr01,0.382117316
Ptr01,0.302328705
Ptr01,0.276707868
Ptr01,0.200730704
Ptr01,0.313440777
Ptr01,0.238243387
Ptr01,0.24789965
Ptr01,0.2163896
Ptr01,0.235353694
Ptr01,0.191490929
Ptr01,0.304442793
Ptr01,0.202584284
Ptr01,0.180777562
Ptr01,0.276199897
Ptr01,0.243612606
Ptr01,0.304963059
Ptr01,0.158048907
Ptr01,0.225572236
Ptr01,0.384540556
Ptr01,0.243117213
Ptr01,0.174037934
Ptr01,0.335896724
Ptr01,0.274098469
Ptr01,0.386620445
Ptr01,0.144769012
Ptr01,0.240506259
Ptr01,0.24902909
Ptr01,0.239221416
Ptr01,0.356146663
Ptr01,0.314669615
Ptr01,0.257934351
Ptr01,0.333912117
Ptr01,0.390418764
Ptr01,0.41059047
Ptr01,0.273826342
Ptr01,0.326212818
Ptr01,0.200752322
Ptr01,0.250219196
Ptr01,0.191928653
Ptr01,0.294018045
Ptr01,0.241988403
Ptr01,0.412072712
Ptr01,0.261669511
Ptr01,0.219306318
Ptr01,0.154204797
Ptr01,0.261468263
Ptr01,0.319263276
Ptr01,0.248629623
Ptr01,0.21156207
Ptr01,0.297794383
Ptr01,0.23982822
Ptr01,0.153372076
Ptr01,0.322175174
Ptr01,0.241624084
Ptr01,0.31527505
Ptr01,0.283493652
Ptr01,0.366341532
Ptr01,0.309799754
Ptr01,0.208383027
Ptr01,0.250278452
Ptr01,0.359245282
Ptr01,0.244934255
Ptr01,0.278342498
Ptr01,0.203526379
Ptr01,0.266808246
Ptr01,0.161527639
Ptr01,0.198341095
Ptr01,0.266693282
Ptr01,0.200033035
Ptr01,0.168093475
Ptr01,0.271120569
Ptr01,0.225408141
Ptr01,0.237076095
Ptr01,0.317453336
Ptr01,0.277055874
Ptr01,0.169392152
Ptr01,0.299596141
Ptr01,0.400459704
Ptr01,0.256983792
Ptr01,0.257771315
Ptr01,0.294513907
Ptr01,0.326394746
Ptr01,0.128304705
Ptr01,0.242161812
Ptr01,0.217811868
Ptr01,0.154641802
Ptr01,0.299919579
Ptr01,0.37685098
Ptr01,0.311867004
Ptr01,0.309332249
Ptr01,0.373684153
Ptr01,0.139704028
Ptr01,0.409467146
Ptr01,0.240031475
Ptr01,0.36966997
Ptr01,0.180547129
Ptr01,0.358894444
Ptr01,0.386334394
Ptr01,0.214177049
Ptr01,0.327685521
Ptr01,0.178609828
Ptr01,0.230572401
Ptr01,0.276387926
Ptr01,0.099477353
Ptr01,0.288937544
Ptr01,0.39330961
Ptr01,0.349002726
Ptr01,0.238021591
Ptr01,0.234527544
Ptr01,0.285958331
Ptr01,0.321590226
Ptr01,0.315270833
Ptr01,0.166716308
Ptr01,0.323702282
Ptr01,0.224632429
Ptr01,0.257467431
Ptr01,0.21281411
Ptr01,0.441242868
Ptr01,0.189721275
Ptr01,0.321552473
Ptr01,0.233573719
Ptr01,0.274246342
Ptr01,0.293128365
Ptr01,0.196884134
Ptr01,0.161909714
Ptr01,0.168900436
Ptr01,0.144475917
Ptr01,0.324919357
Ptr01,0.316646195
Ptr01,0.206812413
Ptr01,0.235650142
Ptr01,0.299491577
Ptr01,0.368384203
Ptr01,0.345090297
Ptr01,0.296295655
Ptr01,0.294584942
Ptr01,0.364090636
Ptr01,0.143464297
Ptr01,0.278604984
Ptr01,0.188158515
Ptr01,0.158115971
Ptr01,0.285786029
Ptr01,0.317076523
Ptr01,0.264002047
Ptr01,0.268312151
Ptr01,0.260374462
Ptr01,0.255231086
Ptr01,0.303753327
Ptr01,0.215161709
Ptr01,0.242008103
Ptr01,0.276803234
Ptr01,0.302059329
Ptr01,0.189452047
Ptr01,0.148970027
Ptr01,0.18763844
Ptr01,0.200012541
Ptr01,0.31959915
Ptr01,0.251093638
Ptr01,0.299665335
Ptr01,0.242732883
Ptr01,0.317934749
Ptr01,0.262623107
Ptr01,0.268695993
Ptr01,0.242160645
Ptr01,0.400046169
Ptr01,0.265978038
Ptr01,0.252964346
Ptr01,0.328889594
Ptr01,0.359860919
Ptr01,0.190733099
Ptr01,0.201951795
Ptr01,0.396941342
Ptr01,0.154122319
Ptr01,0.293222235
Ptr01,0.145274447
Ptr01,0.352477222
Ptr01,0.276146246
Ptr01,0.2882509
Ptr01,0.175744219
Ptr01,0.262277187
Ptr01,0.214561778
Ptr01,0.309493859
Ptr01,0.353792909
Ptr01,0.328097324
Ptr01,0.231367864
Ptr01,0.29027027
Ptr01,0.216105576
Ptr01,0.245809501
Ptr01,0.226485763
Ptr01,0.282223538
Ptr01,0.339327075
Ptr01,0.275491558
Ptr01,0.285958098
Ptr01,0.199641513
Ptr01,0.158949151
Ptr01,0.326855375
Ptr01,0.189724119
Ptr01,0.357104412
Ptr01,0.22075291
Ptr01,0.405476026
Ptr01,0.270630457
Ptr01,0.173134175
Ptr01,0.172183068
Ptr01,0.213545657
Ptr01,0.172807918
Ptr01,0.24977324
Ptr01,0.159042208
Ptr01,0.307005748
Ptr01,0.262764324
Ptr01,0.266808049
Ptr01,0.222245528
Ptr01,0.372471349
Ptr01,0.31683862
Ptr01,0.213647337
Ptr01,0.18678604
Ptr01,0.267087612
Ptr01,0.215399278
Ptr01,0.17706082
Ptr01,0.375730494
Ptr01,0.257190519
Ptr01,0.262902059
Ptr01,0.243908527
Ptr01,0.171041986
Ptr01,0.138211798
Ptr01,0.252503994
Ptr01,0.347880238
Ptr01,0.348179502
Ptr01,0.172456866
Ptr01,0.159259663
Ptr01,0.433550777
Ptr01,0.193694754
Ptr01,0.324011667
Ptr01,0.167600756
Ptr01,0.22647443
Ptr01,0.249203829
Ptr01,0.1602586
Ptr01,0.181682675
Ptr01,0.323432373
Ptr01,0.228569475
Ptr01,0.263988692
Ptr01,0.254091997
Ptr01,0.275195324
Ptr01,0.136795225
Ptr01,0.288831022
Ptr01,0.309214104
Ptr01,0.221673991
Ptr01,0.223491816
Ptr01,0.33111074
Ptr01,0.308054542
Ptr01,0.333880641
Ptr01,0.30766925
Ptr01,0.298374045
Ptr01,0.212493433
Ptr01,0.345464015
Ptr01,0.365656201
Ptr01,0.461058837
Ptr01,0.231377191
Ptr01,0.249768297
Ptr01,0.16857055
Ptr01,0.253460757
Ptr01,0.186211276
Ptr01,0.320212847
Ptr01,0.277246665
Ptr01,0.116757072
Ptr01,0.171194383
Ptr01,0.265058193
Ptr01,0.325239011
Ptr01,0.225988012
Ptr01,0.145825338
Ptr01,0.289182633
Ptr01,0.258143022
Ptr01,0.249860371
Ptr01,0.364199546
Ptr01,0.16413912
Ptr01,0.235296138
Ptr01,0.283492864
Ptr01,0.14639047
Ptr01,0.268601972
Ptr01,0.149946983
Ptr01,0.205288304
Ptr01,0.42658367
Ptr01,0.335649395
Ptr01,0.30440911
Ptr01,0.343645211
Ptr01,0.311038469
Ptr01,0.332862993
Ptr01,0.300600988
Ptr01,0.337646512
Ptr01,0.213243555
Ptr01,0.274002492
Ptr01,0.241726952
Ptr01,0.363315769
Ptr01,0.207558255
Ptr01,0.328914876
Ptr01,0.254274147
Ptr01,0.092010267
Ptr01,0.25335383
Ptr01,0.266094781
Ptr01,0.246122836
Ptr01,0.184614533
Ptr01,0.365622562
Ptr01,0.233427812
Ptr01,0.204399836
Ptr01,0.270065081
Ptr01,0.28976209
Ptr01,0.276166221
Ptr01,0.238299877
Ptr01,0.236417131
Ptr01,0.247150028
Ptr01,0.253719724
Ptr01,0.109799887
Ptr01,0.312992864
Ptr01,0.263716043
Ptr01,0.192506154
Ptr01,0.184688473
Ptr01,0.219537385
Ptr01,0.278355923
Ptr01,0.272998389
Ptr01,0.190247849
Ptr01,0.255487011
Ptr01,0.389077131
Ptr01,0.332874758
Ptr01,0.277213593
Ptr01,0.32366832
Ptr01,0.246876084
Ptr01,0.353137971
Ptr01,0.275875897
Ptr01,0.267030939
Ptr01,0.171880232
Ptr01,0.334674308
Ptr01,0.226857326
Ptr01,0.238952724
Ptr01,0.328400404
Ptr01,0.304423171
Ptr01,0.165865735
Ptr01,0.241500664
Ptr01,0.159815344
Ptr01,0.317596631
Ptr01,0.242507961
Ptr01,0.284625753
Ptr01,0.342458836
Ptr01,0.214998518
Ptr01,0.184007996
Ptr01,0.234067925
Ptr01,0.195330502
Ptr01,0.247057764
Ptr01,0.201293547
Ptr01,0.313823719
Ptr01,0.258899368
Ptr01,0.159728294
Ptr01,0.361969895
Ptr01,0.384216395
Ptr01,0.230486614
Ptr01,0.146260047
Ptr01,0.201775015
Ptr01,0.217929336
Ptr01,0.322532802
Ptr01,0.351959032
Ptr01,0.232321224
Ptr01,0.291795112
Ptr01,0.266166018
Ptr01,0.198351817
Ptr01,0.221619618
Ptr01,0.209180868
Ptr01,0.165458211
Ptr01,0.404378029
Ptr01,0.313050652
Ptr01,0.253819461
Ptr01,0.244056435
Ptr01,0.333237205
Ptr01,0.110746459
Ptr01,0.282707628
Ptr01,0.351034605
Ptr01,0.219443256
Ptr01,0.329304633
Ptr01,0.313388397
Ptr01,0.199932072
Ptr01,0.212728672
Ptr01,0.229796872
Ptr01,0.2483503
Ptr01,0.370316021
Ptr01,0.191581302
Ptr01,0.20076455
Ptr01,0.297667931
Ptr01,0.252369382
Ptr01,0.243408138
Ptr01,0.2533014
Ptr01,0.232159004
Ptr01,0.252620008
Ptr01,0.288427005
Ptr01,0.243826333
Ptr01,0.162408556
Ptr01,0.20941717
Ptr01,0.168422713
Ptr01,0.161532894
Ptr01,0.334569013
Ptr01,0.28473447
Ptr01,0.289087224
Ptr01,0.232231876
Ptr01,0.256367019
Ptr01,0.188877356
Ptr01,0.341421617
Ptr01,0.360017076
Ptr01,0.259406568
Ptr01,0.241100985
Ptr01,0.193201221
Ptr01,0.312908759
Ptr01,0.326184718
Ptr01,0.316362819
Ptr01,0.245754995
Ptr01,0.249314626
Ptr01,0.21112157
Ptr01,0.189349848
Ptr01,0.206166913
Ptr01,0.294875806
Ptr01,0.17569029
Ptr01,0.089601079
Ptr01,0.228230481
Ptr01,0.284285453
Ptr01,0.163670508
Ptr01,0.228090576
Ptr01,0.228071402
Ptr01,0.433520407
Ptr01,0.158667158
Ptr01,0.234502363
Ptr01,0.260982066
Ptr01,0.224574715
Ptr01,0.23691803
Ptr01,0.267128061
Ptr01,0.191577787
Ptr01,0.157074061
Ptr01,0.380363475
Ptr01,0.286067252
Ptr01,0.261740047
Ptr01,0.345093818
Ptr01,0.378705314
Ptr01,0.250703699
Ptr01,0.155651798
Ptr01,0.167336209
Ptr01,0.320852895
Ptr01,0.309985594
Ptr01,0.255913471
Ptr01,0.265135263
Ptr01,0.333655314
Ptr01,0.349010557
Ptr01,0.326130312
Ptr01,0.280001113
Ptr01,0.398211582
Ptr01,0.228724616
Ptr01,0.125076995
Ptr01,0.224174939
Ptr01,0.3419731
Ptr01,0.26990587
Ptr01,0.387894388
Ptr01,0.474747159
Ptr01,0.331740964
Ptr01,0.203258449
Ptr01,0.253868093
Ptr01,0.268037472
Ptr01,0.325203674
Ptr01,0.136456461
Ptr01,0.355205305
Ptr01,0.174751927
Ptr01,0.305888716
Ptr01,0.360841041
Ptr01,0.29413
Ptr01,0.335705271
Ptr01,0.313690337
Ptr01,0.362947128
Ptr01,0.316794895
Ptr01,0.327846229
Ptr01,0.343437835
Ptr01,0.19806427
Ptr01,0.145426577
Ptr01,0.254601089
Ptr01,0.187214058
Ptr01,0.238311516
Ptr01,0.264901063
Ptr01,0.400617884
Ptr01,0.416244492
Ptr01,0.288301216
Ptr01,0.174161623
Ptr01,0.39533581
Ptr01,0.230870666
Ptr01,0.274748768
Ptr01,0.372441631
Ptr01,0.262153377
Ptr01,0.333286862
Ptr01,0.272968146
Ptr01,0.162649151
Ptr01,0.249566462
Ptr01,0.139038517
Ptr01,0.188114538
Ptr01,0.256963421
Ptr01,0.297705261
Ptr01,0.287604019
Ptr01,0.217009083
Ptr01,0.212964129
Ptr01,0.277059208
Ptr01,0.295424967
Ptr01,0.215319169
Ptr01,0.207386264
Ptr01,0.224486547
Ptr01,0.298832198
Ptr01,0.325586614
Ptr01,0.236414469
Ptr01,0.230948333
Ptr01,0.339160849
Ptr01,0.34626968
Ptr01,0.164664295
Ptr01,0.202207537
Ptr01,0.250397864
Ptr01,0.299426443
Ptr01,0.257244456
Ptr01,0.339188977
Ptr01,0.134606052
Ptr01,0.136849183
Ptr01,0.190146804
Ptr01,0.340303878
Ptr01,0.334890189
Ptr01,0.248295092
Ptr01,0.212227123
Ptr01,0.152702956
Ptr01,0.20213903
Ptr01,0.359863576
Ptr01,0.153631619
Ptr01,0.324523383
Ptr01,0.309273537
Ptr01,0.180093805
Ptr01,0.32419864
Ptr01,0.234262741
Ptr01,0.199056047
Ptr01,0.186705723
Ptr01,0.154525277
Ptr01,0.407017175
Ptr01,0.32864381
Ptr01,0.323447689
Ptr01,0.205438587
Ptr01,0.324212757
Ptr01,0.380887684
Ptr01,0.239428859
Ptr01,0.246328164
Ptr01,0.337930638
Ptr01,0.260957304
Ptr01,0.210645409
Ptr01,0.232582219
Ptr01,0.225535506
Ptr01,0.244935667
Ptr01,0.298021359
Ptr01,0.241607573
Ptr01,0.293030497
Ptr01,0.288181812
Ptr01,0.222612825
Ptr01,0.235282616
Ptr01,0.313393702
Ptr01,0.267712954
Ptr01,0.286648779
Ptr01,0.366730535
Ptr01,0.195059036
Ptr01,0.148248085
Ptr01,0.305558467
Ptr01,0.15171603
Ptr01,0.330864367
Ptr01,0.224349873
Ptr02,0.18778704
Ptr02,0.311334946
Ptr02,0.289879276
Ptr02,0.250979435
Ptr02,0.289134222
Ptr02,0.297426531
Ptr02,0.200005524
Ptr02,0.274881131
Ptr02,0.249543517
Ptr02,0.28578939
Ptr02,0.314251948
Ptr02,0.302130703
Ptr02,0.219452563
Ptr02,0.235972218
Ptr02,0.12693411
Ptr02,0.268346473
Ptr02,0.203978167
Ptr02,0.287020306
Ptr02,0.39010086
Ptr02,0.20596777
Ptr02,0.258098732
Ptr02,0.272758541
Ptr02,0.224836179
Ptr02,0.260811699
Ptr02,0.274867097
Ptr02,0.218584429
Ptr02,0.243656407
Ptr02,0.255170881
Ptr02,0.261057836
Ptr02,0.274989751
Ptr02,0.304610398
Ptr02,0.232613792
Ptr02,0.279976669
Ptr02,0.222400784
Ptr02,0.194807916
Ptr02,0.330904857
Ptr02,0.317403675
Ptr02,0.307086923
Ptr02,0.229778449
Ptr02,0.264730148
Ptr02,0.3622506
Ptr02,0.198114576
Ptr02,0.257700227
Ptr02,0.308842552
Ptr02,0.242896959
Ptr02,0.253730746
Ptr02,0.306254703
Ptr02,0.260295337
Ptr02,0.21005728
Ptr02,0.217643075
Ptr02,0.307272965
Ptr02,0.134270539
Ptr02,0.315823225
Ptr02,0.213802473
Ptr02,0.23126292
Ptr02,0.276257776
Ptr02,0.324602533
Ptr02,0.291080879
Ptr02,0.200011615
Ptr02,0.288672508
Ptr02,0.279911894
Ptr02,0.307555414
Ptr02,0.183386438
Ptr02,0.385892089
Ptr02,0.304117072
Ptr02,0.311008189
Ptr02,0.22685118
Ptr02,0.250677089
Ptr02,0.21187378
Ptr02,0.279765028
Ptr02,0.278111123
Ptr02,0.226976225
Ptr02,0.33446783
Ptr02,0.351921475
Ptr02,0.344169595
Ptr02,0.214288636
Ptr02,0.191022245
Ptr02,0.344516632
Ptr02,0.248348746
Ptr02,0.262681968
Ptr02,0.235024453
Ptr02,0.165192591
Ptr02,0.265050521
Ptr02,0.276561285
Ptr02,0.281298421
Ptr02,0.271856675
Ptr02,0.248381833
Ptr02,0.304405041
Ptr02,0.249270252
Ptr02,0.30303217
Ptr02,0.306468215
Ptr02,0.233410148
Ptr02,0.210099993
Ptr02,0.288306895
Ptr02,0.154902447
Ptr02,0.325073574
Ptr02,0.24725963
Ptr02,0.28978487
Ptr02,0.232438483
Ptr02,0.316594114
Ptr02,0.309415675
Ptr02,0.351188699
Ptr02,0.267819293
Ptr02,0.265043351
Ptr02,0.237757952
Ptr02,0.327684969
Ptr02,0.31807922
Ptr02,0.400871779
Ptr02,0.260051197
Ptr02,0.309757359
Ptr02,0.324564743
Ptr02,0.337387073
Ptr02,0.211132332
Ptr02,0.289609911
Ptr02,0.22956803
Ptr02,0.19054748
Ptr02,0.157105541
Ptr02,0.401709186
Ptr02,0.234175993
Ptr02,0.28377989
Ptr02,0.315259959
Ptr02,0.385511111
Ptr02,0.306180381
Ptr02,0.273536314
Ptr02,0.332560332
Ptr02,0.241036993
Ptr02,0.291440647
Ptr02,0.158210281
Ptr02,0.252856929
Ptr02,0.251512493
Ptr02,0.278265726
Ptr02,0.225589267
Ptr02,0.284426156
Ptr02,0.241661968
Ptr02,0.296697633
Ptr02,0.218604412
Ptr02,0.212218144
Ptr02,0.258821484
Ptr02,0.195717167
Ptr02,0.321438685
Ptr02,0.276795387
Ptr02,0.309402494
Ptr02,0.231433819
Ptr02,0.165554371
Ptr02,0.297473578
Ptr02,0.315387717
Ptr02,0.365408343
Ptr02,0.264557521
Ptr02,0.306622289
Ptr02,0.29497395
Ptr02,0.274434004
Ptr02,0.2073941
Ptr02,0.214290154
Ptr02,0.155061928
Ptr02,0.279648354
Ptr02,0.264641153
Ptr02,0.267183706
Ptr02,0.237080667
Ptr02,0.351683513
Ptr02,0.298759403
Ptr02,0.299414329
Ptr02,0.248812881
Ptr02,0.259320886
Ptr02,0.161421014
Ptr02,0.261429078
Ptr02,0.199504336
Ptr02,0.183764371
Ptr02,0.249454074
Ptr02,0.286324772
Ptr02,0.316633677
Ptr02,0.349190102
Ptr02,0.177113861
Ptr02,0.166406929
Ptr02,0.195560181
Ptr02,0.321155791
Ptr02,0.188838999
Ptr02,0.3399246
Ptr02,0.335561715
Ptr02,0.262419134
Ptr02,0.23008906
Ptr02,0.292143552
Ptr02,0.282676651
Ptr02,0.181619271
Ptr02,0.273585738
Ptr02,0.287196951
Ptr02,0.233077492
Ptr02,0.237489266
Ptr02,0.320599636
Ptr02,0.274922875
Ptr02,0.196844459
Ptr02,0.255989108
Ptr02,0.195827327
Ptr02,0.285439651
Ptr02,0.337785062
Ptr02,0.172058881
Ptr02,0.206037585
Ptr02,0.350203737
Ptr02,0.206506253
Ptr02,0.267063332
Ptr02,0.233330091
Ptr02,0.167774146
Ptr02,0.238744352
Ptr02,0.237809872
Ptr02,0.3179549
Ptr02,0.280968182
Ptr02,0.269715096
Ptr02,0.216893733
Ptr02,0.247671681
Ptr02,0.294109139
Ptr02,0.255847865
Ptr02,0.205153901
Ptr02,0.222589797
Ptr02,0.319515219
Ptr02,0.2525711
Ptr02,0.255290761
Ptr02,0.168996333
Ptr02,0.223759473
Ptr02,0.234526558
Ptr02,0.257335859
Ptr02,0.336847088
Ptr02,0.243795873
Ptr02,0.245889692
Ptr02,0.187188274
Ptr02,0.342135875
Ptr02,0.324167908
Ptr02,0.361003738
Ptr02,0.300790022
Ptr02,0.255336242
Ptr02,0.247853053
Ptr02,0.258558499
Ptr02,0.299160244
Ptr02,0.304200893
Ptr02,0.285014344
Ptr02,0.207214637
Ptr02,0.27677858
Ptr02,0.2083395
Ptr02,0.262541873
Ptr02,0.393336387
Ptr02,0.222986261
Ptr02,0.317118864
Ptr02,0.284824262
Ptr02,0.244333992
Ptr02,0.417796194
Ptr02,0.226223129
Ptr02,0.251431428
Ptr02,0.286135964
Ptr02,0.205435943
Ptr02,0.323019077
Ptr02,0.221823558
Ptr02,0.301934072
Ptr02,0.278979516
Ptr02,0.279732801
Ptr02,0.384180316
Ptr02,0.222497743
Ptr02,0.330085861
Ptr02,0.329121334
Ptr02,0.294570539
Ptr02,0.204889863
Ptr02,0.284067686
Ptr02,0.264844755
Ptr02,0.317884443
Ptr02,0.303345748
Ptr02,0.3550743
Ptr02,0.331845498
Ptr02,0.207642994
Ptr02,0.214984986
Ptr02,0.293482058
Ptr02,0.231823173
Ptr02,0.25437363
Ptr02,0.297901354
Ptr02,0.243588604
Ptr02,0.222450151
Ptr02,0.345641835
Ptr02,0.159178721
Ptr02,0.282152292
Ptr02,0.257723861
Ptr02,0.293984577
Ptr02,0.299652183
Ptr02,0.243973398
Ptr02,0.312013628
Ptr02,0.256776013
Ptr02,0.311609868
Ptr02,0.248333177
Ptr02,0.324588232
Ptr02,0.224827466
Ptr02,0.248302395
Ptr02,0.246558186
Ptr02,0.354586487
Ptr02,0.201841858
Ptr02,0.347120834
Ptr02,0.40191943
Ptr02,0.243776012
Ptr02,0.390847237
Ptr02,0.296731288
Ptr02,0.215389292
Ptr02,0.327096595
Ptr02,0.209122908
Ptr02,0.202439506
Ptr02,0.322556259
Ptr02,0.282307423
Ptr02,0.313138495
Ptr02,0.267773942
Ptr02,0.167938518
Ptr02,0.351654576
Ptr02,0.280015604
Ptr02,0.206855045
Ptr02,0.248790031
Ptr02,0.29695744
Ptr02,0.286904769
Ptr02,0.280190338
Ptr02,0.213721871
Ptr02,0.293213034
Ptr02,0.282133761
Ptr02,0.333092194
Ptr02,0.284130841
Ptr02,0.276627393
Ptr02,0.264901754
Ptr02,0.193480932
Ptr02,0.323869578
Ptr02,0.296726228
Ptr02,0.22172573
Ptr02,0.245297714
Ptr02,0.25778061
Ptr02,0.287431961
Ptr02,0.295033492
Ptr02,0.301858902
Ptr02,0.245600993
Ptr02,0.284145159
Ptr02,0.180317894
Ptr02,0.303743726
Ptr02,0.183377298
Ptr02,0.222741388
Ptr02,0.244406943
Ptr02,0.275679057
Ptr02,0.215227833
Ptr02,0.203047017
Ptr02,0.333320077
Ptr02,0.288932981
Ptr02,0.143480898
Ptr02,0.222383629
Ptr02,0.159479109
Ptr02,0.248673993
Ptr02,0.149140436
Ptr02,0.238724049
Ptr02,0.305033334
Ptr02,0.313481046
Ptr02,0.352570338
Ptr02,0.270193684
Ptr02,0.306234457
Ptr02,0.163184014
Ptr02,0.293441998
Ptr02,0.177001191
Ptr02,0.200348513
Ptr02,0.270830963
Ptr02,0.345039576
Ptr02,0.328258181
Ptr02,0.280807606
Ptr02,0.242397851
Ptr02,0.356933014
Ptr02,0.235044978
Ptr02,0.328552194
Ptr02,0.249435821
Ptr02,0.251336203
Ptr02,0.215047513
Ptr02,0.210867245
Ptr02,0.284861476
Ptr02,0.306798663
Ptr02,0.226001546
Ptr02,0.338004857
Ptr02,0.231094918
Ptr02,0.219215669
Ptr02,0.315539387
Ptr02,0.276329815
Ptr02,0.283968146
Ptr02,0.226987894
Ptr02,0.193582802
Ptr02,0.212056297
Ptr02,0.295459964
Ptr02,0.273971265
Ptr02,0.263894908
Ptr02,0.134472629
Ptr02,0.239397142
Ptr02,0.252087638
Ptr02,0.358702526
Ptr02,0.286076783
Ptr02,0.24843763
Ptr02,0.252323191
Ptr02,0.295923254
Ptr02,0.319370216
Ptr02,0.311983967
Ptr02,0.236259964
Ptr02,0.159463131
Ptr02,0.280320436
Ptr02,0.29527998
Ptr02,0.317172106
Ptr02,0.330844481
Ptr02,0.18140387
Ptr02,0.244243997
Ptr02,0.278086675
Ptr02,0.293380432
Ptr02,0.211670768
Ptr02,0.305344897
Ptr02,0.282612446
Ptr02,0.294503383
Ptr02,0.212984291
Ptr02,0.255956564
Ptr02,0.350829063
Ptr02,0.310914893
Ptr02,0.266813339
Ptr02,0.329137772
Ptr02,0.231658401
Ptr02,0.310676787
Ptr02,0.301462374
Ptr02,0.236823568
Ptr02,0.18814605
Ptr02,0.304095778
Ptr02,0.301600667
Ptr02,0.295281465
Ptr02,0.243096498
Ptr02,0.377144532
Ptr02,0.23789408
Ptr02,0.298480802
Ptr02,0.321133554
Ptr02,0.258912657
Ptr02,0.311396773
Ptr02,0.291344778
Ptr02,0.256009049
Ptr02,0.201489352
Ptr02,0.311930103
Ptr02,0.20768881
Ptr02,0.301000597
Ptr02,0.308344967
Ptr02,0.384147931
Ptr02,0.260935087
Ptr02,0.227075002
Ptr02,0.278244314
Ptr02,0.266982414
Ptr02,0.35118052
Ptr02,0.194669014
Ptr02,0.297117818
Ptr02,0.268372467
Ptr02,0.287530635
Ptr02,0.249271182
Ptr02,0.374074752
Ptr02,0.28580039
Ptr02,0.325536654
Ptr02,0.266127286
Ptr02,0.263378428
Ptr02,0.28207516
Ptr02,0.193007648
Ptr02,0.252643174
Ptr02,0.356609433
Ptr02,0.237881242
Ptr02,0.308523233
Ptr02,0.260997676
Ptr02,0.336793609
Ptr02,0.158666386
Ptr02,0.213809901
Ptr02,0.194641942
Ptr02,0.319329246
Ptr02,0.203128481
Ptr02,0.290768895
Ptr02,0.332310285
Ptr02,0.332929651
Ptr02,0.329552941
Ptr02,0.253180766
Ptr02,0.323516988
Ptr02,0.243421438
Ptr02,0.292325257
Ptr02,0.295086829
Ptr02,0.279959421
Ptr02,0.273718843
Ptr02,0.289718657
Ptr02,0.220713951
Ptr02,0.368252423
Ptr02,0.180424608
Ptr02,0.216762421
Ptr02,0.286153164
Ptr02,0.291349028
Ptr02,0.227569775
Ptr02,0.15059985
Ptr02,0.285863964
Ptr02,0.183472718
Ptr02,0.191116427
Ptr02,0.342789727
Ptr02,0.352274273
Ptr02,0.242739678
Ptr02,0.245084695
Ptr02,0.304300116
Ptr02,0.337598839
Ptr02,0.223712248
Ptr02,0.333779083
Ptr02,0.276119462
Ptr02,0.29269159
Ptr02,0.293630719
Ptr02,0.379944861
Ptr02,0.158604545
Ptr02,0.329973592
Ptr02,0.280577594
Ptr02,0.203079563
Ptr02,0.318648452
Ptr02,0.224446084
Ptr02,0.237688157
Ptr02,0.274451671
Ptr02,0.189803144
Ptr02,0.189986634
Ptr02,0.244366349
Ptr02,0.203461838
Ptr02,0.31932412
Ptr02,0.302296915
Ptr02,0.224546471
Ptr02,0.246017934
Ptr02,0.249750602
Ptr02,0.291398261
Ptr02,0.224409514
Ptr02,0.223584622
Ptr02,0.230656683
Ptr02,0.289090913
Ptr02,0.318352577
Ptr02,0.172250697
Ptr02,0.25650519
Ptr02,0.365684607
Ptr02,0.198723248
Ptr02,0.315608036
Ptr02,0.278067018
Ptr02,0.289994567
Ptr02,0.186820779
Ptr02,0.19744534
Ptr02,0.251829127
Ptr02,0.210295971
Ptr02,0.169390338
Ptr02,0.244337419
Ptr02,0.261228688
Ptr02,0.323216505
Ptr02,0.282201748
Ptr02,0.235902999
Ptr02,0.216391455
Ptr02,0.166395075
Ptr02,0.429303151
Ptr02,0.204867629
Ptr02,0.12904278
Ptr02,0.177871962
Ptr02,0.249311901
Ptr02,0.325286294
Ptr02,0.218683696
Ptr02,0.280923614
Ptr02,0.274373816
Ptr02,0.268217853
Ptr02,0.237790368
Ptr02,0.282588971
Ptr02,0.247832987
Ptr02,0.211473923
Ptr02,0.272274877
Ptr02,0.296414837
Ptr02,0.225759904
Ptr02,0.26335144
Ptr02,0.298285518
Ptr02,0.230219393
Ptr02,0.245051913
Ptr02,0.375611529
Ptr02,0.186974309
Ptr02,0.286281847
Ptr02,0.304139862
Ptr02,0.285915335
Ptr02,0.28251221
Ptr02,0.291186001
Ptr02,0.188266693
Ptr02,0.252063907
Ptr02,0.270452369
Ptr02,0.269876216
Ptr02,0.306887407
Ptr02,0.34472783
Ptr02,0.164935804
Ptr02,0.230185908
Ptr02,0.227883997
Ptr02,0.339763069
Ptr02,0.251962262
Ptr02,0.249381535
Ptr02,0.208357863
Ptr02,0.326586017
Ptr02,0.322086516
Ptr02,0.173929739
Ptr02,0.176851397
Ptr02,0.237011554
Ptr02,0.28320668
Ptr02,0.291165439
Ptr02,0.3155882
Ptr02,0.180235932
Ptr02,0.301992128
Ptr02,0.307461367
Ptr02,0.268856891
Ptr02,0.198381319
Ptr02,0.281402379
Ptr02,0.305576864
Ptr02,0.24761106
Ptr02,0.266690503
Ptr02,0.213099629
Ptr02,0.30579534
Ptr02,0.314550105
Ptr02,0.300203233
Ptr02,0.236460706
Ptr02,0.298359634
Ptr02,0.243615112
Ptr02,0.334977133
Ptr02,0.464214001
Ptr02,0.282618364
Ptr02,0.288084015
Ptr02,0.273060192
Ptr02,0.267753558
Ptr02,0.363236743
Ptr02,0.333502615
Ptr02,0.237612116
Ptr02,0.25119745
Ptr02,0.294949229
Ptr02,0.207043064
Ptr02,0.264194303
Ptr02,0.259681688
Ptr02,0.24880618
Ptr02,0.179906178
Ptr02,0.199975685
Ptr02,0.34451299
Ptr02,0.291345798
Ptr02,0.352908189
Ptr02,0.21870673
Ptr02,0.215004986
Ptr02,0.247832285
Ptr02,0.19446788
Ptr02,0.187142425
Ptr02,0.198672883
Ptr02,0.209343063
Ptr02,0.202014478
Ptr02,0.229352226
Ptr02,0.26160369
Ptr02,0.270962654
Ptr02,0.289241499
Ptr02,0.192220423
Ptr02,0.20071808
Ptr02,0.168337502
Ptr02,0.347234696
Ptr02,0.282490232
Ptr02,0.195800398
Ptr02,0.251400177
Ptr02,0.198801432
Ptr02,0.246138588
Ptr02,0.276970483
Ptr02,0.33072879
Ptr02,0.276296876
Ptr02,0.244969727
Ptr02,0.19258195
Ptr02,0.245620456
Ptr02,0.310921298
Ptr02,0.317394192
Ptr02,0.318410439
Ptr02,0.370079449
Ptr02,0.266965727
Ptr02,0.143112912
Ptr02,0.365757885
Ptr02,0.291880245
Ptr02,0.323925484
Ptr02,0.28673962
Ptr02,0.240959492
Ptr02,0.282960355
Ptr02,0.398645158
Ptr02,0.314697693
Ptr02,0.29484156
Ptr02,0.316578656
Ptr02,0.146912941
Ptr02,0.283727425
Ptr02,0.258553335
Ptr02,0.275474867
Ptr02,0.273379517
Ptr02,0.257835562
Ptr02,0.252720767
Ptr02,0.187029063
Ptr02,0.297283792
Ptr02,0.310492935
Ptr02,0.243223949
Ptr02,0.394330184
Ptr02,0.198620596
Ptr02,0.261908536
Ptr02,0.30869159
Ptr02,0.247179408
Ptr02,0.231256006
Ptr02,0.291449648
Ptr02,0.342637269
Ptr02,0.278530975
Ptr02,0.203018185
Ptr02,0.384882687
Ptr02,0.286621786
Ptr02,0.272553262
Ptr02,0.325598952
Ptr02,0.312026738
Ptr02,0.374163175
Ptr02,0.375083143
Ptr02,0.285592797
Ptr02,0.35061123
Ptr02,0.2661516
Ptr02,0.258258086
Ptr02,0.38401059
Ptr02,0.264922343
Ptr02,0.269142712
Ptr02,0.244014742
Ptr02,0.233942602
Ptr02,0.219675402
Ptr02,0.336727705
Ptr02,0.191660705
Ptr02,0.154531131
Ptr02,0.203212503
Ptr02,0.29258104
Ptr02,0.289591826
Ptr02,0.263284686
Ptr02,0.331345536
Ptr02,0.322219052
Ptr02,0.297000049
Ptr02,0.308799103
Ptr02,0.293951376
Ptr02,0.340283876
Ptr02,0.166747483
Ptr02,0.324023034
Ptr02,0.335122507
Ptr02,0.237659919
Ptr02,0.2306409
Ptr02,0.340226476
Ptr02,0.302804142
Ptr02,0.226192321
Ptr02,0.312123677
Ptr02,0.31011885
Ptr02,0.309444892
Ptr02,0.259772302
Ptr02,0.260050487
Ptr02,0.247815805
Ptr02,0.205891785
Ptr02,0.189703725
Ptr02,0.293903064
Ptr02,0.34257601
Ptr02,0.271683992
Ptr02,0.251536117
Ptr02,0.277868989
Ptr02,0.231839342
Ptr02,0.270078572
Ptr02,0.327283313
Ptr02,0.185843287
Ptr02,0.272355389
Ptr02,0.1938067
Ptr02,0.288822977
Ptr02,0.273697059
Ptr02,0.276992805
Ptr02,0.224488928
Ptr02,0.304484783
Ptr02,0.285145869
Ptr02,0.361375619
Ptr02,0.329292875
Ptr02,0.284823214
Ptr02,0.288000436
Ptr02,0.143935418
Ptr02,0.303661413
Ptr02,0.250694765
Ptr02,0.287077046
Ptr02,0.230715111
Ptr02,0.210686886
Ptr02,0.29365815
Ptr02,0.21755889
Ptr02,0.361955759
Ptr02,0.291847248
Ptr02,0.205089641
Ptr02,0.175651308
Ptr02,0.276202781
Ptr02,0.173376546
Ptr02,0.311901973
Ptr02,0.333974534
Ptr02,0.154902011
Ptr02,0.238967485
Ptr02,0.281352365
Ptr02,0.141183865
Ptr02,0.250043022
Ptr02,0.155447319
Ptr02,0.31774441
Ptr02,0.284223752
Ptr02,0.287863266
Ptr02,0.2356642
Ptr02,0.284432548
Ptr02,0.229844733
Ptr02,0.29951585
Ptr02,0.255475294
Ptr02,0.1982691
Ptr02,0.290566145
Ptr02,0.222509172
Ptr02,0.240259387
Ptr02,0.103467296
Ptr02,0.331288438
Ptr02,0.329117334
Ptr03,0.164190445
Ptr03,0.170274102
Ptr03,0.222167681
Ptr03,0.197916565
Ptr03,0.193021959
Ptr03,0.184067159
Ptr03,0.222758022
Ptr03,0.154231556
Ptr03,0.19065146
Ptr03,0.202398361
Ptr03,0.175865423
Ptr03,0.142382267
Ptr03,0.207244387
Ptr03,0.177244977
Ptr03,0.208321943
Ptr03,0.141167297
Ptr03,0.209681209
Ptr03,0.199388499
Ptr03,0.178238325
Ptr03,0.161686306
Ptr03,0.167202034
Ptr03,0.203398994
Ptr03,0.203412948
Ptr03,0.157942818
Ptr03,0.198320677
Ptr03,0.211304542
Ptr03,0.194897676
Ptr03,0.197949782
Ptr03,0.185441968
Ptr03,0.170539902
Ptr03,0.137367071
Ptr03,0.186896979
Ptr03,0.232414055
Ptr03,0.196301128
Ptr03,0.182177698
Ptr03,0.197295412
Ptr03,0.183606141
Ptr03,0.209254692
Ptr03,0.18618923
Ptr03,0.213397862
Ptr03,0.185290693
Ptr03,0.215292295
Ptr03,0.174561406
Ptr03,0.110503202
Ptr03,0.241891261
Ptr03,0.18436713
Ptr03,0.166315136
Ptr03,0.172423232
Ptr03,0.157733679
Ptr03,0.196515769
Ptr03,0.09222927
Ptr03,0.199756894
Ptr03,0.101749475
Ptr03,0.2278698
Ptr03,0.196486639
Ptr03,0.187844519
Ptr03,0.211594685
Ptr03,0.198582956
Ptr03,0.197053114
Ptr03,0.097944134
Ptr03,0.148294346
Ptr03,0.161965984
Ptr03,0.152580014
Ptr03,0.175667223
Ptr03,0.204150999
Ptr03,0.160789213
Ptr03,0.19122931
Ptr03,0.206814853
Ptr03,0.190758051
Ptr03,0.22966163
Ptr03,0.166616336
Ptr03,0.192494539
Ptr03,0.313251342
Ptr03,0.1694855
Ptr03,0.194889114
Ptr03,0.161671143
Ptr03,0.1877817
Ptr03,0.209303002
Ptr03,0.205974264
Ptr03,0.124662912
Ptr03,0.211758521
Ptr03,0.160283769
Ptr03,0.165186344
Ptr03,0.176850398
Ptr03,0.178521894
Ptr03,0.184213043
Ptr03,0.172879651
Ptr03,0.182019073
Ptr03,0.190055659
Ptr03,0.195729686
Ptr03,0.212689401
Ptr03,0.195622142
Ptr03,0.212861112
Ptr03,0.153226727
Ptr03,0.19256338
Ptr03,0.205061841
Ptr03,0.180264664
Ptr03,0.219551269
Ptr03,0.193878717
Ptr03,0.223403254
Ptr03,0.165646062
Ptr03,0.160408808
Ptr03,0.212183127
Ptr03,0.199798499
Ptr03,0.193301676
Ptr03,0.194033044
Ptr03,0.164634248
Ptr03,0.198605712
Ptr03,0.178023586
Ptr03,0.134948418
Ptr03,0.181032238
Ptr03,0.223883238
Ptr03,0.191561907
Ptr03,0.175940407
Ptr03,0.143467088
Ptr03,0.088412593
Ptr03,0.235734825
Ptr03,0.154914074
Ptr03,0.220459161
Ptr03,0.220213691
Ptr03,0.224920906
Ptr03,0.185629695
Ptr03,0.202928474
Ptr03,0.151549994
Ptr03,0.154756931
Ptr03,0.18962603
Ptr03,0.248894656
Ptr03,0.145235498
Ptr03,0.123033362
Ptr03,0.171689782
Ptr03,0.243694403
Ptr03,0.224199572
Ptr03,0.184061057
Ptr03,0.153717781
Ptr03,0.148123867
Ptr03,0.182869912
Ptr03,0.176429206
Ptr03,0.072177348
Ptr03,0.219116332
Ptr03,0.166018287
Ptr03,0.198950501
Ptr03,0.196877266
Ptr03,0.199461748
Ptr03,0.174533269
Ptr03,0.207592258
Ptr03,0.184132725
Ptr03,0.203561646
Ptr03,0.138514006
Ptr03,0.173282092
Ptr03,0.192625891
Ptr03,0.181490492
Ptr03,0.167197711
Ptr03,0.196893548
Ptr03,0.156655627
Ptr03,0.112221376
Ptr03,0.182218554
Ptr03,0.200675208
Ptr03,0.16308438
Ptr03,0.192626467
Ptr03,0.186319563
Ptr03,0.19024203
Ptr03,0.21177932
Ptr03,0.15981377
Ptr03,0.121932725
Ptr03,0.159002229
Ptr03,0.214329261
Ptr03,0.140151162
Ptr03,0.151414888
Ptr03,0.196392734
Ptr03,0.245013384
Ptr03,0.180497072
Ptr03,0.153564829
Ptr03,0.238280488
Ptr03,0.199272483
Ptr03,0.17177094
Ptr03,0.213766979
Ptr03,0.107889568
Ptr03,0.205592233
Ptr03,0.207710051
Ptr03,0.172200428
Ptr03,0.178551195
Ptr03,0.180791129
Ptr03,0.193128949
Ptr03,0.167562196
Ptr03,0.18954847
Ptr03,0.231551551
Ptr03,0.145205533
Ptr03,0.183713438
Ptr03,0.193569688
Ptr03,0.17933285
Ptr03,0.194750031
Ptr03,0.171729873
Ptr03,0.220032541
Ptr03,0.149692533
Ptr03,0.217085058
Ptr03,0.197724349
Ptr03,0.19292557
Ptr03,0.194013723
Ptr03,0.131800753
Ptr03,0.165857983
Ptr03,0.195077729
Ptr03,0.226652348
Ptr03,0.192156489
Ptr03,0.220645967
Ptr03,0.171410027
Ptr03,0.22001119
Ptr03,0.140191986
Ptr03,0.174290015
Ptr03,0.158733633
Ptr03,0.185367365
Ptr03,0.145464444
Ptr03,0.180782515
Ptr03,0.212243184
Ptr03,0.216242084
Ptr03,0.194392955
Ptr03,0.256648472
Ptr03,0.178952893
Ptr03,0.192824419
Ptr03,0.18074302
Ptr03,0.21144572
Ptr03,0.216004923
Ptr03,0.216939708
Ptr03,0.150002108
Ptr03,0.158075006
Ptr03,0.191724992
Ptr03,0.189356894
Ptr03,0.15642494
Ptr03,0.213323524
Ptr03,0.149998358
Ptr03,0.239423396
Ptr03,0.201139235
Ptr03,0.191127703
Ptr03,0.143034212
Ptr03,0.204227537
Ptr03,0.163852276
Ptr03,0.128121582
Ptr03,0.145097157
Ptr03,0.189877314
Ptr03,0.213192102
Ptr03,0.18994345
Ptr03,0.19682782
Ptr03,0.1751425
Ptr03,0.202539655
Ptr03,0.210061175
Ptr03,0.193762957
Ptr03,0.137688598
Ptr03,0.187313663
Ptr03,0.14607045
Ptr03,0.167867295
Ptr03,0.176915839
Ptr03,0.228848613
Ptr03,0.156614813
Ptr03,0.209890096
Ptr03,0.15032976
Ptr03,0.181644752
Ptr03,0.16767902
Ptr03,0.181072038
Ptr03,0.221174946
Ptr03,0.189423214
Ptr03,0.151194957
Ptr03,0.185425198
Ptr03,0.222766566
Ptr03,0.196424996
Ptr03,0.165572685
Ptr03,0.128980299
Ptr03,0.18034688
Ptr03,0.150060519
Ptr03,0.190248544
Ptr03,0.18115301
Ptr03,0.205647029
Ptr03,0.172234906
Ptr03,0.230356927
Ptr03,0.156596635
Ptr03,0.229314082
Ptr03,0.181880899
Ptr03,0.225117918
Ptr03,0.16403385
Ptr03,0.210972018
Ptr03,0.193917625
Ptr03,0.173305182
Ptr03,0.21236868
Ptr03,0.15864772
Ptr03,0.178229708
Ptr03,0.127379942
Ptr03,0.171842019
Ptr03,0.18441875
Ptr03,0.175594319
Ptr03,0.210277989
Ptr03,0.181313555
Ptr03,0.219687602
Ptr03,0.172008721
Ptr03,0.19221063
Ptr03,0.206043736
Ptr03,0.182915165
Ptr03,0.180425137
Ptr03,0.20413492
Ptr03,0.183138601
Ptr03,0.217997205
Ptr03,0.179761931
Ptr03,0.145090549
Ptr03,0.213878822
Ptr03,0.192083777
Ptr03,0.150679167
Ptr03,0.121339925
Ptr03,0.163528745
Ptr03,0.14920631
Ptr03,0.218058415
Ptr03,0.199641952
Ptr03,0.197876472
Ptr03,0.181095368
Ptr03,0.200117017
Ptr03,0.166344117
Ptr03,0.215525196
Ptr03,0.144681583
Ptr03,0.155359589
Ptr03,0.176913407
Ptr03,0.176190156
Ptr03,0.230864537
Ptr03,0.158114117
Ptr03,0.245718315
Ptr03,0.199902043
Ptr03,0.222539484
Ptr03,0.143064187
Ptr03,0.220186692
Ptr03,0.210386566
Ptr03,0.160184149
Ptr03,0.215321641
Ptr03,0.137473095
Ptr03,0.181544927
Ptr03,0.186904729
Ptr03,0.164904286
Ptr03,0.193871382
Ptr03,0.205064527
Ptr03,0.204726584
Ptr03,0.258669291
Ptr03,0.130056528
Ptr03,0.216685672
Ptr03,0.218944502
Ptr03,0.199371383
Ptr03,0.081358407
Ptr03,0.207870193
Ptr03,0.199599576
Ptr03,0.178622947
Ptr03,0.163792555
Ptr03,0.187708428
Ptr03,0.130554651
Ptr03,0.133655645
Ptr03,0.154029132
Ptr03,0.196052893
Ptr03,0.209468206
Ptr03,0.155299408
Ptr03,0.148948512
Ptr03,0.195512519
Ptr03,0.124191728
Ptr03,0.153415696
Ptr03,0.208812174
Ptr03,0.178298676
Ptr03,0.195565895
Ptr03,0.164499625
Ptr03,0.175915054
Ptr03,0.171642103
Ptr03,0.175230801
Ptr03,0.185157717
Ptr03,0.145868212
Ptr03,0.188228703
Ptr03,0.188991809
Ptr03,0.199477543
Ptr03,0.169614547
Ptr03,0.240375639
Ptr03,0.218652568
Ptr03,0.209910468
Ptr03,0.133542791
Ptr03,0.205410322
Ptr03,0.213812004
Ptr03,0.145467829
Ptr03,0.125984152
Ptr03,0.232421873
Ptr03,0.174282227
Ptr03,0.188640209
Ptr03,0.160650098
Ptr03,0.164335891
Ptr03,0.143129318
Ptr03,0.181487418
Ptr03,0.174094406
Ptr03,0.179484363
Ptr03,0.194931964
Ptr03,0.19873666
Ptr03,0.147019746
Ptr03,0.083169296
Ptr03,0.182751794
Ptr03,0.163642968
Ptr03,0.237179252
Ptr03,0.190579625
Ptr03,0.144149213
Ptr03,0.19818497
Ptr03,0.197725638
Ptr03,0.170547926
Ptr03,0.186193033
Ptr03,0.223931055
Ptr03,0.182234111
Ptr03,0.162989362
Ptr03,0.172926768
Ptr03,0.175271911
Ptr03,0.15156492
Ptr03,0.182044268
Ptr03,0.16636356
Ptr03,0.199576117
Ptr03,0.186161551
Ptr03,0.187693843
Ptr03,0.193352972
Ptr03,0.225538142
Ptr03,0.183882031
Ptr03,0.149377978
Ptr03,0.240813969
Ptr03,0.180935445
Ptr03,0.141198881
Ptr03,0.190440129
Ptr03,0.189762155
Ptr03,0.195327182
Ptr03,0.167853115
Ptr03,0.196698431
Ptr03,0.14699374
Ptr03,0.243212401
Ptr03,0.181090919
Ptr03,0.196892267
Ptr03,0.130234708
Ptr03,0.166047082
Ptr03,0.229617561
Ptr03,0.115936159
Ptr03,0.175230866
Ptr03,0.134974304
Ptr03,0.176149158
Ptr03,0.137982228
Ptr03,0.185677641
Ptr03,0.180859253
Ptr03,0.19918789
Ptr03,0.149811218
Ptr03,0.189094588
Ptr03,0.180499987
Ptr03,0.209989585
Ptr03,0.153630655
Ptr03,0.172286786
Ptr03,0.196159963
Ptr03,0.199237302
Ptr03,0.15975611
Ptr03,0.152386559
Ptr03,0.18899427
Ptr03,0.161634907
Ptr03,0.171539396
Ptr03,0.172416936
Ptr03,0.163814035
Ptr03,0.170551361
Ptr03,0.169754723
Ptr03,0.228914362
Ptr03,0.160057322
Ptr03,0.217830594
Ptr03,0.165744274
Ptr03,0.196914248
Ptr03,0.198522894
Ptr03,0.192227418
Ptr03,0.185192339
Ptr03,0.218781136
Ptr03,0.21498929
Ptr03,0.222321033
Ptr03,0.181458155
Ptr03,0.224953619
Ptr03,0.178297947
Ptr03,0.161010766
Ptr03,0.203199114
Ptr03,0.184001696
Ptr03,0.215424363
Ptr03,0.176312233
Ptr03,0.176673999
Ptr03,0.224035695
Ptr03,0.176971933
Ptr03,0.183995212
Ptr03,0.14848377
Ptr03,0.206073033
Ptr03,0.190327646
Ptr03,0.186328499
Ptr03,0.165360589
Ptr03,0.220635937
Ptr03,0.172131006
Ptr03,0.158759656
Ptr03,0.210016357
Ptr03,0.202513473
Ptr03,0.238420777
Ptr03,0.242833612
Ptr03,0.162297716
Ptr03,0.152899595
Ptr03,0.178500017
Ptr03,0.202955744
Ptr03,0.167745591
Ptr03,0.181139504
Ptr03,0.083719108
Ptr03,0.150935168
Ptr03,0.238726702
Ptr03,0.163756386
Ptr03,0.216062675
Ptr03,0.197766372
Ptr03,0.201869257
Ptr03,0.191088613
Ptr03,0.154593917
Ptr03,0.159970534
Ptr03,0.171685643
Ptr03,0.159639471
Ptr03,0.229697169
Ptr03,0.14127242
Ptr03,0.182350813
Ptr03,0.276592776
Ptr03,0.181163835
Ptr03,0.141467735
Ptr03,0.17858951
Ptr03,0.209165447
Ptr03,0.198882786
Ptr03,0.178523625
Ptr03,0.146158212
Ptr03,0.147760568
Ptr03,0.15693937
Ptr03,0.204797351
Ptr03,0.121010858
Ptr03,0.174510507
Ptr03,0.175758447
Ptr03,0.195862949
Ptr03,0.201925269
Ptr03,0.201950883
Ptr03,0.169551556
Ptr03,0.192626567
Ptr03,0.187790289
Ptr03,0.165815991
Ptr03,0.208361165
Ptr03,0.162027804
Ptr03,0.193132166
Ptr03,0.190447377
Ptr03,0.176418016
Ptr03,0.188863466
Ptr03,0.220289114
Ptr03,0.211118448
Ptr03,0.210474078
Ptr03,0.182214943
Ptr03,0.191036014
Ptr03,0.176973669
Ptr03,0.241990718
Ptr03,0.193356004
Ptr03,0.168379746
Ptr03,0.1424418
Ptr03,0.187226046
Ptr03,0.190586914
Ptr03,0.178656637
Ptr03,0.140981863
Ptr03,0.241252998
Ptr03,0.255672291
Ptr03,0.183954096
Ptr03,0.20072201
Ptr03,0.186804482
Ptr03,0.196543219
Ptr03,0.216614069
Ptr03,0.183572032
Ptr03,0.193749772
Ptr03,0.167005179
Ptr03,0.159334416
Ptr03,0.194751478
Ptr03,0.163091275
Ptr03,0.222056348
Ptr03,0.201651431
Ptr03,0.11074105
Ptr03,0.17746322
Ptr03,0.153765995
Ptr03,0.177689399
Ptr03,0.212372979
Ptr03,0.195314706
Ptr03,0.177035232
Ptr03,0.183721102
Ptr03,0.145358315
Ptr03,0.196611991
Ptr03,0.2037685
Ptr03,0.175197874
Ptr03,0.224350334
Ptr03,0.200712787
Ptr03,0.189856067
Ptr03,0.156412944
Ptr03,0.156236935
Ptr03,0.208250523
Ptr03,0.198925976
Ptr03,0.166536736
Ptr03,0.186841587
Ptr03,0.172446612
Ptr03,0.159176662
Ptr03,0.119508117
Ptr03,0.219896651
Ptr03,0.173906848
Ptr03,0.136771579
Ptr03,0.162044255
Ptr03,0.201027525
Ptr03,0.189594668
Ptr03,0.161039524
Ptr03,0.147753117
Ptr03,0.123329596
Ptr03,0.26212923
Ptr03,0.149270907
Ptr03,0.202659416
Ptr03,0.248084382
Ptr03,0.166890487
Ptr03,0.194165466
Ptr03,0.269699578
Ptr03,0.127941861
Ptr03,0.185766664
Ptr03,0.15483081
Ptr03,0.181109996
Ptr03,0.197689273
Ptr03,0.222164409
Ptr03,0.20787374
Ptr03,0.184986915
Ptr03,0.158598764
Ptr03,0.131262689
Ptr03,0.231576821
Ptr03,0.188902409
Ptr03,0.200724492
Ptr03,0.140925867
Ptr03,0.199888121
Ptr03,0.152966671
Ptr03,0.222261173
Ptr03,0.220844719
Ptr03,0.175486714
Ptr03,0.122610448
Ptr03,0.134148812
Ptr03,0.151214774
Ptr03,0.128937757
Ptr03,0.138083115
Ptr03,0.162555446
Ptr03,0.197694312
Ptr03,0.263014123
Ptr03,0.123756069
Ptr03,0.222822442
Ptr03,0.198494949
Ptr03,0.171430571
Ptr03,0.198646373
Ptr03,0.23184377
Ptr03,0.168274481
Ptr03,0.149720435
Ptr03,0.171271085
Ptr03,0.15477547
Ptr03,0.186597155
Ptr03,0.15494755
Ptr03,0.231997443
Ptr03,0.152323184
Ptr03,0.18986918
Ptr03,0.168610846
Ptr03,0.168969175
Ptr03,0.198823857
Ptr03,0.228727231
Ptr03,0.182424487
Ptr03,0.188192763
Ptr03,0.172699783
Ptr03,0.167202729
Ptr03,0.176344867
Ptr03,0.197910496
Ptr03,0.119917974
Ptr03,0.168513631
Ptr03,0.186034575
Ptr03,0.207804179
Ptr03,0.219474482
Ptr03,0.160020526
Ptr03,0.219922357
Ptr03,0.156868525
Ptr03,0.188206372
Ptr03,0.180995651
Ptr03,0.227945263
Ptr03,0.214179623
Ptr03,0.3072211
Ptr03,0.129757213
Ptr03,0.174980023
Ptr03,0.194200486
Ptr03,0.204603723
Ptr03,0.093047771
Ptr03,0.182373017
Ptr03,0.134380836
Ptr03,0.211025134
Ptr03,0.165678246
Ptr03,0.167328526
Ptr03,0.173607707
Ptr03,0.172378496
Ptr03,0.195774573
Ptr03,0.175158657
Ptr03,0.177974528
Ptr03,0.17699946
Ptr03,0.155284868
Ptr03,0.139421405
Ptr03,0.232439422
Ptr03,0.136230456
Ptr03,0.206280572
Ptr03,0.206493842
Ptr03,0.20566617
Ptr03,0.158778942
Ptr03,0.158866434
Ptr03,0.211779831
Ptr03,0.220683804
Ptr03,0.188379136
Ptr03,0.209545152
Ptr03,0.140904934
Ptr03,0.155452169
Ptr03,0.181021991
Ptr03,0.163951343
Ptr03,0.175957264
Ptr03,0.284978313
Ptr03,0.186504395
Ptr03,0.192490333
Ptr03,0.199137842
Ptr03,0.157614857
Ptr03,0.201897395
Ptr03,0.226820817
Ptr03,0.172052056
Ptr03,0.117784929
Ptr03,0.207535299
Ptr03,0.137224625
Ptr03,0.182541378
Ptr03,0.198394046
Ptr03,0.19171878
Ptr03,0.22087928
Ptr03,0.17297381
Ptr03,0.15530234
Ptr03,0.212034909
Ptr03,0.239971112
Ptr03,0.170301601
Ptr03,0.209099458
Ptr03,0.213599788
Ptr03,0.173338866
Ptr03,0.200648167
Ptr03,0.183600667
Ptr03,0.229312395
Ptr03,0.200620466
Ptr03,0.144174006
Ptr03,0.164631874
Ptr03,0.142391419
Ptr03,0.232301877
Ptr03,0.22227996
Ptr03,0.244839588
Ptr03,0.104556099
Ptr03,0.173042257
Ptr03,0.137139094
Ptr03,0.199361808
Ptr03,0.137634516
Ptr03,0.141948922
Ptr03,0.158690264
Ptr03,0.22802973
Ptr03,0.183138968
Ptr03,0.194742351
Ptr03,0.182926567
Ptr03,0.137586915
Ptr03,0.214936956
Ptr03,0.183602753
Ptr03,0.151817815
Ptr03,0.196551445
Ptr03,0.221192084
Ptr03,0.196782047
Ptr03,0.177834678
Ptr03,0.195159766
Ptr03,0.194732111
Ptr03,0.210902168
Ptr03,0.137710766
Ptr03,0.193959654
Ptr03,0.218503848
Ptr03,0.181221657
Ptr03,0.198106742
Ptr03,0.177311312
Ptr03,0.238917041
Ptr03,0.184633514
Ptr03,0.238009244
Ptr03,0.183611978
Ptr03,0.154648265
Ptr03,0.155663212
Ptr03,0.18854544
Ptr03,0.152138861
Ptr04,0.097408457
Ptr04,0.152844158
Ptr04,0.128956459
Ptr04,0.118292242
Ptr04,0.191734657
Ptr04,0.153152125
Ptr04,0.065445924
Ptr04,0.153585456
Ptr04,0.140703037
Ptr04,0.151872848
Ptr04,0.127759438
Ptr04,0.081111464
Ptr04,0.096949221
Ptr04,0.123958984
Ptr04,0.132934632
Ptr04,0.100649379
Ptr04,0.145333916
Ptr04,0.143398557
Ptr04,0.138394579
Ptr04,0.1563555
Ptr04,0.141916279
Ptr04,0.077695283
Ptr04,0.141314963
Ptr04,0.103312688
Ptr04,0.215695078
Ptr04,0.163617735
Ptr04,0.156018811
Ptr04,0.256251191
Ptr04,0.073399457
Ptr04,0.243900555
Ptr04,0.083561268
Ptr04,0.132783968
Ptr04,0.222957057
Ptr04,0.176840695
Ptr04,0.15144641
Ptr04,0.140301599
Ptr04,0.140711233
Ptr04,0.07734602
Ptr04,0.281061461
Ptr04,0.188972443
Ptr04,0.160019903
Ptr04,0.132757756
Ptr04,0.082538793
Ptr04,0.093743565
Ptr04,0.125730466
Ptr04,0.108907376
Ptr04,0.097322864
Ptr04,0.138905972
Ptr04,0.167244937
Ptr04,0.134780192
Ptr04,0.082720621
Ptr04,0.094189798
Ptr04,0.163699207
Ptr04,0.138708022
Ptr04,0.127396539
Ptr04,0.119038121
Ptr04,0.188089942
Ptr04,0.210840186
Ptr04,0.110434631
Ptr04,0.176689168
Ptr04,0.102322271
Ptr04,0.149756038
Ptr04,0.081573623
Ptr04,0.173393155
Ptr04,0.134428541
Ptr04,0.13375298
Ptr04,0.111695138
Ptr04,0.126625069
Ptr04,0.114592873
Ptr04,0.1054662
Ptr04,0.154645452
Ptr04,0.133798151
Ptr04,0.134533416
Ptr04,0.102006759
Ptr04,0.208573941
Ptr04,0.150878566
Ptr04,0.258954954
Ptr04,0.156427104
Ptr04,0.15876402
Ptr04,0.127118566
Ptr04,0.160314087
Ptr04,0.150609208
Ptr04,0.137909495
Ptr04,0.224245971
Ptr04,0.10501478
Ptr04,0.16909085
Ptr04,0.18720487
Ptr04,0.089935577
Ptr04,0.114102077
Ptr04,0.137953295
Ptr04,0.131202304
Ptr04,0.245423514
Ptr04,0.074624809
Ptr04,0.18856809
Ptr04,0.110555998
Ptr04,0.174328936
Ptr04,0.164631007
Ptr04,0.219863768
Ptr04,0.150043829
Ptr04,0.061829253
Ptr04,0.107489884
Ptr04,0.220459107
Ptr04,0.076004272
Ptr04,0.133448091
Ptr04,0.215190644
Ptr04,0.169912503
Ptr04,0.089605062
Ptr04,0.15216064
Ptr04,0.080875157
Ptr04,0.144381084
Ptr04,0.08286892
Ptr04,0.143783329
Ptr04,0.128555207
Ptr04,0.115983502
Ptr04,0.093111767
Ptr04,0.143047797
Ptr04,0.225288696
Ptr04,0.064433613
Ptr04,0.114593329
Ptr04,0.201933793
Ptr04,0.194535591
Ptr04,0.191423909
Ptr04,0.169243957
Ptr04,0.131844358
Ptr04,0.118268588
Ptr04,0.094759555
Ptr04,0.13421162
Ptr04,0.172986742
Ptr04,0.345632007
Ptr04,0.116560859
Ptr04,0.191665937
Ptr04,0.120461365
Ptr04,0.184395883
Ptr04,0.118256253
Ptr04,0.108470602
Ptr04,0.136865901
Ptr04,0.116086433
Ptr04,0.149022467
Ptr04,0.120060507
Ptr04,0.135312812
Ptr04,0.067656404
Ptr04,0.149496109
Ptr04,0.11111723
Ptr04,0.182937759
Ptr04,0.095189133
Ptr04,0.143448345
Ptr04,0.11906984
Ptr04,0.119810812
Ptr04,0.147657121
Ptr04,0.155579308
Ptr04,0.127907427
Ptr04,0.276182535
Ptr04,0.108609866
Ptr04,0.141590115
Ptr04,0.125854871
Ptr04,0.108534383
Ptr04,0.165075955
Ptr04,0.090168747
Ptr04,0.289932458
Ptr04,0.232007527
Ptr04,0.143229364
Ptr04,0.115791105
Ptr04,0.180022176
Ptr04,0.09063949
Ptr04,0.14750327
Ptr04,0.118261049
Ptr04,0.139325397
Ptr04,0.158663813
Ptr04,0.123770571
Ptr04,0.127228359
Ptr04,0.21793482
Ptr04,0.187174057
Ptr04,0.114370698
Ptr04,0.124414743
Ptr04,0.102467777
Ptr04,0.176485408
Ptr04,0.078646683
Ptr04,0.091110671
Ptr04,0.146428479
Ptr04,0.095914073
Ptr04,0.143078056
Ptr04,0.101932581
Ptr04,0.190525534
Ptr04,0.187947598
Ptr04,0.088933078
Ptr04,0.133666502
Ptr04,0.104168906
Ptr04,0.151809681
Ptr04,0.084510379
Ptr04,0.18486671
Ptr04,0.125542955
Ptr04,0.1349558
Ptr04,0.145932905
Ptr04,0.124123654
Ptr04,0.153190805
Ptr04,0.066860746
Ptr04,0.135571005
Ptr04,0.143367094
Ptr04,0.185079624
Ptr04,0.127582799
Ptr04,0.091762974
Ptr04,0.119817363
Ptr04,0.12243251
Ptr04,0.122554862
Ptr04,0.155943282
Ptr04,0.092579537
Ptr04,0.140024024
Ptr04,0.126821937
Ptr04,0.144893319
Ptr04,0.125175534
Ptr04,0.169745145
Ptr04,0.250182758
Ptr04,0.106644291
Ptr04,0.16512963
Ptr04,0.179554795
Ptr04,0.117623208
Ptr04,0.140685629
Ptr04,0.156135847
Ptr04,0.130208717
Ptr04,0.103367022
Ptr04,0.078371122
Ptr04,0.101237669
Ptr04,0.255191477
Ptr04,0.112055504
Ptr04,0.150719104
Ptr04,0.13133629
Ptr04,0.080904742
Ptr04,0.139550566
Ptr04,0.109328428
Ptr04,0.117828483
Ptr04,0.179294959
Ptr04,0.123610395
Ptr04,0.080889986
Ptr04,0.125688339
Ptr04,0.105795916
Ptr04,0.138870278
Ptr04,0.100692185
Ptr04,0.104187839
Ptr04,0.125069679
Ptr04,0.105070038
Ptr04,0.108171821
Ptr04,0.319195213
Ptr04,0.102409886
Ptr04,0.165995387
Ptr04,0.15534278
Ptr04,0.143105919
Ptr04,0.102933924
Ptr04,0.101307691
Ptr04,0.089155622
Ptr04,0.101111312
Ptr04,0.091738959
Ptr04,0.129682554
Ptr04,0.134053072
Ptr04,0.087788353
Ptr04,0.244318561
Ptr04,0.126968699
Ptr04,0.176491332
Ptr04,0.096547137
Ptr04,0.086487404
Ptr04,0.102367492
Ptr04,0.074372815
Ptr04,0.173900158
Ptr04,0.136866462
Ptr04,0.128358646
Ptr04,0.11673747
Ptr04,0.137472544
Ptr04,0.153465707
Ptr04,0.116540407
Ptr04,0.108506762
Ptr04,0.203284902
Ptr04,0.093257221
Ptr04,0.116606329
Ptr04,0.11355258
Ptr04,0.101047241
Ptr04,0.145952168
Ptr04,0.091720261
Ptr04,0.131762276
Ptr04,0.15570094
Ptr04,0.167048696
Ptr04,0.12401004
Ptr04,0.163803925
Ptr04,0.110485635
Ptr04,0.098826417
Ptr04,0.150926638
Ptr04,0.094246988
Ptr04,0.197661121
Ptr04,0.110218675
Ptr04,0.111254044
Ptr04,0.116527272
Ptr04,0.1893029
Ptr04,0.159243237
Ptr04,0.102784973
Ptr04,0.192965727
Ptr04,0.20907632
Ptr04,0.198923351
Ptr04,0.066733058
Ptr04,0.132144886
Ptr04,0.094189707
Ptr04,0.117307381
Ptr04,0.183270217
Ptr04,0.114652431
Ptr04,0.206690191
Ptr04,0.117805549
Ptr04,0.080200787
Ptr04,0.119941916
Ptr04,0.109903743
Ptr04,0.146752029
Ptr04,0.091964531
Ptr04,0.136429046
Ptr04,0.112695644
Ptr04,0.160945222
Ptr04,0.220958457
Ptr04,0.09556365
Ptr04,0.159932044
Ptr04,0.125368038
Ptr04,0.179573907
Ptr04,0.184185839
Ptr04,0.225300617
Ptr04,0.110276633
Ptr04,0.11863051
Ptr04,0.078693811
Ptr04,0.098483302
Ptr04,0.133550027
Ptr04,0.109471336
Ptr04,0.160396092
Ptr04,0.188166669
Ptr04,0.122124532
Ptr04,0.17285781
Ptr04,0.094049407
Ptr04,0.140068347
Ptr04,0.142301584
Ptr04,0.183070293
Ptr04,0.335620629
Ptr04,0.096544745
Ptr04,0.100683453
Ptr04,0.093223225
Ptr04,0.11876851
Ptr04,0.142700485
Ptr04,0.109143977
Ptr04,0.140766109
Ptr04,0.100127123
Ptr04,0.205310412
Ptr04,0.12881722
Ptr04,0.150510463
Ptr04,0.101405328
Ptr04,0.107349801
Ptr04,0.235269332
Ptr04,0.101394489
Ptr04,0.102730092
Ptr04,0.10480509
Ptr04,0.137096191
Ptr04,0.106197828
Ptr04,0.105068207
Ptr04,0.212581182
Ptr04,0.111945708
Ptr04,0.154488235
Ptr04,0.139998062
Ptr04,0.114616367
Ptr04,0.135302294
Ptr04,0.111792202
Ptr04,0.150095704
Ptr04,0.159381222
Ptr04,0.083023873
Ptr04,0.252532432
Ptr04,0.152085427
Ptr04,0.08510607
Ptr04,0.191362504
Ptr04,0.148957354
Ptr04,0.167566103
Ptr04,0.055964556
Ptr04,0.088396171
Ptr04,0.189250318
Ptr04,0.129432907
Ptr04,0.114751672
Ptr04,0.094168778
Ptr04,0.114064459
Ptr04,0.17950185
Ptr04,0.136603007
Ptr04,0.114743801
Ptr04,0.163747615
Ptr04,0.11657776
Ptr04,0.088754246
Ptr04,0.130363957
Ptr04,0.137341605
Ptr04,0.115001636
Ptr04,0.136616016
Ptr04,0.131411795
Ptr04,0.163023511
Ptr04,0.143508311
Ptr04,0.115442515
Ptr04,0.141264441
Ptr04,0.084761864
Ptr04,0.099536904
Ptr04,0.185925144
Ptr04,0.080388394
Ptr04,0.144053082
Ptr04,0.163572507
Ptr04,0.179709914
Ptr04,0.13860039
Ptr04,0.11481335
Ptr04,0.123063267
Ptr04,0.146998498
Ptr04,0.09429979
Ptr04,0.069453866
Ptr04,0.105958014
Ptr04,0.093093028
Ptr04,0.171689957
Ptr04,0.075457981
Ptr04,0.11675689
Ptr04,0.132462257
Ptr04,0.137006348
Ptr04,0.184829275
Ptr04,0.134203204
Ptr04,0.112404365
Ptr04,0.141350069
Ptr04,0.093732846
Ptr04,0.161609504
Ptr04,0.121829729
Ptr04,0.130553529
Ptr04,0.176416583
Ptr04,0.117827785
Ptr04,0.132608701
Ptr04,0.110395
Ptr04,0.096991656
Ptr04,0.104967911
Ptr04,0.170856569
Ptr04,0.11261002
Ptr04,0.130890466
Ptr04,0.11761435
Ptr04,0.093313409
Ptr04,0.11982911
Ptr04,0.109548766
Ptr04,0.094450083
Ptr04,0.120165674
Ptr04,0.120793312
Ptr04,0.197781045
Ptr04,0.18008848
Ptr04,0.113305781
Ptr04,0.157266236
Ptr04,0.106225216
Ptr04,0.128669081
Ptr04,0.142661921
Ptr04,0.206533594
Ptr04,0.097143069
Ptr04,0.104669262
Ptr04,0.146402251
Ptr04,0.083880112
Ptr04,0.091475042
Ptr04,0.160389159
Ptr04,0.072717806
Ptr04,0.177961999
Ptr04,0.314282624
Ptr04,0.140087384
Ptr04,0.119480267
Ptr04,0.138017259
Ptr04,0.122565839
Ptr04,0.086903777
Ptr04,0.207016244
Ptr04,0.055734845
Ptr04,0.092650962
Ptr04,0.163069811
Ptr04,0.103818799
Ptr04,0.082531139
Ptr04,0.17316962
Ptr04,0.154226875
Ptr04,0.129545151
Ptr04,0.087211294
Ptr04,0.087954374
Ptr05,0.155645662
Ptr05,0.194904896
Ptr05,0.163827049
Ptr05,0.104250829
Ptr05,0.096398954
Ptr05,0.139208499
Ptr05,0.214467683
Ptr05,0.206979974
Ptr05,0.166864308
Ptr05,0.159938082
Ptr05,0.209820559
Ptr05,0.131031652
Ptr05,0.148458621
Ptr05,0.154010781
Ptr05,0.134601583
Ptr05,0.149876524
Ptr05,0.150281267
Ptr05,0.102743537
Ptr05,0.158636265
Ptr05,0.095106209
Ptr05,0.138664079
Ptr05,0.201539654
Ptr05,0.16887008
Ptr05,0.127851549
Ptr05,0.126472902
Ptr05,0.161397822
Ptr05,0.226456624
Ptr05,0.1437694
Ptr05,0.153106434
Ptr05,0.136511829
Ptr05,0.152851281
Ptr05,0.168519474
Ptr05,0.193582795
Ptr05,0.154734944
Ptr05,0.128063062
Ptr05,0.184669794
Ptr05,0.157325172
Ptr05,0.127148762
Ptr05,0.152619906
Ptr05,0.149885981
Ptr05,0.120348555
Ptr05,0.10585687
Ptr05,0.137952996
Ptr05,0.209209872
Ptr05,0.188048252
Ptr05,0.135620038
Ptr05,0.151505947
Ptr05,0.196215128
Ptr05,0.148455704
Ptr05,0.199032576
Ptr05,0.103799285
Ptr05,0.127706472
Ptr05,0.081249388
Ptr05,0.161984467
Ptr05,0.175767889
Ptr05,0.184245751
Ptr05,0.13768123
Ptr05,0.169258124
Ptr05,0.12228758
Ptr05,0.117554143
Ptr05,0.162356591
Ptr05,0.222042222
Ptr05,0.110235458
Ptr05,0.173188245
Ptr05,0.163598206
Ptr05,0.171879224
Ptr05,0.17321227
Ptr05,0.11521885
Ptr05,0.163595052
Ptr05,0.118483594
Ptr05,0.163247073
Ptr05,0.183150644
Ptr05,0.206635299
Ptr05,0.104840634
Ptr05,0.179624567
Ptr05,0.197934345
Ptr05,0.168445571
Ptr05,0.140862446
Ptr05,0.129920973
Ptr05,0.188642138
Ptr05,0.170603992
Ptr05,0.17335878
Ptr05,0.172500129
Ptr05,0.184652872
Ptr05,0.082145159
Ptr05,0.096837291
Ptr05,0.098985329
Ptr05,0.286425916
Ptr05,0.155067387
Ptr05,0.124314339
Ptr05,0.214331191
Ptr05,0.077211824
Ptr05,0.093028543
Ptr05,0.183860695
Ptr05,0.188208494
Ptr05,0.097771849
Ptr05,0.199500238
Ptr05,0.157891109
Ptr05,0.151297705
Ptr05,0.195146904
Ptr05,0.113891798
Ptr05,0.14266053
Ptr05,0.113482677
Ptr05,0.160273157
Ptr05,0.234126423
Ptr05,0.14294647
Ptr05,0.179836285
Ptr05,0.145903928
Ptr05,0.164542131
Ptr05,0.138536973
Ptr05,0.158987517
Ptr05,0.156305594
Ptr05,0.104163006
Ptr05,0.150794285
Ptr05,0.125893414
Ptr05,0.103351001
Ptr05,0.227442523
Ptr05,0.145826031
Ptr05,0.212709116
Ptr05,0.165282576
Ptr05,0.127617518
Ptr05,0.169016348
Ptr05,0.194691093
Ptr05,0.133928372
Ptr05,0.121492753
Ptr05,0.167377163
Ptr05,0.172196558
Ptr05,0.212041127
Ptr05,0.133738702
Ptr05,0.126047743
Ptr05,0.174038088
Ptr05,0.154503968
Ptr05,0.156122378
Ptr05,0.12550583
Ptr05,0.126651246
Ptr05,0.1607338
Ptr05,0.149233414
Ptr05,0.178630437
Ptr05,0.15236938
Ptr05,0.118189377
Ptr05,0.169312165
Ptr05,0.099952295
Ptr05,0.185278078
Ptr05,0.138134154
Ptr05,0.206013987
Ptr05,0.115296273
Ptr05,0.18375628
Ptr05,0.180814775
Ptr05,0.154509111
Ptr05,0.165894699
Ptr05,0.168516949
Ptr05,0.311595104
Ptr05,0.214274596
Ptr05,0.141704064
Ptr05,0.190750977
Ptr05,0.170509387
Ptr05,0.22028224
Ptr05,0.17770576
Ptr05,0.155355214
Ptr05,0.168077603
Ptr05,0.116748138
Ptr05,0.116197758
Ptr05,0.127236257
Ptr05,0.157447436
Ptr05,0.128874314
Ptr05,0.145135491
Ptr05,0.172453935
Ptr05,0.12136075
Ptr05,0.194226971
Ptr05,0.143756302
Ptr05,0.207885641
Ptr05,0.155969234
Ptr05,0.122276545
Ptr05,0.1847289
Ptr05,0.205008383
Ptr05,0.163646471
Ptr05,0.153179587
Ptr05,0.140948232
Ptr05,0.201431097
Ptr05,0.120649608
Ptr05,0.130047772
Ptr05,0.173850372
Ptr05,0.194116411
Ptr05,0.097929751
Ptr05,0.176570355
Ptr05,0.184680407
Ptr05,0.118425637
Ptr05,0.189729461
Ptr05,0.178468337
Ptr05,0.174105478
Ptr05,0.18962259
Ptr05,0.137824586
Ptr05,0.172405009
Ptr05,0.151708027
Ptr05,0.18363371
Ptr05,0.116988981
Ptr05,0.24963949
Ptr05,0.146475685
Ptr05,0.172793804
Ptr05,0.165295986
Ptr05,0.169589779
Ptr05,0.188428463
Ptr05,0.178082731
Ptr05,0.151683161
Ptr05,0.184929717
Ptr05,0.117540551
Ptr05,0.113563598
Ptr05,0.16993304
Ptr05,0.111095703
Ptr05,0.139097416
Ptr05,0.107859543
Ptr05,0.126646335
Ptr05,0.128819029
Ptr05,0.157781257
Ptr05,0.17028411
Ptr05,0.098817391
Ptr05,0.101956974
Ptr05,0.142555584
Ptr05,0.181449157
Ptr05,0.145304189
Ptr05,0.159009559
Ptr05,0.123848888
Ptr05,0.182649588
Ptr05,0.178010917
Ptr05,0.1646262
Ptr05,0.083935163
Ptr05,0.135929556
Ptr05,0.135775078
Ptr05,0.132132619
Ptr05,0.131058842
Ptr05,0.178751067
Ptr05,0.134804158
Ptr05,0.265128324
Ptr05,0.17326817
Ptr05,0.192111209
Ptr05,0.134402658
Ptr05,0.115893732
Ptr05,0.164068317
Ptr05,0.153740548
Ptr05,0.14500894
Ptr05,0.151493968
Ptr05,0.193370193
Ptr05,0.107135465
Ptr05,0.191163582
Ptr05,0.189259339
Ptr05,0.129130952
Ptr05,0.111523996
Ptr05,0.163791441
Ptr05,0.178153318
Ptr05,0.198126266
Ptr05,0.145848433
Ptr05,0.155253929
Ptr05,0.108981699
Ptr05,0.186877589
Ptr05,0.179417087
Ptr05,0.168308884
Ptr05,0.113402842
Ptr05,0.164419642
Ptr05,0.193651445
Ptr05,0.197735686
Ptr05,0.136718058
Ptr05,0.130116606
Ptr05,0.11358072
Ptr05,0.19364673
Ptr05,0.202283794
Ptr05,0.123219431
Ptr05,0.131059417
Ptr05,0.157104687
Ptr05,0.196229692
Ptr05,0.152745393
Ptr05,0.135828125
Ptr05,0.115690598
Ptr05,0.160976999
Ptr05,0.095917028
Ptr05,0.203400426
Ptr05,0.202921012
Ptr05,0.205172205
Ptr05,0.10915449
Ptr05,0.142200296
Ptr05,0.142824165
Ptr05,0.102272768
Ptr05,0.137866832
Ptr05,0.129791501
Ptr05,0.147604824
Ptr05,0.177663594
Ptr05,0.165331789
Ptr05,0.106483901
Ptr05,0.187130037
Ptr05,0.183601755
Ptr05,0.134369291
Ptr05,0.18546326
Ptr05,0.154237489
Ptr05,0.101866797
Ptr05,0.152201344
Ptr05,0.201056467
Ptr05,0.145464932
Ptr05,0.171697436
Ptr05,0.197472892
Ptr05,0.117098669
Ptr05,0.153532012
Ptr05,0.137710479
Ptr05,0.137686712
Ptr05,0.133354756
Ptr05,0.131563135
Ptr05,0.205482438
Ptr05,0.163793549
Ptr05,0.12439699
Ptr05,0.148264902
Ptr05,0.167479561
Ptr05,0.090243708
Ptr05,0.17919729
Ptr05,0.179710012
Ptr05,0.191880007
Ptr05,0.117544205
Ptr05,0.148107987
Ptr05,0.169825057
Ptr05,0.170576277
Ptr05,0.155846612
Ptr05,0.190063674
Ptr05,0.139622551
Ptr05,0.148957589
Ptr05,0.177006502
Ptr05,0.148027437
Ptr05,0.141381508
Ptr05,0.182360735
Ptr05,0.211970626
Ptr05,0.112635741
Ptr05,0.151322445
Ptr05,0.102420488
Ptr05,0.144449403
Ptr05,0.16438367
Ptr05,0.11909988
Ptr05,0.114936995
Ptr05,0.120022361
Ptr05,0.177822792
Ptr05,0.161732121
Ptr05,0.126857705
Ptr05,0.146776508
Ptr05,0.194678814
Ptr05,0.141849452
Ptr05,0.172092019
Ptr05,0.17174752
Ptr05,0.165992863
Ptr05,0.136638754
Ptr05,0.15054489
Ptr05,0.152174077
Ptr05,0.176155163
Ptr05,0.192544739
Ptr05,0.155840429
Ptr05,0.186111912
Ptr05,0.169061707
Ptr05,0.143841213
Ptr05,0.137618663
Ptr05,0.182449824
Ptr05,0.174445281
Ptr05,0.137087035
Ptr05,0.106299951
Ptr05,0.198785068
Ptr05,0.149803724
Ptr05,0.148385704
Ptr05,0.147733675
Ptr05,0.144815105
Ptr05,0.117004942
Ptr05,0.184718332
Ptr05,0.131875161
Ptr05,0.162531586
Ptr05,0.144515618
Ptr05,0.169138618
Ptr05,0.153163995
Ptr05,0.166882131
Ptr05,0.126560695
Ptr05,0.117535115
Ptr05,0.170814654
Ptr05,0.182562365
Ptr05,0.144777374
Ptr05,0.160746222
Ptr05,0.175378438
Ptr05,0.178119546
Ptr05,0.137119907
Ptr05,0.152676869
Ptr05,0.212260999
Ptr05,0.150674568
Ptr05,0.175105968
Ptr05,0.205348732
Ptr05,0.14542624
Ptr05,0.17710262
Ptr05,0.182151999
Ptr05,0.146526395
Ptr05,0.133978626
Ptr05,0.139719085
Ptr05,0.184109745
Ptr05,0.138417142
Ptr05,0.169132195
Ptr05,0.187288435
Ptr05,0.139377215
Ptr05,0.12958727
Ptr05,0.190395296
Ptr05,0.1661287
Ptr05,0.205388349
Ptr05,0.172601334
Ptr05,0.307085459
Ptr05,0.193661196
Ptr05,0.117749914
Ptr05,0.202721728
Ptr05,0.173822023
Ptr05,0.109016505
Ptr05,0.193154093
Ptr05,0.116451156
Ptr05,0.208513193
Ptr05,0.131920153
Ptr05,0.15774144
Ptr05,0.10682027
Ptr05,0.135847419
Ptr05,0.123218652
Ptr05,0.130822157
Ptr05,0.166907258
Ptr05,0.097482039
Ptr05,0.116327472
Ptr05,0.195224644
Ptr05,0.132482626
Ptr05,0.189109155
Ptr05,0.165381298
Ptr05,0.224903506
Ptr05,0.150838152
Ptr05,0.095636413
Ptr05,0.166036518
Ptr05,0.184446498
Ptr05,0.235630852
Ptr05,0.157492675
Ptr05,0.252636517
Ptr05,0.179672601
Ptr05,0.113438196
Ptr05,0.135984017
Ptr05,0.158062781
Ptr05,0.159039679
Ptr05,0.123690631
Ptr05,0.115556746
Ptr05,0.158650047
Ptr05,0.158626499
Ptr05,0.216118379
Ptr05,0.122999079
Ptr05,0.152510199
Ptr05,0.1553755
Ptr05,0.186250363
Ptr05,0.083588932
Ptr05,0.211369634
Ptr05,0.178684491
Ptr05,0.147756865
Ptr05,0.125528964
Ptr05,0.102296991
Ptr05,0.194422834
Ptr05,0.153550773
Ptr05,0.161530094
Ptr05,0.169145562
Ptr05,0.148671684
Ptr05,0.135025261
Ptr05,0.158386646
Ptr05,0.248797929
Ptr05,0.110167908
Ptr05,0.174404901
Ptr05,0.147276942
Ptr05,0.179910278
Ptr05,0.202069576
Ptr05,0.153212465
Ptr06,0.114747475
Ptr06,0.12726053
Ptr06,0.129947299
Ptr06,0.130877692
Ptr06,0.119777745
Ptr06,0.121816335
Ptr06,0.120455183
Ptr06,0.143562102
Ptr06,0.14812353
Ptr06,0.145061817
Ptr06,0.111564682
Ptr06,0.132213863
Ptr06,0.098568917
Ptr06,0.09229739
Ptr06,0.129445838
Ptr06,0.148972926
Ptr06,0.13175299
Ptr06,0.115150794
Ptr06,0.197246584
Ptr06,0.160741488
Ptr06,0.128909122
Ptr06,0.140744031
Ptr06,0.125596156
Ptr06,0.145081485
Ptr06,0.153344613
Ptr06,0.141887073
Ptr06,0.199291168
Ptr06,0.206393653
Ptr06,0.136815879
Ptr06,0.130872453
Ptr06,0.143610333
Ptr06,0.126519406
Ptr06,0.124644127
Ptr06,0.119152012
Ptr06,0.124393637
Ptr06,0.108860148
Ptr06,0.107755513
Ptr06,0.154284191
Ptr06,0.161358019
Ptr06,0.074690797
Ptr06,0.140718487
Ptr06,0.131418268
Ptr06,0.154399742
Ptr06,0.125400041
Ptr06,0.106101544
Ptr06,0.145153834
Ptr06,0.140858495
Ptr06,0.167708608
Ptr06,0.112692366
Ptr06,0.145732196
Ptr06,0.151227453
Ptr06,0.145000598
Ptr06,0.126146325
Ptr06,0.180598045
Ptr06,0.115857218
Ptr06,0.129869515
Ptr06,0.132697468
Ptr06,0.178542464
Ptr06,0.12089458
Ptr06,0.104670416
Ptr06,0.097461616
Ptr06,0.097298756
Ptr06,0.103814616
Ptr06,0.140240817
Ptr06,0.132047789
Ptr06,0.147117359
Ptr06,0.11996024
Ptr06,0.176179271
Ptr06,0.146497841
Ptr06,0.11694446
Ptr06,0.161607852
Ptr06,0.121051707
Ptr06,0.093473156
Ptr06,0.151740897
Ptr06,0.131086156
Ptr06,0.169557213
Ptr06,0.154226378
Ptr06,0.138610917
Ptr06,0.133714781
Ptr06,0.10993365
Ptr06,0.083712537
Ptr06,0.190748628
Ptr06,0.157534656
Ptr06,0.112701865
Ptr06,0.109245392
Ptr06,0.133228097
Ptr06,0.182886749
Ptr06,0.175789185
Ptr06,0.17584823
Ptr06,0.102318565
Ptr06,0.127389676
Ptr06,0.146154356
Ptr06,0.145508601
Ptr06,0.109257227
Ptr06,0.124529398
Ptr06,0.118783126
Ptr06,0.118288386
Ptr06,0.135052787
Ptr06,0.070379134
Ptr06,0.10679116
Ptr06,0.129459805
Ptr06,0.135205295
Ptr06,0.1786513
Ptr06,0.164542282
Ptr06,0.130496882
Ptr06,0.117560119
Ptr06,0.121270131
Ptr06,0.130820538
Ptr06,0.112205389
Ptr06,0.1442104
Ptr06,0.157767627
Ptr06,0.13304765
Ptr06,0.169957759
Ptr06,0.131892364
Ptr06,0.119360605
Ptr06,0.15587244
Ptr06,0.274314999
Ptr06,0.133067627
Ptr06,0.107522403
Ptr06,0.11061188
Ptr06,0.172362503
Ptr06,0.161370672
Ptr06,0.101416883
Ptr06,0.105405351
Ptr06,0.125721747
Ptr06,0.12716987
Ptr06,0.133207595
Ptr06,0.140153843
Ptr06,0.120032992
Ptr06,0.147107558
Ptr06,0.126666761
Ptr06,0.140743571
Ptr06,0.125415538
Ptr06,0.124766615
Ptr06,0.128772507
Ptr06,0.110060944
Ptr06,0.146713617
Ptr06,0.148130681
Ptr06,0.101177862
Ptr06,0.164925955
Ptr06,0.145755584
Ptr06,0.142037424
Ptr06,0.129584054
Ptr06,0.096154969
Ptr06,0.125913765
Ptr06,0.129446937
Ptr06,0.131314625
Ptr06,0.168948814
Ptr06,0.159465875
Ptr06,0.110097957
Ptr06,0.149786115
Ptr06,0.185833263
Ptr06,0.178478394
Ptr06,0.138978653
Ptr06,0.152403354
Ptr06,0.149978315
Ptr06,0.11395606
Ptr06,0.142415495
Ptr06,0.144760397
Ptr06,0.115133701
Ptr06,0.117994526
Ptr06,0.14629593
Ptr06,0.103930285
Ptr06,0.132941894
Ptr06,0.153798856
Ptr06,0.180207172
Ptr06,0.107412161
Ptr06,0.14690173
Ptr06,0.111364522
Ptr06,0.155169531
Ptr06,0.127229171
Ptr06,0.119423522
Ptr06,0.17104456
Ptr06,0.121101028
Ptr06,0.1281018
Ptr06,0.123593817
Ptr06,0.138277578
Ptr06,0.184916751
Ptr06,0.14352029
Ptr06,0.157355625
Ptr06,0.145814618
Ptr06,0.177745769
Ptr06,0.127257949
Ptr06,0.165331917
Ptr06,0.132960605
Ptr06,0.16414065
Ptr06,0.126739808
Ptr06,0.137148116
Ptr06,0.141156879
Ptr06,0.102528137
Ptr06,0.137480874
Ptr06,0.102918303
Ptr06,0.1375738
Ptr06,0.145170763
Ptr06,0.154843619
Ptr06,0.138052335
Ptr06,0.138528652
Ptr06,0.136917963
Ptr06,0.156691311
Ptr06,0.138837009
Ptr06,0.10732097
Ptr06,0.14922172
Ptr06,0.186590931
Ptr06,0.144352256
Ptr06,0.123977947
Ptr06,0.127749486
Ptr06,0.133452131
Ptr06,0.151558802
Ptr06,0.116269728
Ptr06,0.157999355
Ptr06,0.161141762
Ptr06,0.13017992
Ptr06,0.115629315
Ptr06,0.156111969
Ptr06,0.083170082
Ptr06,0.139267975
Ptr06,0.148924084
Ptr06,0.158997181
Ptr06,0.128708502
Ptr06,0.183194041
Ptr06,0.138627187
Ptr06,0.084886333
Ptr06,0.132177662
Ptr06,0.099438378
Ptr06,0.118102066
Ptr06,0.127161277
Ptr06,0.104355679
Ptr06,0.109439274
Ptr06,0.13242779
Ptr06,0.1277948
Ptr06,0.142436454
Ptr06,0.158621011
Ptr06,0.148408538
Ptr06,0.162314752
Ptr06,0.129002526
Ptr06,0.162956354
Ptr06,0.163001793
Ptr06,0.158969388
Ptr06,0.141067281
Ptr06,0.132552724
Ptr06,0.171863118
Ptr06,0.149958293
Ptr06,0.132385833
Ptr06,0.123110532
Ptr06,0.145086178
Ptr06,0.146494641
Ptr06,0.142165638
Ptr06,0.143050411
Ptr06,0.151174603
Ptr06,0.133879703
Ptr06,0.115927058
Ptr06,0.134109266
Ptr06,0.155806971
Ptr06,0.054231611
Ptr06,0.098050589
Ptr06,0.133181673
Ptr06,0.149881887
Ptr06,0.09078131
Ptr06,0.164942495
Ptr06,0.127008137
Ptr06,0.132433611
Ptr06,0.168092684
Ptr06,0.153669986
Ptr06,0.108897694
Ptr06,0.102233892
Ptr06,0.128643214
Ptr06,0.119806522
Ptr06,0.14285943
Ptr06,0.13800224
Ptr06,0.129642559
Ptr06,0.168400675
Ptr06,0.134087336
Ptr06,0.111100175
Ptr06,0.127524197
Ptr06,0.153617779
Ptr06,0.172259997
Ptr06,0.176444921
Ptr06,0.183341102
Ptr06,0.130365299
Ptr06,0.137312779
Ptr06,0.124650388
Ptr06,0.14372029
Ptr06,0.158197733
Ptr06,0.185918155
Ptr06,0.125282562
Ptr06,0.169207337
Ptr06,0.143467621
Ptr06,0.175554344
Ptr06,0.111344507
Ptr06,0.139053306
Ptr06,0.126014123
Ptr06,0.161716226
Ptr06,0.110982489
Ptr06,0.160975482
Ptr06,0.091779984
Ptr06,0.183441114
Ptr06,0.12577893
Ptr06,0.123297341
Ptr06,0.120767492
Ptr06,0.124400491
Ptr06,0.164288205
Ptr06,0.120769516
Ptr06,0.118753146
Ptr06,0.143360615
Ptr06,0.140711095
Ptr06,0.128954393
Ptr06,0.120313992
Ptr06,0.128117744
Ptr06,0.127148651
Ptr06,0.131898625
Ptr06,0.157637513
Ptr06,0.164432999
Ptr06,0.163152157
Ptr06,0.11907863
Ptr06,0.126757397
Ptr06,0.133664779
Ptr06,0.105397103
Ptr06,0.108283761
Ptr06,0.192002499
Ptr06,0.143475169
Ptr06,0.093051987
Ptr06,0.144091272
Ptr06,0.156940522
Ptr06,0.130149457
Ptr06,0.141300927
Ptr06,0.101306005
Ptr06,0.11096132
Ptr06,0.135564486
Ptr06,0.1339093
Ptr06,0.146873875
Ptr06,0.159783103
Ptr06,0.170120386
Ptr06,0.078138869
Ptr06,0.125652767
Ptr06,0.14474001
Ptr06,0.147932079
Ptr06,0.240469189
Ptr06,0.141248592
Ptr06,0.119487619
Ptr06,0.106778561
Ptr06,0.10836395
Ptr06,0.118011308
Ptr06,0.095820543
Ptr06,0.129584967
Ptr06,0.11943421
Ptr06,0.108004636
Ptr06,0.142088866
Ptr06,0.141759415
Ptr06,0.088302562
Ptr06,0.11330428
Ptr06,0.138679927
Ptr06,0.113169412
Ptr06,0.163831965
Ptr06,0.144216229
Ptr06,0.149393352
Ptr06,0.142009051
Ptr06,0.189697513
Ptr06,0.125559619
Ptr06,0.166157802
Ptr06,0.111054758
Ptr06,0.131394565
Ptr06,0.148954024
Ptr06,0.130738118
Ptr06,0.160478578
Ptr06,0.072303462
Ptr06,0.119005672
Ptr06,0.140360722
Ptr06,0.106209527
Ptr06,0.138554354
Ptr06,0.153290173
Ptr06,0.135608209
Ptr06,0.125797529
Ptr06,0.195150756
Ptr06,0.130321865
Ptr06,0.151955328
Ptr06,0.162826721
Ptr06,0.147167482
Ptr06,0.142738427
Ptr06,0.129493551
Ptr06,0.133965957
Ptr06,0.109981588
Ptr06,0.143714641
Ptr06,0.096991019
Ptr06,0.173806012
Ptr06,0.153146634
Ptr06,0.136567792
Ptr06,0.131009204
Ptr06,0.139155472
Ptr06,0.163332163
Ptr06,0.125266929
Ptr06,0.099734094
Ptr06,0.151976973
Ptr06,0.159829252
Ptr06,0.124303596
Ptr06,0.121671893
Ptr06,0.125512542
Ptr06,0.13897319
Ptr06,0.126660775
Ptr06,0.126719819
Ptr06,0.109209183
Ptr06,0.129279206
Ptr06,0.124579098
Ptr06,0.134366055
Ptr06,0.17667066
Ptr06,0.106222297
Ptr06,0.164603293
Ptr06,0.129178754
Ptr06,0.137225888
Ptr06,0.143087099
Ptr06,0.115498232
Ptr06,0.124082685
Ptr06,0.160481133
Ptr06,0.121909322
Ptr06,0.140172897
Ptr06,0.094296636
Ptr06,0.122372542
Ptr06,0.16765756
Ptr06,0.194686564
Ptr06,0.150058705
Ptr06,0.150454829
Ptr06,0.128509924
Ptr06,0.117501236
Ptr06,0.138627112
Ptr06,0.136116244
Ptr06,0.160415669
Ptr06,0.246752957
Ptr06,0.130664478
Ptr06,0.136943525
Ptr06,0.124883278
Ptr06,0.131643054
Ptr06,0.121380791
Ptr06,0.143101515
Ptr06,0.184820958
Ptr06,0.143446067
Ptr06,0.140107977
Ptr06,0.140405135
Ptr06,0.14189796
Ptr06,0.184433356
Ptr06,0.186606705
Ptr06,0.152971195
Ptr06,0.15065698
Ptr06,0.129464616
Ptr06,0.14247244
Ptr06,0.131488815
Ptr06,0.122972217
Ptr06,0.08641667
Ptr07,0.332370411
Ptr07,0.354603012
Ptr07,0.393547744
Ptr07,0.325847995
Ptr07,0.358416064
Ptr07,0.310020889
Ptr07,0.431776431
Ptr07,0.405156694
Ptr07,0.39859577
Ptr07,0.441038237
Ptr07,0.383959896
Ptr07,0.330821057
Ptr07,0.374049881
Ptr07,0.505708805
Ptr07,0.536788283
Ptr07,0.404415239
Ptr07,0.280308658
Ptr07,0.40888307
Ptr07,0.422472073
Ptr07,0.316759889
Ptr07,0.455559196
Ptr07,0.429932771
Ptr07,0.302521001
Ptr07,0.458455073
Ptr07,0.359017114
Ptr07,0.333717726
Ptr07,0.37351876
Ptr07,0.362103799
Ptr07,0.244122272
Ptr07,0.346267331
Ptr07,0.442739977
Ptr07,0.407463653
Ptr07,0.40395245
Ptr07,0.469022098
Ptr07,0.365133757
Ptr07,0.230845824
Ptr07,0.254880959
Ptr07,0.477768653
Ptr07,0.405058126
Ptr07,0.383459682
Ptr07,0.363649691
Ptr07,0.384224238
Ptr07,0.275433869
Ptr07,0.355063805
Ptr07,0.326655685
Ptr07,0.505988174
Ptr07,0.367914553
Ptr07,0.346515031
Ptr07,0.376495884
Ptr07,0.375082375
Ptr07,0.371601542
Ptr07,0.378791087
Ptr07,0.453401773
Ptr07,0.331022288
Ptr07,0.456641326
Ptr07,0.481424287
Ptr07,0.443789118
Ptr07,0.432266158
Ptr07,0.420229943
Ptr07,0.37357893
Ptr07,0.434564562
Ptr07,0.247378842
Ptr07,0.438032796
Ptr07,0.393696367
Ptr07,0.442135425
Ptr07,0.450699603
Ptr07,0.234242618
Ptr07,0.307843892
Ptr07,0.331993428
Ptr07,0.409762295
Ptr07,0.428900979
Ptr07,0.317337159
Ptr07,0.406749404
Ptr07,0.451609554
Ptr07,0.402471483
Ptr07,0.412616512
Ptr07,0.451425238
Ptr07,0.36549278
Ptr07,0.489775712
Ptr07,0.270675481
Ptr07,0.534110932
Ptr07,0.374921833
Ptr07,0.308853453
Ptr07,0.316845311
Ptr07,0.281446255
Ptr07,0.372243418
Ptr07,0.491803406
Ptr07,0.337133408
Ptr07,0.346107046
Ptr07,0.340075077
Ptr07,0.210735539
Ptr07,0.466377264
Ptr07,0.398835222
Ptr07,0.28300184
Ptr07,0.34082492
Ptr07,0.436603793
Ptr07,0.281869753
Ptr07,0.262833411
Ptr07,0.382835137
Ptr07,0.394236237
Ptr07,0.396069382
Ptr07,0.384090201
Ptr07,0.402173774
Ptr07,0.47876082
Ptr07,0.286035852
Ptr07,0.390799543
Ptr07,0.401161076
Ptr07,0.504157425
Ptr07,0.206594119
Ptr07,0.506082819
Ptr07,0.475778166
Ptr07,0.343960803
Ptr07,0.456799023
Ptr07,0.263825488
Ptr07,0.265732388
Ptr07,0.409560161
Ptr07,0.368457623
Ptr07,0.475826557
Ptr07,0.31414707
Ptr07,0.449832641
Ptr07,0.433560917
Ptr07,0.37751135
Ptr07,0.328756501
Ptr07,0.435218668
Ptr07,0.301224196
Ptr07,0.414666455
Ptr07,0.35781081
Ptr07,0.262950701
Ptr07,0.435279626
Ptr07,0.354533007
Ptr07,0.42248945
Ptr07,0.492412341
Ptr07,0.33016709
Ptr07,0.290153784
Ptr07,0.290852891
Ptr07,0.462113951
Ptr07,0.332204793
Ptr07,0.472879293
Ptr07,0.27026142
Ptr07,0.417703029
Ptr07,0.273214538
Ptr07,0.344258794
Ptr07,0.485561158
Ptr07,0.301469009
Ptr07,0.300685326
Ptr07,0.305475475
Ptr07,0.343932959
Ptr07,0.468335106
Ptr07,0.538846511
Ptr07,0.419033874
Ptr07,0.42487382
Ptr07,0.23192108
Ptr07,0.284923049
Ptr07,0.359149222
Ptr07,0.436517105
Ptr07,0.44648303
Ptr07,0.565731509
Ptr07,0.479445799
Ptr07,0.320788535
Ptr07,0.359318696
Ptr07,0.360831642
Ptr07,0.370867519
Ptr07,0.507104309
Ptr07,0.369335585
Ptr07,0.310373133
Ptr07,0.537677097
Ptr07,0.40240835
Ptr07,0.352902461
Ptr07,0.413607188
Ptr07,0.467418824
Ptr07,0.274577333
Ptr07,0.426441418
Ptr07,0.319383228
Ptr07,0.462446663
Ptr07,0.278909879
Ptr07,0.486504359
Ptr07,0.54722207
Ptr07,0.462398524
Ptr07,0.463359945
Ptr07,0.373848945
Ptr07,0.32973607
Ptr07,0.388595821
Ptr07,0.385126265
Ptr07,0.241266709
Ptr07,0.359684605
Ptr07,0.389605548
Ptr07,0.353510683
Ptr07,0.356405857
Ptr07,0.407740255
Ptr07,0.273852978
Ptr07,0.456933179
Ptr07,0.517358219
Ptr07,0.358037788
Ptr07,0.207828634
Ptr07,0.285294201
Ptr07,0.479784383
Ptr07,0.460727178
Ptr07,0.384270453
Ptr07,0.490532635
Ptr07,0.383818419
Ptr07,0.427270294
Ptr07,0.438921189
Ptr07,0.435668637
Ptr07,0.241390999
Ptr07,0.341698153
Ptr07,0.257263733
Ptr07,0.31660337
Ptr07,0.337851142
Ptr07,0.378964322
Ptr07,0.372792315
Ptr07,0.494914989
Ptr07,0.342990778
Ptr07,0.363772254
Ptr07,0.269013381
Ptr07,0.298714957
Ptr07,0.3083417
Ptr07,0.546162888
Ptr07,0.402400781
Ptr07,0.249567531
Ptr07,0.290894172
Ptr07,0.356647092
Ptr07,0.368389537
Ptr07,0.323510806
Ptr07,0.549335553
Ptr07,0.343808076
Ptr07,0.436854368
Ptr07,0.347169359
Ptr07,0.436186434
Ptr07,0.416838833
Ptr07,0.29645164
Ptr07,0.452051858
Ptr07,0.439124951
Ptr07,0.340437489
Ptr07,0.383591703
Ptr07,0.410241739
Ptr07,0.418337461
Ptr07,0.352066945
Ptr07,0.392135663
Ptr07,0.42633861
Ptr07,0.390954152
Ptr07,0.402531621
Ptr07,0.335442419
Ptr07,0.354451196
Ptr07,0.337927905
Ptr07,0.39138365
Ptr07,0.458890535
Ptr07,0.433712162
Ptr07,0.399306217
Ptr07,0.38327363
Ptr07,0.357421167
Ptr07,0.334446716
Ptr07,0.469469204
Ptr07,0.367468374
Ptr07,0.437260707
Ptr07,0.390219151
Ptr07,0.347188104
Ptr07,0.426312236
Ptr07,0.281922942
Ptr07,0.418614277
Ptr07,0.366924703
Ptr07,0.442335519
Ptr07,0.433208524
Ptr07,0.359157045
Ptr07,0.184865566
Ptr07,0.361788089
Ptr07,0.394978162
Ptr07,0.40554323
Ptr07,0.337718888
Ptr07,0.283605036
Ptr07,0.473469156
Ptr07,0.307594142
Ptr07,0.484314475
Ptr07,0.455074082
Ptr07,0.257472617
Ptr07,0.403534689
Ptr07,0.487854102
Ptr07,0.479859326
Ptr07,0.409512314
Ptr07,0.381052334
Ptr07,0.414469492
Ptr07,0.313041591
Ptr07,0.282294508
Ptr07,0.27868177
Ptr07,0.426041753
Ptr07,0.387450487
Ptr07,0.411456144
Ptr07,0.567451848
Ptr07,0.295095248
Ptr07,0.431448365
Ptr07,0.369823102
Ptr07,0.151169553
Ptr07,0.384037966
Ptr07,0.427625854
Ptr07,0.443632281
Ptr07,0.365879183
Ptr07,0.471588375
Ptr07,0.33929013
Ptr07,0.428178606
Ptr07,0.380592958
Ptr07,0.319683555
Ptr07,0.489402771
Ptr07,0.341408745
Ptr07,0.362955184
Ptr07,0.33381519
Ptr07,0.455213598
Ptr07,0.426052175
Ptr07,0.344208987
Ptr07,0.44097055
Ptr07,0.333713807
Ptr07,0.319173472
Ptr07,0.245286968
Ptr07,0.383266323
Ptr07,0.375753934
Ptr07,0.404135424
Ptr07,0.421526626
Ptr07,0.346708284
Ptr07,0.389287419
Ptr07,0.362518709
Ptr07,0.391808136
Ptr07,0.438343091
Ptr07,0.416618262
Ptr07,0.306921904
Ptr07,0.267795733
Ptr07,0.472590155
Ptr07,0.443136122
Ptr07,0.463188813
Ptr07,0.3758801
Ptr07,0.289606731
Ptr07,0.559939509
Ptr07,0.47929185
Ptr07,0.41488247
Ptr07,0.441260177
Ptr07,0.232684032
Ptr07,0.424366067
Ptr07,0.284213106
Ptr07,0.283487707
Ptr07,0.218917323
Ptr07,0.466409881
Ptr07,0.470082034
Ptr07,0.339821897
Ptr07,0.447892016
Ptr07,0.455501145
Ptr07,0.37841566
Ptr07,0.355686312
Ptr07,0.425652178
Ptr07,0.37853015
Ptr07,0.234444846
Ptr07,0.356188545
Ptr07,0.444885568
Ptr07,0.250285824
Ptr07,0.305375561
Ptr07,0.369374562
Ptr07,0.44336614
Ptr07,0.340075839
Ptr07,0.433522393
Ptr07,0.354768718
Ptr07,0.372225566
Ptr07,0.357424619
Ptr07,0.287641403
Ptr07,0.186859784
Ptr07,0.405591239
Ptr07,0.400956477
Ptr07,0.323732891
Ptr07,0.29586585
Ptr07,0.359299965
Ptr07,0.363257162
Ptr07,0.340260386
Ptr07,0.481942702
Ptr07,0.230077592
Ptr07,0.35034481
Ptr07,0.423585252
Ptr07,0.362774573
Ptr07,0.34452305
Ptr07,0.388087903
Ptr07,0.265961297
Ptr07,0.425071975
Ptr07,0.384167384
Ptr07,0.388239077
Ptr07,0.41361762
Ptr07,0.248216108
Ptr07,0.490934924
Ptr07,0.394835415
Ptr07,0.414208149
Ptr07,0.31051632
Ptr07,0.327084895
Ptr07,0.321880563
Ptr07,0.442956722
Ptr07,0.342795253
Ptr07,0.412620099
Ptr07,0.474927297
Ptr07,0.347956896
Ptr07,0.307475567
Ptr07,0.310925131
Ptr07,0.267542224
Ptr07,0.347217338
Ptr07,0.355698818
Ptr07,0.32733375
Ptr07,0.410958031
Ptr07,0.280874333
Ptr07,0.459910085
Ptr07,0.375019782
Ptr07,0.426296399
Ptr07,0.357508597
Ptr07,0.395563505
Ptr07,0.411692493
Ptr07,0.340479985
Ptr07,0.385063512
Ptr07,0.411696355
Ptr07,0.393320952
Ptr07,0.49086507
Ptr07,0.216362775
Ptr07,0.175298023
Ptr07,0.196117245
Ptr07,0.342408979
Ptr07,0.296430715
Ptr07,0.334814415
Ptr07,0.25814653
Ptr07,0.227479124
Ptr07,0.37693054
Ptr07,0.380495743
Ptr07,0.348005007
Ptr07,0.238064097
Ptr07,0.500449221
Ptr07,0.313180426
Ptr07,0.348266286
Ptr07,0.409330781
Ptr07,0.283201627
Ptr07,0.375913764
Ptr07,0.235187509
Ptr07,0.396027622
Ptr07,0.321809123
Ptr07,0.308974033
Ptr07,0.232393541
Ptr08,0.166276156
Ptr08,0.198115666
Ptr08,0.102231869
Ptr08,0.25790309
Ptr08,0.191766318
Ptr08,0.093781556
Ptr08,0.131985681
Ptr08,0.218978
Ptr08,0.126023276
Ptr08,0.129871714
Ptr08,0.231598306
Ptr08,0.222675634
Ptr08,0.077194596
Ptr08,0.222043085
Ptr08,0.132188696
Ptr08,0.239395149
Ptr08,0.229755982
Ptr08,0.069858968
Ptr08,0.195510895
Ptr08,0.252764292
Ptr08,0.310538051
Ptr08,0.104021213
Ptr08,0.09244356
Ptr08,0.166237614
Ptr08,0.259096935
Ptr08,0.115235711
Ptr08,0.06075051
Ptr08,0.094486733
Ptr08,0.08619984
Ptr08,0.161907994
Ptr08,0.151279355
Ptr08,0.073620267
Ptr08,0.233479701
Ptr08,0.220752396
Ptr08,0.34169119
Ptr08,0.194833084
Ptr08,0.281861122
Ptr08,0.213894459
Ptr08,0.13749291
Ptr08,0.252516242
Ptr08,0.29763919
Ptr08,0.257138162
Ptr08,0.222147833
Ptr08,0.188433045
Ptr08,0.318946769
Ptr08,0.304758188
Ptr08,0.199564274
Ptr08,0.110186537
Ptr08,0.230415582
Ptr08,0.123448392
Ptr08,0.128378499
Ptr08,0.118199095
Ptr08,0.081913759
Ptr08,0.132386427
Ptr08,0.172654703
Ptr08,0.314594067
Ptr08,0.174313048
Ptr08,0.099397527
Ptr08,0.128199779
Ptr08,0.150194365
Ptr08,0.319881285
Ptr08,0.260962214
Ptr08,0.244143642
Ptr08,0.187701449
Ptr08,0.393868789
Ptr08,0.064446813
Ptr08,0.159927926
Ptr08,0.221380388
Ptr08,0.223645262
Ptr08,0.235068706
Ptr08,0.226574906
Ptr08,0.146379361
Ptr08,0.290446776
Ptr08,0.132851549
Ptr08,0.171043469
Ptr08,0.148738396
Ptr08,0.100705821
Ptr08,0.23889173
Ptr08,0.135696907
Ptr08,0.247397837
Ptr08,0.169415873
Ptr08,0.128051692
Ptr08,0.277126344
Ptr08,0.092796187
Ptr08,0.118578541
Ptr08,0.156030636
Ptr08,0.243100283
Ptr08,0.21737089
Ptr08,0.112576636
Ptr08,0.162650413
Ptr08,0.19028701
Ptr08,0.19491315
Ptr08,0.25019163
Ptr08,0.146553193
Ptr08,0.256265412
Ptr08,0.175792696
Ptr08,0.228360366
Ptr08,0.15238148
Ptr08,0.157804067
Ptr08,0.135402676
Ptr08,0.291815965
Ptr08,0.146372299
Ptr08,0.124508861
Ptr08,0.131766368
Ptr08,0.36494245
Ptr08,0.19132474
Ptr08,0.160205482
Ptr08,0.257685414
Ptr08,0.104830287
Ptr08,0.10431061
Ptr08,0.133842827
Ptr08,0.302001743
Ptr08,0.100376968
Ptr08,0.18387099
Ptr08,0.200556284
Ptr08,0.159320521
Ptr08,0.200250358
Ptr08,0.202836721
Ptr08,0.109557208
Ptr08,0.263862054
Ptr08,0.218560639
Ptr08,0.207744847
Ptr08,0.090997654
Ptr08,0.372413551
Ptr08,0.246127157
Ptr08,0.275888107
Ptr08,0.087569539
Ptr08,0.239420473
Ptr08,0.151271773
Ptr08,0.189486617
Ptr08,0.208106415
Ptr08,0.233485667
Ptr08,0.07678202
Ptr08,0.295893708
Ptr08,0.193537017
Ptr08,0.2821457
Ptr09,0.082725394
Ptr09,0.101533062
Ptr09,0.093057218
Ptr09,0.084426207
Ptr09,0.096030943
Ptr09,0.06940321
Ptr09,0.082379837
Ptr09,0.104902522
Ptr09,0.065206303
Ptr09,0.087378644
Ptr09,0.061226469
Ptr09,0.049962143
Ptr09,0.158648596
Ptr09,0.129355995
Ptr09,0.11387873
Ptr09,0.081900292
Ptr09,0.107149664
Ptr09,0.045631502
Ptr09,0.259460459
Ptr09,0.051992333
Ptr09,0.067948693
Ptr09,0.081081447
Ptr09,0.095800738
Ptr09,0.139050305
Ptr09,0.050566946
Ptr09,0.082545455
Ptr09,0.097305152
Ptr09,0.092760774
Ptr09,0.063259185
Ptr09,0.027886474
Ptr10,0.133637968
Ptr10,0.153505286
Ptr10,0.122618585
Ptr10,0.097639889
Ptr10,0.21802766
Ptr10,0.136621885
Ptr10,0.130850471
Ptr10,0.302221728
Ptr10,0.267477502
Ptr10,0.14244409
Ptr10,0.133802014
Ptr10,0.186523786
Ptr10,0.221603714
Ptr10,0.174775244
Ptr10,0.243601066
Ptr10,0.223767166
Ptr10,0.241393518
Ptr10,0.139871231
Ptr10,0.208226465
Ptr10,0.169616113
Ptr10,0.134595868
Ptr10,0.148839036
Ptr10,0.161096115
Ptr10,0.093177582
