Cluster,Vessel
Ptr01,0.151655143
Ptr01,0.196114441
Ptr01,0.210382617
Ptr01,0.250110577
Ptr01,0.161234764
Ptr01,0.215802657
Ptr01,0.18338668
Ptr01,0.258656818
Ptr01,0.259315956
Ptr01,0.223523334
Ptr01,0.274553165
Ptr01,0.242089053
Ptr01,0.302924256
Ptr01,0.26839466
Ptr01,0.16871925
Ptr01,0.173707472
Ptr01,0.166138086
Ptr01,0.222264707
Ptr01,0.177213259
Ptr01,0.268758951
Ptr01,0.244937805
Ptr01,0.231848565
Ptr01,0.215213904
Ptr01,0.230970645
Ptr01,0.183644066
Ptr01,0.253907174
Ptr01,0.263951162
Ptr01,0.132711564
Ptr01,0.205853859
Ptr01,0.346358926
Ptr01,0.220367487
Ptr01,0.259905899
Ptr01,0.230037833
Ptr01,0.269582993
Ptr01,0.197649992
Ptr01,0.161161692
Ptr01,0.255278811
Ptr01,0.316810151
Ptr01,0.237342766
Ptr01,0.195250592
Ptr01,0.201610152
Ptr01,0.280405659
Ptr01,0.237418756
Ptr01,0.251889889
Ptr01,0.243270519
Ptr01,0.147550403
Ptr01,0.189678492
Ptr01,0.271227918
Ptr01,0.243886102
Ptr01,0.44361222
Ptr01,0.229324347
Ptr01,0.227154109
Ptr01,0.221040978
Ptr01,0.151225774
Ptr01,0.128909618
Ptr01,0.257727654
Ptr01,0.187673297
Ptr01,0.132208396
Ptr01,0.133458896
Ptr01,0.219549108
Ptr01,0.173293639
Ptr01,0.164029245
Ptr01,0.301058533
Ptr01,0.132155271
Ptr01,0.15364089
Ptr01,0.272953486
Ptr01,0.198239129
Ptr01,0.188843229
Ptr01,0.197750639
Ptr01,0.189235948
Ptr01,0.193279209
Ptr01,0.201189492
Ptr01,0.161327669
Ptr01,0.214932577
Ptr01,0.269068233
Ptr01,0.239827976
Ptr01,0.234686333
Ptr01,0.297481347
Ptr01,0.27052917
Ptr01,0.18824893
Ptr01,0.217275764
Ptr01,0.134916775
Ptr01,0.174763913
Ptr01,0.249263095
Ptr01,0.224587097
Ptr01,0.212955251
Ptr01,0.242533193
Ptr01,0.212842886
Ptr01,0.194068432
Ptr01,0.195605971
Ptr01,0.184136449
Ptr01,0.290849053
Ptr01,0.192546382
Ptr01,0.366742329
Ptr01,0.225771239
Ptr01,0.138641025
Ptr01,0.257663288
Ptr01,0.203799955
Ptr01,0.197924185
Ptr01,0.260201667
Ptr01,0.180611584
Ptr01,0.254751546
Ptr01,0.242234353
Ptr01,0.170229423
Ptr01,0.196253943
Ptr01,0.233994105
Ptr01,0.230462044
Ptr01,0.249781319
Ptr01,0.244236549
Ptr01,0.139333281
Ptr01,0.158938882
Ptr01,0.230739239
Ptr01,0.24741322
Ptr01,0.312045574
Ptr01,0.195534956
Ptr01,0.187329465
Ptr01,0.173942135
Ptr01,0.145888648
Ptr01,0.294372198
Ptr01,0.238379629
Ptr01,0.248224365
Ptr01,0.101320905
Ptr01,0.333372458
Ptr01,0.185841967
Ptr01,0.201507124
Ptr01,0.220797088
Ptr01,0.227589088
Ptr01,0.254015342
Ptr01,0.220418465
Ptr01,0.189334454
Ptr01,0.218642174
Ptr01,0.204168061
Ptr01,0.191593805
Ptr01,0.228904566
Ptr01,0.251779557
Ptr01,0.23634363
Ptr01,0.120746395
Ptr01,0.222366765
Ptr01,0.15356543
Ptr01,0.300395067
Ptr01,0.170629351
Ptr01,0.147172034
Ptr01,0.168432255
Ptr01,0.20879672
Ptr01,0.228827089
Ptr01,0.209174686
Ptr01,0.139764291
Ptr01,0.338224274
Ptr01,0.235404685
Ptr01,0.317408294
Ptr01,0.17661898
Ptr01,0.203041054
Ptr01,0.262468274
Ptr01,0.250024442
Ptr01,0.261646852
Ptr01,0.299474666
Ptr01,0.133121524
Ptr01,0.229191255
Ptr01,0.174175349
Ptr01,0.224141439
Ptr01,0.235771829
Ptr01,0.205512186
Ptr01,0.271465653
Ptr01,0.223713423
Ptr01,0.220601307
Ptr01,0.244764284
Ptr01,0.20670139
Ptr01,0.202187645
Ptr01,0.33422342
Ptr01,0.202481315
Ptr01,0.184482257
Ptr01,0.179940021
Ptr01,0.26872415
Ptr01,0.194950182
Ptr01,0.240567502
Ptr01,0.142999241
Ptr01,0.189094301
Ptr01,0.211575722
Ptr01,0.23074676
Ptr01,0.215482967
Ptr01,0.127687217
Ptr01,0.265837386
Ptr01,0.194889377
Ptr01,0.162335687
Ptr01,0.229255639
Ptr01,0.345629639
Ptr01,0.190792712
Ptr01,0.184601152
Ptr01,0.23339469
Ptr01,0.208835551
Ptr01,0.272998221
Ptr01,0.175180291
Ptr01,0.257351332
Ptr01,0.216194659
Ptr01,0.184702493
Ptr01,0.251867757
Ptr01,0.205577047
Ptr01,0.28182473
Ptr01,0.206552862
Ptr01,0.282944597
Ptr01,0.263767654
Ptr01,0.213670304
Ptr01,0.200306876
Ptr01,0.215540029
Ptr01,0.264670584
Ptr01,0.234149403
Ptr01,0.258129073
Ptr01,0.268393371
Ptr01,0.154294189
Ptr01,0.249509055
Ptr01,0.267699198
Ptr01,0.197086706
Ptr01,0.324046752
Ptr01,0.343263713
Ptr01,0.249233239
Ptr01,0.25236939
Ptr01,0.308145537
Ptr01,0.197730063
Ptr01,0.199512643
Ptr01,0.226539888
Ptr01,0.275806325
Ptr01,0.245301678
Ptr01,0.188829689
Ptr01,0.198118626
Ptr01,0.247267489
Ptr01,0.296013089
Ptr01,0.156934831
Ptr01,0.277175293
Ptr01,0.202516941
Ptr01,0.298530108
Ptr01,0.227574773
Ptr01,0.235700725
Ptr01,0.221544854
Ptr01,0.205554043
Ptr01,0.194861476
Ptr01,0.183855563
Ptr01,0.238423782
Ptr01,0.286856622
Ptr01,0.220717978
Ptr01,0.238983835
Ptr01,0.250116388
Ptr01,0.237162675
Ptr01,0.236923151
Ptr01,0.28186979
Ptr01,0.228705292
Ptr01,0.318129403
Ptr01,0.23129759
Ptr01,0.223756699
Ptr01,0.226321672
Ptr01,0.122577021
Ptr01,0.234589825
Ptr01,0.262292198
Ptr01,0.281541917
Ptr01,0.304860818
Ptr01,0.263247776
Ptr01,0.180701243
Ptr01,0.308203922
Ptr01,0.192836108
Ptr01,0.241225649
Ptr01,0.193565243
Ptr01,0.205144844
Ptr01,0.296755509
Ptr01,0.291732565
Ptr01,0.167641378
Ptr01,0.228781989
Ptr01,0.210343079
Ptr01,0.216475029
Ptr01,0.251532215
Ptr01,0.181734773
Ptr01,0.264176033
Ptr01,0.196006247
Ptr01,0.117007154
Ptr01,0.224094906
Ptr01,0.213093494
Ptr01,0.223860145
Ptr01,0.221270519
Ptr01,0.295365449
Ptr01,0.261355248
Ptr01,0.228146195
Ptr01,0.23312354
Ptr01,0.221060606
Ptr01,0.238022522
Ptr01,0.272290339
Ptr01,0.191857416
Ptr01,0.273214365
Ptr01,0.300273319
Ptr01,0.253054207
Ptr01,0.179807664
Ptr01,0.185006895
Ptr01,0.235351487
Ptr01,0.180237027
Ptr01,0.203666452
Ptr01,0.262750924
Ptr01,0.247819028
Ptr01,0.299459816
Ptr01,0.284699348
Ptr01,0.28662692
Ptr01,0.242352427
Ptr01,0.185334262
Ptr01,0.219901321
Ptr01,0.309681903
Ptr01,0.223112352
Ptr01,0.268294848
Ptr01,0.162814673
Ptr01,0.257836389
Ptr01,0.225813939
Ptr01,0.165954236
Ptr01,0.197474997
Ptr01,0.201777732
Ptr01,0.308042221
Ptr01,0.298382483
Ptr01,0.173762086
Ptr01,0.214347765
Ptr01,0.224765968
Ptr01,0.182133686
Ptr01,0.211585518
Ptr01,0.112284496
Ptr01,0.198469491
Ptr01,0.224465287
Ptr01,0.196611955
Ptr01,0.180187164
Ptr01,0.222770168
Ptr01,0.269125493
Ptr01,0.246177857
Ptr01,0.331456817
Ptr01,0.252366022
Ptr01,0.224814045
Ptr01,0.265399994
Ptr01,0.242702928
Ptr01,0.215842326
Ptr01,0.204392652
Ptr01,0.190811114
Ptr01,0.294295613
Ptr01,0.235512117
Ptr01,0.271264037
Ptr01,0.297904581
Ptr01,0.23951862
Ptr01,0.263765429
Ptr01,0.22180106
Ptr01,0.203532003
Ptr01,0.268686072
Ptr01,0.158430627
Ptr01,0.252096803
Ptr01,0.174891733
Ptr01,0.233131461
Ptr01,0.238305918
Ptr01,0.191033162
Ptr01,0.155823464
Ptr01,0.278585798
Ptr01,0.14568063
Ptr01,0.296987679
Ptr01,0.321613053
Ptr01,0.241230165
Ptr01,0.201118073
Ptr01,0.194415075
Ptr01,0.276472206
Ptr01,0.277949295
Ptr01,0.189419204
Ptr01,0.309794976
Ptr01,0.257461627
Ptr01,0.225848685
Ptr01,0.214669236
Ptr01,0.310527781
Ptr01,0.148433922
Ptr01,0.232382031
Ptr01,0.267536298
Ptr01,0.294276498
Ptr01,0.263442179
Ptr01,0.214500025
Ptr01,0.153119733
Ptr01,0.289009488
Ptr01,0.236475782
Ptr01,0.256132535
Ptr01,0.202351881
Ptr01,0.156959142
Ptr01,0.148223428
Ptr01,0.209204868
Ptr01,0.174332822
Ptr01,0.207223621
Ptr01,0.166609059
Ptr01,0.177769567
Ptr01,0.230957813
Ptr01,0.292801895
Ptr01,0.258327347
Ptr01,0.200604156
Ptr01,0.168425636
Ptr01,0.186293621
Ptr01,0.289722863
Ptr01,0.33239214
Ptr01,0.27221254
Ptr01,0.316901288
Ptr01,0.25302978
Ptr01,0.224817368
Ptr01,0.189147664
Ptr01,0.298655833
Ptr01,0.207153947
Ptr01,0.184252842
Ptr01,0.243764009
Ptr01,0.24862749
Ptr01,0.218304542
Ptr01,0.215812921
Ptr01,0.268756297
Ptr01,0.283158164
Ptr01,0.138990869
Ptr01,0.201132559
Ptr01,0.163100125
Ptr01,0.219962778
Ptr01,0.235987798
Ptr01,0.26284163
Ptr01,0.162442085
Ptr01,0.249548544
Ptr01,0.230611462
Ptr01,0.196328736
Ptr01,0.174467552
Ptr01,0.225070136
Ptr01,0.238728265
Ptr01,0.28559985
Ptr01,0.217399719
Ptr01,0.210217288
Ptr01,0.229298927
Ptr01,0.270143707
Ptr01,0.147071532
Ptr01,0.171754331
Ptr01,0.249093812
Ptr01,0.299297995
Ptr01,0.19947422
Ptr01,0.188855845
Ptr01,0.309617025
Ptr01,0.213356942
Ptr01,0.303349531
Ptr01,0.151638296
Ptr01,0.214116295
Ptr01,0.238933149
Ptr01,0.331173965
Ptr01,0.273140309
Ptr01,0.251760857
Ptr01,0.190010478
Ptr01,0.215302915
Ptr01,0.281509099
Ptr01,0.241720893
Ptr01,0.239676345
Ptr01,0.157389062
Ptr01,0.243761041
Ptr01,0.210653331
Ptr01,0.179243261
Ptr01,0.24749393
Ptr01,0.105280108
Ptr01,0.156282758
Ptr01,0.295713657
Ptr01,0.211039446
Ptr01,0.197787826
Ptr01,0.210734202
Ptr01,0.224179123
Ptr01,0.196624945
Ptr01,0.252448371
Ptr01,0.292770292
Ptr01,0.254600955
Ptr01,0.282149132
Ptr01,0.245865774
Ptr01,0.208618593
Ptr01,0.273386162
Ptr01,0.243735293
Ptr01,0.183765823
Ptr01,0.28699905
Ptr01,0.232324349
Ptr01,0.173911012
Ptr01,0.286776125
Ptr01,0.285557425
Ptr01,0.25949251
Ptr01,0.190768531
Ptr01,0.293285807
Ptr01,0.210996349
Ptr01,0.183365867
Ptr01,0.265046983
Ptr01,0.212916958
Ptr01,0.211819951
Ptr01,0.231742585
Ptr01,0.309102171
Ptr01,0.176483186
Ptr01,0.334926847
Ptr01,0.239687998
Ptr01,0.259304673
Ptr01,0.20950761
Ptr01,0.269032806
Ptr01,0.264001907
Ptr01,0.17760339
Ptr01,0.250171336
Ptr01,0.254994231
Ptr01,0.196951766
Ptr01,0.319770642
Ptr01,0.194472473
Ptr01,0.208620652
Ptr01,0.158823071
Ptr01,0.178339908
Ptr01,0.24348119
Ptr01,0.138225186
Ptr01,0.32160207
Ptr01,0.255389007
Ptr01,0.300100753
Ptr01,0.179717419
Ptr01,0.249137037
Ptr01,0.206617357
Ptr01,0.265351309
Ptr01,0.190593878
Ptr01,0.303374955
Ptr01,0.242949355
Ptr01,0.218590626
Ptr01,0.267272263
Ptr01,0.1487129
Ptr01,0.247907365
Ptr01,0.248870395
Ptr01,0.150112269
Ptr01,0.143360669
Ptr01,0.261326476
Ptr01,0.311674514
Ptr01,0.243097751
Ptr01,0.185033063
Ptr01,0.198786576
Ptr01,0.323449892
Ptr01,0.236946039
Ptr01,0.133587203
Ptr01,0.268860856
Ptr01,0.246557991
Ptr01,0.2781397
Ptr01,0.229315488
Ptr01,0.135885637
Ptr01,0.205280528
Ptr01,0.173653628
Ptr01,0.196769877
Ptr01,0.215430266
Ptr01,0.193638885
Ptr01,0.246047883
Ptr01,0.249022118
Ptr01,0.164745381
Ptr01,0.185365288
Ptr01,0.16557952
Ptr01,0.196008071
Ptr01,0.224247499
Ptr01,0.261436494
Ptr01,0.138704343
Ptr01,0.237299212
Ptr01,0.180820757
Ptr01,0.205875362
Ptr01,0.241483157
Ptr01,0.303479892
Ptr01,0.31900388
Ptr01,0.161572437
Ptr01,0.253451733
Ptr01,0.171849293
Ptr01,0.13108938
Ptr01,0.2394187
Ptr01,0.303444166
Ptr01,0.244589649
Ptr01,0.237836524
Ptr01,0.201140709
Ptr01,0.278882376
Ptr01,0.227107618
Ptr01,0.284936206
Ptr01,0.310019666
Ptr01,0.150448173
Ptr01,0.269773892
Ptr01,0.229182615
Ptr01,0.18654648
Ptr01,0.199794637
Ptr01,0.196125678
Ptr01,0.253535903
Ptr01,0.190569769
Ptr01,0.265186776
Ptr01,0.253664404
Ptr01,0.141726931
Ptr01,0.235357951
Ptr01,0.245331239
Ptr01,0.232661187
Ptr01,0.168800349
Ptr01,0.174698688
Ptr01,0.177867268
Ptr01,0.307796316
Ptr01,0.260284576
Ptr01,0.344567862
Ptr01,0.170263207
Ptr01,0.248245537
Ptr01,0.216652398
Ptr01,0.292460537
Ptr01,0.189959317
Ptr01,0.234053712
Ptr01,0.151880464
Ptr01,0.250475709
Ptr01,0.162927332
Ptr01,0.147923317
Ptr01,0.225102069
Ptr01,0.22279544
Ptr01,0.274938859
Ptr01,0.167193087
Ptr01,0.20522375
Ptr01,0.279261763
Ptr01,0.208224732
Ptr01,0.148818473
Ptr01,0.273992944
Ptr01,0.285136092
Ptr01,0.257682648
Ptr01,0.137891874
Ptr01,0.204514889
Ptr01,0.244308921
Ptr01,0.228842924
Ptr01,0.28361416
Ptr01,0.294025178
Ptr01,0.207405645
Ptr01,0.282610023
Ptr01,0.274405555
Ptr01,0.294432505
Ptr01,0.246039207
Ptr01,0.256095235
Ptr01,0.172114987
Ptr01,0.220956049
Ptr01,0.195651348
Ptr01,0.257694557
Ptr01,0.189813337
Ptr01,0.314155473
Ptr01,0.260834331
Ptr01,0.208062592
Ptr01,0.196997178
Ptr01,0.251982496
Ptr01,0.280986693
Ptr01,0.238956134
Ptr01,0.136438491
Ptr01,0.248666788
Ptr01,0.17953401
Ptr01,0.176507291
Ptr01,0.255132645
Ptr01,0.22198313
Ptr01,0.267633535
Ptr01,0.315452555
Ptr01,0.284124681
Ptr01,0.25042771
Ptr01,0.203996881
Ptr01,0.257691548
Ptr01,0.220381178
Ptr01,0.207631885
Ptr01,0.227891799
Ptr01,0.160045752
Ptr01,0.201302898
Ptr01,0.166402481
Ptr01,0.211541807
Ptr01,0.221635108
Ptr01,0.28966823
Ptr01,0.180026347
Ptr01,0.234024044
Ptr01,0.208648891
Ptr01,0.212577776
Ptr01,0.25629881
Ptr01,0.348758053
Ptr01,0.188392041
Ptr01,0.271035977
Ptr01,0.295838103
Ptr01,0.223085753
Ptr01,0.226526369
Ptr01,0.285752535
Ptr01,0.292844741
Ptr01,0.118322095
Ptr01,0.216569485
Ptr01,0.12272934
Ptr01,0.158953019
Ptr01,0.262290801
Ptr01,0.285060312
Ptr01,0.260901866
Ptr01,0.229728496
Ptr01,0.277084654
Ptr01,0.192111269
Ptr01,0.257385722
Ptr01,0.23114384
Ptr01,0.218829658
Ptr01,0.164061751
Ptr01,0.275341197
Ptr01,0.298391604
Ptr01,0.225720072
Ptr01,0.268217325
Ptr01,0.193374193
Ptr01,0.21093263
Ptr01,0.174549028
Ptr01,0.109139622
Ptr01,0.222726794
Ptr01,0.285241298
Ptr01,0.295958591
Ptr01,0.383452816
Ptr01,0.198856955
Ptr01,0.254047663
Ptr01,0.245425274
Ptr01,0.259455922
Ptr01,0.160904175
Ptr01,0.230895935
Ptr01,0.278518267
Ptr01,0.235088323
Ptr01,0.177466153
Ptr01,0.291136655
Ptr01,0.144013171
Ptr01,0.271552372
Ptr01,0.230534538
Ptr01,0.293419579
Ptr01,0.288191173
Ptr01,0.279489932
Ptr01,0.182922396
Ptr01,0.141821169
Ptr01,0.147015063
Ptr01,0.291575757
Ptr01,0.266709908
Ptr01,0.17590318
Ptr01,0.230814227
Ptr01,0.235788076
Ptr01,0.27432103
Ptr01,0.220242359
Ptr01,0.244794027
Ptr01,0.253875226
Ptr01,0.292669061
Ptr01,0.16523501
Ptr01,0.184964422
Ptr01,0.186480295
Ptr01,0.162054448
Ptr01,0.247503854
Ptr01,0.246023966
Ptr01,0.216650815
Ptr01,0.262873922
Ptr01,0.233084616
Ptr01,0.1894034
Ptr01,0.247112567
Ptr01,0.225378188
Ptr01,0.234564997
Ptr01,0.234080492
Ptr01,0.193993864
Ptr01,0.224822917
Ptr01,0.135983312
Ptr01,0.189176067
Ptr01,0.202162637
Ptr01,0.275689573
Ptr01,0.211144152
Ptr01,0.259660013
Ptr01,0.239725858
Ptr01,0.263027323
Ptr01,0.217803908
Ptr01,0.234883541
Ptr01,0.294789241
Ptr01,0.289526397
Ptr01,0.251831392
Ptr01,0.24555648
Ptr01,0.279967533
Ptr01,0.305542779
Ptr01,0.199910085
Ptr01,0.208738627
Ptr01,0.276498372
Ptr01,0.159142764
Ptr01,0.326029365
Ptr01,0.15175705
Ptr01,0.284735599
Ptr01,0.236514405
Ptr01,0.174763082
Ptr01,0.132622457
Ptr01,0.231324533
Ptr01,0.215674645
Ptr01,0.24828675
Ptr01,0.31215292
Ptr01,0.263017835
Ptr01,0.195993626
Ptr01,0.285219616
Ptr01,0.257582607
Ptr01,0.240656881
Ptr01,0.243799237
Ptr01,0.25229647
Ptr01,0.22978427
Ptr01,0.26754677
Ptr01,0.222068737
Ptr01,0.172791453
Ptr01,0.13872911
Ptr01,0.258157562
Ptr01,0.179347726
Ptr01,0.266837932
Ptr01,0.177168258
Ptr01,0.242666666
Ptr01,0.244132856
Ptr01,0.215640447
Ptr01,0.284497541
Ptr01,0.201885481
Ptr01,0.175734931
Ptr01,0.203112177
Ptr01,0.167812523
Ptr01,0.335143209
Ptr01,0.242689039
Ptr01,0.222450153
Ptr01,0.205911075
Ptr01,0.216153829
Ptr01,0.259671592
Ptr01,0.178676573
Ptr01,0.188023947
Ptr01,0.228291334
Ptr01,0.191663151
Ptr01,0.172410943
Ptr01,0.310525245
Ptr01,0.233990988
Ptr01,0.214308505
Ptr01,0.25349597
Ptr01,0.189395436
Ptr01,0.133921209
Ptr01,0.227806911
Ptr01,0.287502188
Ptr01,0.354523697
Ptr01,0.155713098
Ptr01,0.183154786
Ptr01,0.316326656
Ptr01,0.199332092
Ptr01,0.243469501
Ptr01,0.165608812
Ptr01,0.207698362
Ptr01,0.283111763
Ptr01,0.172479695
Ptr01,0.188081764
Ptr01,0.256101966
Ptr01,0.182986545
Ptr01,0.226259759
Ptr01,0.174227393
Ptr01,0.257174554
Ptr01,0.16534423
Ptr01,0.183396578
Ptr01,0.263649903
Ptr01,0.194423006
Ptr01,0.212044902
Ptr01,0.256221989
Ptr01,0.270304166
Ptr01,0.285897054
Ptr01,0.284137037
Ptr01,0.261486489
Ptr01,0.264231157
Ptr01,0.25078501
Ptr01,0.270074554
Ptr01,0.27993608
Ptr01,0.168490086
Ptr01,0.234128924
Ptr01,0.181477199
Ptr01,0.166873608
Ptr01,0.163696788
Ptr01,0.241991786
Ptr01,0.286487993
Ptr01,0.117497904
Ptr01,0.14878515
Ptr01,0.249854235
Ptr01,0.261879088
Ptr01,0.212011102
Ptr01,0.151599947
Ptr01,0.264552926
Ptr01,0.230753188
Ptr01,0.219541023
Ptr01,0.290959979
Ptr01,0.175526844
Ptr01,0.170570254
Ptr01,0.247372425
Ptr01,0.152420421
Ptr01,0.256942709
Ptr01,0.132565003
Ptr01,0.205144861
Ptr01,0.29637436
Ptr01,0.273211855
Ptr01,0.261653481
Ptr01,0.277508748
Ptr01,0.220553223
Ptr01,0.427794272
Ptr01,0.252479094
Ptr01,0.27700986
Ptr01,0.167178209
Ptr01,0.232344133
Ptr01,0.224407851
Ptr01,0.296947931
Ptr01,0.165527212
Ptr01,0.272721436
Ptr01,0.23650695
Ptr01,0.114407994
Ptr01,0.195877812
Ptr01,0.207370392
Ptr01,0.204817866
Ptr01,0.18850154
Ptr01,0.28742086
Ptr01,0.206456066
Ptr01,0.185647442
Ptr01,0.24174811
Ptr01,0.254175706
Ptr01,0.236754549
Ptr01,0.173976073
Ptr01,0.223367529
Ptr01,0.225080952
Ptr01,0.25056731
Ptr01,0.105940676
Ptr01,0.255444514
Ptr01,0.24521874
Ptr01,0.154948581
Ptr01,0.132586874
Ptr01,0.257480637
Ptr01,0.266692241
Ptr01,0.254054167
Ptr01,0.1900467
Ptr01,0.230792534
Ptr01,0.298682446
Ptr01,0.244632036
Ptr01,0.237698516
Ptr01,0.259772283
Ptr01,0.2387812
Ptr01,0.26329336
Ptr01,0.240549919
Ptr01,0.265434881
Ptr01,0.12320052
Ptr01,0.255559923
Ptr01,0.248789263
Ptr01,0.228684031
Ptr01,0.247856223
Ptr01,0.238940614
Ptr01,0.181629187
Ptr01,0.203176482
Ptr01,0.209150334
Ptr01,0.277809607
Ptr01,0.251280577
Ptr01,0.223312014
Ptr01,0.260299385
Ptr01,0.215764964
Ptr01,0.1988614
Ptr01,0.210683253
Ptr01,0.194936647
Ptr01,0.211841233
Ptr01,0.197870497
Ptr01,0.281651992
Ptr01,0.192107054
Ptr01,0.178532789
Ptr01,0.218808189
Ptr01,0.295503275
Ptr01,0.220952725
Ptr01,0.152995328
Ptr01,0.169653586
Ptr01,0.277850375
Ptr01,0.323226655
Ptr01,0.246565701
Ptr01,0.197526324
Ptr01,0.23804007
Ptr01,0.355199944
Ptr01,0.187885132
Ptr01,0.209290896
Ptr01,0.211896192
Ptr01,0.17667639
Ptr01,0.307323018
Ptr01,0.286512019
Ptr01,0.246775108
Ptr01,0.210312609
Ptr01,0.292439955
Ptr01,0.091012941
Ptr01,0.232060443
Ptr01,0.271378352
Ptr01,0.233538969
Ptr01,0.291852361
Ptr01,0.255004624
Ptr01,0.145228846
Ptr01,0.192860083
Ptr01,0.190201905
Ptr01,0.235764903
Ptr01,0.229414784
Ptr01,0.195795099
Ptr01,0.172501965
Ptr01,0.248459634
Ptr01,0.234418854
Ptr01,0.275694834
Ptr01,0.208036665
Ptr01,0.317707154
Ptr01,0.196676408
Ptr01,0.226229471
Ptr01,0.205658815
Ptr01,0.158760909
Ptr01,0.223838695
Ptr01,0.14621867
Ptr01,0.157494971
Ptr01,0.215951075
Ptr01,0.229765065
Ptr01,0.251740993
Ptr01,0.191681218
Ptr01,0.247140181
Ptr01,0.171113568
Ptr01,0.261671584
Ptr01,0.292909853
Ptr01,0.218362048
Ptr01,0.218339488
Ptr01,0.172667835
Ptr01,0.227446373
Ptr01,0.338429082
Ptr01,0.239387293
Ptr01,0.23067795
Ptr01,0.268023742
Ptr01,0.209568375
Ptr01,0.179363237
Ptr01,0.270533273
Ptr01,0.253496149
Ptr01,0.201977908
Ptr01,0.105276792
Ptr01,0.195921857
Ptr01,0.243169197
Ptr01,0.12222452
Ptr01,0.22607104
Ptr01,0.212765984
Ptr01,0.288764805
Ptr01,0.173148605
Ptr01,0.221315819
Ptr01,0.243916944
Ptr01,0.212042238
Ptr01,0.223942321
Ptr01,0.244737721
Ptr01,0.18566676
Ptr01,0.159786276
Ptr01,0.28698544
Ptr01,0.356924346
Ptr01,0.209118294
Ptr01,0.279435058
Ptr01,0.261528453
Ptr01,0.193539121
Ptr01,0.171179916
Ptr01,0.15807113
Ptr01,0.24355076
Ptr01,0.289287776
Ptr01,0.238396654
Ptr01,0.210875724
Ptr01,0.278904372
Ptr01,0.265954563
Ptr01,0.332796477
Ptr01,0.246790416
Ptr01,0.281635361
Ptr01,0.179554239
Ptr01,0.141159143
Ptr01,0.208039828
Ptr01,0.308149103
Ptr01,0.242204071
Ptr01,0.270142995
Ptr01,0.282310536
Ptr01,0.234593189
Ptr01,0.212760231
Ptr01,0.254416473
Ptr01,0.226117301
Ptr01,0.274017259
Ptr01,0.142540256
Ptr01,0.260348706
Ptr01,0.172905963
Ptr01,0.276302078
Ptr01,0.29367747
Ptr01,0.245310283
Ptr01,0.262348721
Ptr01,0.241175372
Ptr01,0.265599907
Ptr01,0.275154683
Ptr01,0.278593205
Ptr01,0.310589494
Ptr01,0.20895984
Ptr01,0.163694726
Ptr01,0.20065307
Ptr01,0.193063805
Ptr01,0.214671287
Ptr01,0.253233379
Ptr01,0.267702159
Ptr01,0.31322784
Ptr01,0.314930666
Ptr01,0.203824105
Ptr01,0.288003178
Ptr01,0.202422831
Ptr01,0.24099464
Ptr01,0.28767233
Ptr01,0.233858426
Ptr01,0.259622735
Ptr01,0.215021736
Ptr01,0.118361954
Ptr01,0.196635431
Ptr01,0.151654414
Ptr01,0.170441484
Ptr01,0.229000477
Ptr01,0.29790734
Ptr01,0.186888939
Ptr01,0.187907478
Ptr01,0.1787552
Ptr01,0.240897226
Ptr01,0.258856374
Ptr01,0.187025079
Ptr01,0.205943035
Ptr01,0.195960062
Ptr01,0.220972245
Ptr01,0.245374005
Ptr01,0.241629199
Ptr01,0.223540241
Ptr01,0.341689187
Ptr01,0.280710312
Ptr01,0.173730087
Ptr01,0.19419322
Ptr01,0.22477128
Ptr01,0.206978669
Ptr01,0.224382944
Ptr01,0.28136637
Ptr01,0.166597031
Ptr01,0.17011421
Ptr01,0.216338055
Ptr01,0.291725261
Ptr01,0.280907668
Ptr01,0.209054534
Ptr01,0.170184669
Ptr01,0.145654453
Ptr01,0.185006123
Ptr01,0.249432796
Ptr01,0.178626748
Ptr01,0.29064376
Ptr01,0.255904062
Ptr01,0.188565479
Ptr01,0.2522749
Ptr01,0.21543355
Ptr01,0.168233829
Ptr01,0.168840433
Ptr01,0.125699574
Ptr01,0.309211727
Ptr01,0.245870107
Ptr01,0.258911854
Ptr01,0.208691511
Ptr01,0.287452354
Ptr01,0.249796392
Ptr01,0.263479395
Ptr01,0.219039717
Ptr01,0.27172494
Ptr01,0.236797563
Ptr01,0.230401703
Ptr01,0.333316856
Ptr01,0.194164593
Ptr01,0.222462529
Ptr01,0.217939347
Ptr01,0.226686228
Ptr01,0.274147454
Ptr01,0.259652084
Ptr01,0.218950448
Ptr01,0.250839546
Ptr01,0.231818732
Ptr01,0.227619433
Ptr01,0.263629938
Ptr01,0.284841506
Ptr01,0.175684579
Ptr01,0.142794963
Ptr01,0.214132819
Ptr01,0.146612927
Ptr01,0.268511339
Ptr01,0.187556995
Ptr02,0.136583773
Ptr02,0.253690754
Ptr02,0.249268214
Ptr02,0.207120494
Ptr02,0.235541822
Ptr02,0.226630923
Ptr02,0.143749624
Ptr02,0.228175261
Ptr02,0.19785037
Ptr02,0.235266089
Ptr02,0.261757255
Ptr02,0.225636138
Ptr02,0.142705165
Ptr02,0.18519883
Ptr02,0.091964157
Ptr02,0.214275908
Ptr02,0.121871061
Ptr02,0.278164615
Ptr02,0.226360537
Ptr02,0.131420618
Ptr02,0.193757814
Ptr02,0.223255809
Ptr02,0.167913204
Ptr02,0.21029426
Ptr02,0.23882112
Ptr02,0.144759904
Ptr02,0.185160184
Ptr02,0.147786571
Ptr02,0.195227992
Ptr02,0.209524942
Ptr02,0.235040438
Ptr02,0.176801706
Ptr02,0.185134429
Ptr02,0.161575732
Ptr02,0.1435731
Ptr02,0.282971284
Ptr02,0.230931587
Ptr02,0.201034703
Ptr02,0.181095946
Ptr02,0.169214643
Ptr02,0.275582679
Ptr02,0.400675212
Ptr02,0.203149875
Ptr02,0.26691902
Ptr02,0.161627373
Ptr02,0.182412859
Ptr02,0.232928269
Ptr02,0.213542181
Ptr02,0.169626471
Ptr02,0.18046432
Ptr02,0.252080039
Ptr02,0.110056835
Ptr02,0.237922909
Ptr02,0.148095777
Ptr02,0.200090331
Ptr02,0.210116
Ptr02,0.244557986
Ptr02,0.25016546
Ptr02,0.148115564
Ptr02,0.212032418
Ptr02,0.239311499
Ptr02,0.221047639
Ptr02,0.158007091
Ptr02,0.293339176
Ptr02,0.218449802
Ptr02,0.250113702
Ptr02,0.155275023
Ptr02,0.180396938
Ptr02,0.162662122
Ptr02,0.177867037
Ptr02,0.267265782
Ptr02,0.167043596
Ptr02,0.263493032
Ptr02,0.250968665
Ptr02,0.220136435
Ptr02,0.156730847
Ptr02,0.162536969
Ptr02,0.272303907
Ptr02,0.172638022
Ptr02,0.2114969
Ptr02,0.174792082
Ptr02,0.115242469
Ptr02,0.219710831
Ptr02,0.196758765
Ptr02,0.214982514
Ptr02,0.180050498
Ptr02,0.243816515
Ptr02,0.254550953
Ptr02,0.205358846
Ptr02,0.221605325
Ptr02,0.223689508
Ptr02,0.173112881
Ptr02,0.16349709
Ptr02,0.224873647
Ptr02,0.147023697
Ptr02,0.247854901
Ptr02,0.192364304
Ptr02,0.193302425
Ptr02,0.183322475
Ptr02,0.260816689
Ptr02,0.194400441
Ptr02,0.273496275
Ptr02,0.147761652
Ptr02,0.200125199
Ptr02,0.185087176
Ptr02,0.261115794
Ptr02,0.230467852
Ptr02,0.277647101
Ptr02,0.207930189
Ptr02,0.209945748
Ptr02,0.250130271
Ptr02,0.268473571
Ptr02,0.156585096
Ptr02,0.230500172
Ptr02,0.172769909
Ptr02,0.131113101
Ptr02,0.12152978
Ptr02,0.254551975
Ptr02,0.20076608
Ptr02,0.20779495
Ptr02,0.197095604
Ptr02,0.292715052
Ptr02,0.235868007
Ptr02,0.177479549
Ptr02,0.262816826
Ptr02,0.170349334
Ptr02,0.239142933
Ptr02,0.100493503
Ptr02,0.201726785
Ptr02,0.188370534
Ptr02,0.211137825
Ptr02,0.153188171
Ptr02,0.240951552
Ptr02,0.192929249
Ptr02,0.259042321
Ptr02,0.154575381
Ptr02,0.163534388
Ptr02,0.174695188
Ptr02,0.154993848
Ptr02,0.245418946
Ptr02,0.187586553
Ptr02,0.210917744
Ptr02,0.163416524
Ptr02,0.110544767
Ptr02,0.247907436
Ptr02,0.250115155
Ptr02,0.274918221
Ptr02,0.210727362
Ptr02,0.24169861
Ptr02,0.256533023
Ptr02,0.218150422
Ptr02,0.144380238
Ptr02,0.160876957
Ptr02,0.100091985
Ptr02,0.224940411
Ptr02,0.215575902
Ptr02,0.21805615
Ptr02,0.183475422
Ptr02,0.263848886
Ptr02,0.216116771
Ptr02,0.205010736
Ptr02,0.21131784
Ptr02,0.202839386
Ptr02,0.1278102
Ptr02,0.177452995
Ptr02,0.110980582
Ptr02,0.145851413
Ptr02,0.168783727
Ptr02,0.235337324
Ptr02,0.254138629
Ptr02,0.294983227
Ptr02,0.140433926
Ptr02,0.143414749
Ptr02,0.167113161
Ptr02,0.221789643
Ptr02,0.177974826
Ptr02,0.250328021
Ptr02,0.272720656
Ptr02,0.214486427
Ptr02,0.139700658
Ptr02,0.237282285
Ptr02,0.196898683
Ptr02,0.092261133
Ptr02,0.195198294
Ptr02,0.219571422
Ptr02,0.217371649
Ptr02,0.180524893
Ptr02,0.271631465
Ptr02,0.237250209
Ptr02,0.127792382
Ptr02,0.208587157
Ptr02,0.110470281
Ptr02,0.242138571
Ptr02,0.248784344
Ptr02,0.12416035
Ptr02,0.148104699
Ptr02,0.292629092
Ptr02,0.143559715
Ptr02,0.193800553
Ptr02,0.196489397
Ptr02,0.135717942
Ptr02,0.20876704
Ptr02,0.173395954
Ptr02,0.276935611
Ptr02,0.258285296
Ptr02,0.218413306
Ptr02,0.172409256
Ptr02,0.172865231
Ptr02,0.229653032
Ptr02,0.222232712
Ptr02,0.165892137
Ptr02,0.173546649
Ptr02,0.276649907
Ptr02,0.18771818
Ptr02,0.203837861
Ptr02,0.128706092
Ptr02,0.17344636
Ptr02,0.155380344
Ptr02,0.23110249
Ptr02,0.282082953
Ptr02,0.217863723
Ptr02,0.204080641
Ptr02,0.135762512
Ptr02,0.257816725
Ptr02,0.260026216
Ptr02,0.250576642
Ptr02,0.245289002
Ptr02,0.201654414
Ptr02,0.175049331
Ptr02,0.20243139
Ptr02,0.236836743
Ptr02,0.273097816
Ptr02,0.241205491
Ptr02,0.155949477
Ptr02,0.216897339
Ptr02,0.12324942
Ptr02,0.192487273
Ptr02,0.292357702
Ptr02,0.185782184
Ptr02,0.257304986
Ptr02,0.233582219
Ptr02,0.198476512
Ptr02,0.250884761
Ptr02,0.153732227
Ptr02,0.189722272
Ptr02,0.210438353
Ptr02,0.142724289
Ptr02,0.269240662
Ptr02,0.159576813
Ptr02,0.232767671
Ptr02,0.2099054
Ptr02,0.200728984
Ptr02,0.319335708
Ptr02,0.183423208
Ptr02,0.258293143
Ptr02,0.223025515
Ptr02,0.226269812
Ptr02,0.121332115
Ptr02,0.208206713
Ptr02,0.222642793
Ptr02,0.239603123
Ptr02,0.280235911
Ptr02,0.276069544
Ptr02,0.26568612
Ptr02,0.165295928
Ptr02,0.156646092
Ptr02,0.228820686
Ptr02,0.159970271
Ptr02,0.150328774
Ptr02,0.191942989
Ptr02,0.156040704
Ptr02,0.194322858
Ptr02,0.216206301
Ptr02,0.136478329
Ptr02,0.20402934
Ptr02,0.194377662
Ptr02,0.214259288
Ptr02,0.203165222
Ptr02,0.165618446
Ptr02,0.2481613
Ptr02,0.222728744
Ptr02,0.226911315
Ptr02,0.182702765
Ptr02,0.267664736
Ptr02,0.153139715
Ptr02,0.197350031
Ptr02,0.208100005
Ptr02,0.343076756
Ptr02,0.140480604
Ptr02,0.351578774
Ptr02,0.315951574
Ptr02,0.185939505
Ptr02,0.24597139
Ptr02,0.224884864
Ptr02,0.153251569
Ptr02,0.299765155
Ptr02,0.177822807
Ptr02,0.140764784
Ptr02,0.253773816
Ptr02,0.23785116
Ptr02,0.238870459
Ptr02,0.178884887
Ptr02,0.103868096
Ptr02,0.238439704
Ptr02,0.209133523
Ptr02,0.144149714
Ptr02,0.170609763
Ptr02,0.238669491
Ptr02,0.247700642
Ptr02,0.199815946
Ptr02,0.144687535
Ptr02,0.229857282
Ptr02,0.239034411
Ptr02,0.247769677
Ptr02,0.221379424
Ptr02,0.209085048
Ptr02,0.206386646
Ptr02,0.125009198
Ptr02,0.256536526
Ptr02,0.18548358
Ptr02,0.154754496
Ptr02,0.191399613
Ptr02,0.206234941
Ptr02,0.233099977
Ptr02,0.248959549
Ptr02,0.228768208
Ptr02,0.15473699
Ptr02,0.220948993
Ptr02,0.145448233
Ptr02,0.219871074
Ptr02,0.124110785
Ptr02,0.160941141
Ptr02,0.209158168
Ptr02,0.222919022
Ptr02,0.14523946
Ptr02,0.171223268
Ptr02,0.280601529
Ptr02,0.231821644
Ptr02,0.115497089
Ptr02,0.174815037
Ptr02,0.128878076
Ptr02,0.172057299
Ptr02,0.118884601
Ptr02,0.189111783
Ptr02,0.197740532
Ptr02,0.238258806
Ptr02,0.259744792
Ptr02,0.214665619
Ptr02,0.263731866
Ptr02,0.121213667
Ptr02,0.222646302
Ptr02,0.117238583
Ptr02,0.170067728
Ptr02,0.205706545
Ptr02,0.314210611
Ptr02,0.259648735
Ptr02,0.215634234
Ptr02,0.164689937
Ptr02,0.183536656
Ptr02,0.186505349
Ptr02,0.215016012
Ptr02,0.177670783
Ptr02,0.214304575
Ptr02,0.141649516
Ptr02,0.152819461
Ptr02,0.221999868
Ptr02,0.255858513
Ptr02,0.17032264
Ptr02,0.207661803
Ptr02,0.179193042
Ptr02,0.171067675
Ptr02,0.219062976
Ptr02,0.248250074
Ptr02,0.217934469
Ptr02,0.183986484
Ptr02,0.143579039
Ptr02,0.158719691
Ptr02,0.226318137
Ptr02,0.221320084
Ptr02,0.226183299
Ptr02,0.11029545
Ptr02,0.174888283
Ptr02,0.212676221
Ptr02,0.302920583
Ptr02,0.222809823
Ptr02,0.16412378
Ptr02,0.211209661
Ptr02,0.23401558
Ptr02,0.264463212
Ptr02,0.159216346
Ptr02,0.170233956
Ptr02,0.122044682
Ptr02,0.216135581
Ptr02,0.23086942
Ptr02,0.241093342
Ptr02,0.29826445
Ptr02,0.144032157
Ptr02,0.183516296
Ptr02,0.22455626
Ptr02,0.218763605
Ptr02,0.141094058
Ptr02,0.266355911
Ptr02,0.215345584
Ptr02,0.239381111
Ptr02,0.144516418
Ptr02,0.175891548
Ptr02,0.248849357
Ptr02,0.261882512
Ptr02,0.212844329
Ptr02,0.264219061
Ptr02,0.189192184
Ptr02,0.249164285
Ptr02,0.254368859
Ptr02,0.150910295
Ptr02,0.174400697
Ptr02,0.215940759
Ptr02,0.256380629
Ptr02,0.235970167
Ptr02,0.147792817
Ptr02,0.353331517
Ptr02,0.183496875
Ptr02,0.242793617
Ptr02,0.264972303
Ptr02,0.197404264
Ptr02,0.262758692
Ptr02,0.222885734
Ptr02,0.211986886
Ptr02,0.159568865
Ptr02,0.279864151
Ptr02,0.189222476
Ptr02,0.234918928
Ptr02,0.239044827
Ptr02,0.350987825
Ptr02,0.211494539
Ptr02,0.141544546
Ptr02,0.195635745
Ptr02,0.198419492
Ptr02,0.300143692
Ptr02,0.148856218
Ptr02,0.257083173
Ptr02,0.223922365
Ptr02,0.200482472
Ptr02,0.208979292
Ptr02,0.287234538
Ptr02,0.240550066
Ptr02,0.187262637
Ptr02,0.216258258
Ptr02,0.224724338
Ptr02,0.230770122
Ptr02,0.117240574
Ptr02,0.19688849
Ptr02,0.256210159
Ptr02,0.202379757
Ptr02,0.247972705
Ptr02,0.206390102
Ptr02,0.320314037
Ptr02,0.125528451
Ptr02,0.123577663
Ptr02,0.146970544
Ptr02,0.232219428
Ptr02,0.167637337
Ptr02,0.21891806
Ptr02,0.296988138
Ptr02,0.185527575
Ptr02,0.256598289
Ptr02,0.235152741
Ptr02,0.250735955
Ptr02,0.170593545
Ptr02,0.199564398
Ptr02,0.229212445
Ptr02,0.237815115
Ptr02,0.213448306
Ptr02,0.220192724
Ptr02,0.159518042
Ptr02,0.26592047
Ptr02,0.13700998
Ptr02,0.156651752
Ptr02,0.225789226
Ptr02,0.255815369
Ptr02,0.150476774
Ptr02,0.112419809
Ptr02,0.241037205
Ptr02,0.122201778
Ptr02,0.133438927
Ptr02,0.270558834
Ptr02,0.235905964
Ptr02,0.168035966
Ptr02,0.168141852
Ptr02,0.261697961
Ptr02,0.1945549
Ptr02,0.169973069
Ptr02,0.249701008
Ptr02,0.228912229
Ptr02,0.235466585
Ptr02,0.184932151
Ptr02,0.221088356
Ptr02,0.1254092
Ptr02,0.256310855
Ptr02,0.204900279
Ptr02,0.154741834
Ptr02,0.209081243
Ptr02,0.203874481
Ptr02,0.184650498
Ptr02,0.221756959
Ptr02,0.194276599
Ptr02,0.134831192
Ptr02,0.180626765
Ptr02,0.144780111
Ptr02,0.24748316
Ptr02,0.277462115
Ptr02,0.14802689
Ptr02,0.202618402
Ptr02,0.186010356
Ptr02,0.215987222
Ptr02,0.169285604
Ptr02,0.212331721
Ptr02,0.157340658
Ptr02,0.214815889
Ptr02,0.260113584
Ptr02,0.121580969
Ptr02,0.216283054
Ptr02,0.182078306
Ptr02,0.158056068
Ptr02,0.235116446
Ptr02,0.231594107
Ptr02,0.223926677
Ptr02,0.12889337
Ptr02,0.148437224
Ptr02,0.220436408
Ptr02,0.158272988
Ptr02,0.116414507
Ptr02,0.276474791
Ptr02,0.198793332
Ptr02,0.218995404
Ptr02,0.218805748
Ptr02,0.209817411
Ptr02,0.138057111
Ptr02,0.105555064
Ptr02,0.269133332
Ptr02,0.174013547
Ptr02,0.096147212
Ptr02,0.12669989
Ptr02,0.219091445
Ptr02,0.250807388
Ptr02,0.148451206
Ptr02,0.205034105
Ptr02,0.228057778
Ptr02,0.20468377
Ptr02,0.184263722
Ptr02,0.235061827
Ptr02,0.192779502
Ptr02,0.162951285
Ptr02,0.21691272
Ptr02,0.228492677
Ptr02,0.181340408
Ptr02,0.176845258
Ptr02,0.23337197
Ptr02,0.183484379
Ptr02,0.193868954
Ptr02,0.283942189
Ptr02,0.164113935
Ptr02,0.22048261
Ptr02,0.194132057
Ptr02,0.22125518
Ptr02,0.211717514
Ptr02,0.263664069
Ptr02,0.128023968
Ptr02,0.227186131
Ptr02,0.221087027
Ptr02,0.204204179
Ptr02,0.2083004
Ptr02,0.275968639
Ptr02,0.153876507
Ptr02,0.180685252
Ptr02,0.207824975
Ptr02,0.270794679
Ptr02,0.195541772
Ptr02,0.199239304
Ptr02,0.142431196
Ptr02,0.221777527
Ptr02,0.256626434
Ptr02,0.123145208
Ptr02,0.125744185
Ptr02,0.185516916
Ptr02,0.215535401
Ptr02,0.301079654
Ptr02,0.232460324
Ptr02,0.127531096
Ptr02,0.242297058
Ptr02,0.240316723
Ptr02,0.157562538
Ptr02,0.1527877
Ptr02,0.215831486
Ptr02,0.259507029
Ptr02,0.150649283
Ptr02,0.233536855
Ptr02,0.162695734
Ptr02,0.227943055
Ptr02,0.258604041
Ptr02,0.192939761
Ptr02,0.205378825
Ptr02,0.244809852
Ptr02,0.183305426
Ptr02,0.282874792
Ptr02,0.274769254
Ptr02,0.23418486
Ptr02,0.21398041
Ptr02,0.198624118
Ptr02,0.204468228
Ptr02,0.222499079
Ptr02,0.263897122
Ptr02,0.205130019
Ptr02,0.192273166
Ptr02,0.285460352
Ptr02,0.154341196
Ptr02,0.222532664
Ptr02,0.176095233
Ptr02,0.17612324
Ptr02,0.162065195
Ptr02,0.149880513
Ptr02,0.261269641
Ptr02,0.231171657
Ptr02,0.276215404
Ptr02,0.181361112
Ptr02,0.150507857
Ptr02,0.218204912
Ptr02,0.149925868
Ptr02,0.113627106
Ptr02,0.138678843
Ptr02,0.170465596
Ptr02,0.124189
Ptr02,0.153831749
Ptr02,0.200207621
Ptr02,0.210681238
Ptr02,0.202945943
Ptr02,0.136205648
Ptr02,0.134525126
Ptr02,0.12058695
Ptr02,0.299614471
Ptr02,0.190538402
Ptr02,0.166610658
Ptr02,0.192316694
Ptr02,0.16043234
Ptr02,0.161807286
Ptr02,0.22645104
Ptr02,0.279449675
Ptr02,0.208254021
Ptr02,0.177731517
Ptr02,0.154407983
Ptr02,0.159150089
Ptr02,0.246187478
Ptr02,0.264119048
Ptr02,0.224582632
Ptr02,0.236997741
Ptr02,0.20581597
Ptr02,0.115779326
Ptr02,0.297369283
Ptr02,0.215447361
Ptr02,0.225386922
Ptr02,0.235401958
Ptr02,0.168183329
Ptr02,0.193347728
Ptr02,0.306442387
Ptr02,0.269679419
Ptr02,0.220811666
Ptr02,0.235852711
Ptr02,0.144336311
Ptr02,0.231554729
Ptr02,0.233512914
Ptr02,0.217306015
Ptr02,0.204113974
Ptr02,0.208206782
Ptr02,0.191775505
Ptr02,0.13523438
Ptr02,0.208635243
Ptr02,0.249376029
Ptr02,0.167780734
Ptr02,0.26143112
Ptr02,0.1287772
Ptr02,0.202313971
Ptr02,0.260156684
Ptr02,0.18794041
Ptr02,0.179820117
Ptr02,0.23570999
Ptr02,0.22372774
Ptr02,0.247493515
Ptr02,0.164527168
Ptr02,0.29805337
Ptr02,0.240224007
Ptr02,0.235702641
Ptr02,0.279222883
Ptr02,0.247593673
Ptr02,0.293342028
Ptr02,0.293162568
Ptr02,0.223826005
Ptr02,0.269497095
Ptr02,0.218054146
Ptr02,0.187196682
Ptr02,0.294035187
Ptr02,0.242700187
Ptr02,0.236536551
Ptr02,0.176048293
Ptr02,0.183229358
Ptr02,0.170423448
Ptr02,0.26803492
Ptr02,0.133291323
Ptr02,0.114265943
Ptr02,0.148953756
Ptr02,0.229170311
Ptr02,0.21919785
Ptr02,0.239348665
Ptr02,0.266951189
Ptr02,0.259767158
Ptr02,0.258256573
Ptr02,0.270892755
Ptr02,0.226779017
Ptr02,0.192444479
Ptr02,0.108416977
Ptr02,0.266158827
Ptr02,0.227091843
Ptr02,0.157280874
Ptr02,0.207731273
Ptr02,0.236855087
Ptr02,0.260643525
Ptr02,0.148910192
Ptr02,0.270611213
Ptr02,0.265156146
Ptr02,0.217157615
Ptr02,0.208021003
Ptr02,0.228786054
Ptr02,0.195016553
Ptr02,0.132827306
Ptr02,0.159023151
Ptr02,0.214858768
Ptr02,0.260088357
Ptr02,0.20432998
Ptr02,0.182538466
Ptr02,0.281608993
Ptr02,0.168612304
Ptr02,0.199375525
Ptr02,0.285156628
Ptr02,0.13020707
Ptr02,0.182366401
Ptr02,0.143883483
Ptr02,0.210038514
Ptr02,0.192149125
Ptr02,0.236895812
Ptr02,0.167021952
Ptr02,0.232653467
Ptr02,0.228620795
Ptr02,0.245724447
Ptr02,0.264002295
Ptr02,0.280129623
Ptr02,0.253697352
Ptr02,0.108604783
Ptr02,0.236073565
Ptr02,0.186351938
Ptr02,0.233381707
Ptr02,0.218911353
Ptr02,0.152124428
Ptr02,0.206582621
Ptr02,0.162893717
Ptr02,0.260611556
Ptr02,0.247644811
Ptr02,0.153011555
Ptr02,0.126873309
Ptr02,0.217760306
Ptr02,0.128862541
Ptr02,0.180805907
Ptr02,0.233767981
Ptr02,0.111486441
Ptr02,0.154455435
Ptr02,0.214624495
Ptr02,0.121230202
Ptr02,0.192290872
Ptr02,0.141095487
Ptr02,0.224828314
Ptr02,0.194167972
Ptr02,0.208524906
Ptr02,0.175798302
Ptr02,0.235858649
Ptr02,0.170971323
Ptr02,0.283028983
Ptr02,0.196971712
Ptr02,0.160377185
Ptr02,0.241562019
Ptr02,0.16372877
Ptr02,0.158383572
Ptr02,0.092690748
Ptr02,0.255427952
Ptr02,0.268218205
Ptr03,0.106510045
Ptr03,0.123537405
Ptr03,0.166083968
Ptr03,0.145717142
Ptr03,0.153328369
Ptr03,0.126799136
Ptr03,0.197038745
Ptr03,0.109554741
Ptr03,0.134628053
Ptr03,0.134965796
Ptr03,0.1258178
Ptr03,0.080327139
Ptr03,0.163288309
Ptr03,0.116915087
Ptr03,0.151260749
Ptr03,0.079222455
Ptr03,0.149323818
Ptr03,0.143489403
Ptr03,0.133236191
Ptr03,0.115831985
Ptr03,0.11169897
Ptr03,0.174711926
Ptr03,0.148337926
Ptr03,0.100940575
Ptr03,0.142645766
Ptr03,0.160046902
Ptr03,0.131425464
Ptr03,0.133087653
Ptr03,0.143191577
Ptr03,0.134774163
Ptr03,0.097641214
Ptr03,0.14595527
Ptr03,0.163124717
Ptr03,0.138385554
Ptr03,0.126864549
Ptr03,0.124169578
Ptr03,0.140951061
Ptr03,0.165333951
Ptr03,0.143219261
Ptr03,0.151578274
Ptr03,0.13488243
Ptr03,0.163580154
Ptr03,0.131114882
Ptr03,0.08858069
Ptr03,0.184536651
Ptr03,0.148212262
Ptr03,0.121476329
Ptr03,0.11863337
Ptr03,0.128190689
Ptr03,0.156797481
Ptr03,0.064592037
Ptr03,0.145835908
Ptr03,0.054770431
Ptr03,0.162351029
Ptr03,0.130111079
Ptr03,0.127537142
Ptr03,0.144789012
Ptr03,0.157577034
Ptr03,0.139074623
Ptr03,0.069611171
Ptr03,0.120919015
Ptr03,0.12535725
Ptr03,0.107664018
Ptr03,0.116885256
Ptr03,0.14465991
Ptr03,0.130876341
Ptr03,0.143549889
Ptr03,0.142012188
Ptr03,0.139166243
Ptr03,0.163483527
Ptr03,0.118764461
Ptr03,0.12307065
Ptr03,0.194073759
Ptr03,0.142676901
Ptr03,0.155639634
Ptr03,0.100639459
Ptr03,0.122084294
Ptr03,0.144912855
Ptr03,0.147268389
Ptr03,0.084334296
Ptr03,0.164262602
Ptr03,0.129579946
Ptr03,0.113303787
Ptr03,0.15713299
Ptr03,0.136476654
Ptr03,0.13151938
Ptr03,0.121621491
Ptr03,0.12680741
Ptr03,0.1229691
Ptr03,0.154089537
Ptr03,0.147460221
Ptr03,0.134941468
Ptr03,0.162371291
Ptr03,0.084865742
Ptr03,0.135260046
Ptr03,0.141820394
Ptr03,0.133980023
Ptr03,0.157034256
Ptr03,0.160877445
Ptr03,0.17429759
Ptr03,0.129031647
Ptr03,0.11350471
Ptr03,0.16258652
Ptr03,0.123088219
Ptr03,0.137962845
Ptr03,0.126872645
Ptr03,0.115695149
Ptr03,0.158151217
Ptr03,0.128110002
Ptr03,0.082254022
Ptr03,0.119667178
Ptr03,0.156796089
Ptr03,0.140916874
Ptr03,0.122528443
Ptr03,0.097180377
Ptr03,0.063520917
Ptr03,0.164679717
Ptr03,0.111153438
Ptr03,0.155176129
Ptr03,0.182712745
Ptr03,0.169715189
Ptr03,0.130559426
Ptr03,0.162195468
Ptr03,0.126309586
Ptr03,0.124944207
Ptr03,0.113630533
Ptr03,0.195317064
Ptr03,0.124564326
Ptr03,0.100627092
Ptr03,0.122340217
Ptr03,0.168274631
Ptr03,0.17961093
Ptr03,0.114008253
Ptr03,0.112869878
Ptr03,0.105177915
Ptr03,0.131423715
Ptr03,0.12790756
Ptr03,0.065354695
Ptr03,0.125177092
Ptr03,0.116126763
Ptr03,0.131145384
Ptr03,0.153230631
Ptr03,0.147715267
Ptr03,0.117159988
Ptr03,0.161030427
Ptr03,0.121157832
Ptr03,0.167392021
Ptr03,0.111642073
Ptr03,0.134969163
Ptr03,0.135700125
Ptr03,0.141322868
Ptr03,0.123895315
Ptr03,0.13237984
Ptr03,0.110524092
Ptr03,0.075661671
Ptr03,0.12974021
Ptr03,0.128104423
Ptr03,0.118262073
Ptr03,0.144862328
Ptr03,0.158479512
Ptr03,0.141306836
Ptr03,0.170045608
Ptr03,0.11551842
Ptr03,0.070996385
Ptr03,0.118931813
Ptr03,0.154868406
Ptr03,0.095479539
Ptr03,0.126357883
Ptr03,0.134257017
Ptr03,0.173850873
Ptr03,0.118121159
Ptr03,0.117906641
Ptr03,0.175081202
Ptr03,0.148233275
Ptr03,0.124436339
Ptr03,0.172770764
Ptr03,0.085155936
Ptr03,0.138628669
Ptr03,0.120595624
Ptr03,0.119208864
Ptr03,0.120115417
Ptr03,0.125116902
Ptr03,0.151044067
Ptr03,0.111595621
Ptr03,0.141857374
Ptr03,0.179292066
Ptr03,0.119810858
Ptr03,0.128821698
Ptr03,0.136978301
Ptr03,0.137915192
Ptr03,0.143663006
Ptr03,0.126168824
Ptr03,0.159881336
Ptr03,0.109663002
Ptr03,0.151848532
Ptr03,0.144020183
Ptr03,0.155085673
Ptr03,0.147089957
Ptr03,0.088752222
Ptr03,0.116251523
Ptr03,0.153250393
Ptr03,0.169863026
Ptr03,0.134011752
Ptr03,0.152134131
Ptr03,0.120932866
Ptr03,0.159733477
Ptr03,0.090152553
Ptr03,0.123092355
Ptr03,0.128444055
Ptr03,0.138014251
Ptr03,0.124711424
Ptr03,0.138693945
Ptr03,0.16924892
Ptr03,0.14854894
Ptr03,0.123552774
Ptr03,0.19017165
Ptr03,0.148449706
Ptr03,0.137889785
Ptr03,0.132108038
Ptr03,0.155898758
Ptr03,0.16121674
Ptr03,0.161747198
Ptr03,0.101869462
Ptr03,0.127592236
Ptr03,0.129491947
Ptr03,0.135217221
Ptr03,0.131570644
Ptr03,0.162119274
Ptr03,0.125822785
Ptr03,0.173408638
Ptr03,0.139548325
Ptr03,0.127572107
Ptr03,0.112768555
Ptr03,0.145728346
Ptr03,0.142151406
Ptr03,0.090909548
Ptr03,0.114644154
Ptr03,0.124133581
Ptr03,0.152255374
Ptr03,0.154682979
Ptr03,0.135274918
Ptr03,0.122582389
Ptr03,0.145771912
Ptr03,0.176043798
Ptr03,0.128713942
Ptr03,0.096365922
Ptr03,0.121122602
Ptr03,0.11134178
Ptr03,0.120236896
Ptr03,0.141395541
Ptr03,0.17708729
Ptr03,0.120876019
Ptr03,0.154800012
Ptr03,0.111220467
Ptr03,0.138621418
Ptr03,0.119997614
Ptr03,0.128812489
Ptr03,0.154283311
Ptr03,0.132488323
Ptr03,0.09747912
Ptr03,0.121705977
Ptr03,0.152546294
Ptr03,0.140570903
Ptr03,0.133075156
Ptr03,0.090131125
Ptr03,0.140097099
Ptr03,0.098703411
Ptr03,0.145268232
Ptr03,0.132111413
Ptr03,0.146752464
Ptr03,0.119764456
Ptr03,0.166239203
Ptr03,0.110571859
Ptr03,0.162335045
Ptr03,0.153296583
Ptr03,0.171424782
Ptr03,0.119949941
Ptr03,0.144972195
Ptr03,0.132896024
Ptr03,0.134659701
Ptr03,0.161037658
Ptr03,0.120373093
Ptr03,0.124847217
Ptr03,0.095498579
Ptr03,0.147286109
Ptr03,0.132790844
Ptr03,0.12888567
Ptr03,0.152746073
Ptr03,0.152744712
Ptr03,0.161117916
Ptr03,0.113709658
Ptr03,0.158319527
Ptr03,0.130410359
Ptr03,0.143154555
Ptr03,0.130034384
Ptr03,0.160851779
Ptr03,0.1464018
Ptr03,0.157974515
Ptr03,0.12050876
Ptr03,0.119173171
Ptr03,0.17907855
Ptr03,0.143973336
Ptr03,0.109799811
Ptr03,0.086234723
Ptr03,0.124551657
Ptr03,0.123266839
Ptr03,0.159212971
Ptr03,0.152787176
Ptr03,0.145886787
Ptr03,0.129501443
Ptr03,0.157127302
Ptr03,0.127925457
Ptr03,0.163950977
Ptr03,0.108124226
Ptr03,0.109565276
Ptr03,0.137609626
Ptr03,0.132385312
Ptr03,0.172059951
Ptr03,0.118640573
Ptr03,0.188120251
Ptr03,0.153645591
Ptr03,0.152122082
Ptr03,0.102343421
Ptr03,0.162559913
Ptr03,0.16905505
Ptr03,0.118244104
Ptr03,0.147024042
Ptr03,0.076262864
Ptr03,0.150790558
Ptr03,0.134561444
Ptr03,0.115521021
Ptr03,0.139730519
Ptr03,0.145139037
Ptr03,0.132406983
Ptr03,0.179324737
Ptr03,0.105793621
Ptr03,0.164791567
Ptr03,0.157037406
Ptr03,0.119814643
Ptr03,0.055631028
Ptr03,0.15436826
Ptr03,0.155574854
Ptr03,0.125237004
Ptr03,0.125318838
Ptr03,0.117117077
Ptr03,0.104704424
Ptr03,0.080474312
Ptr03,0.117874075
Ptr03,0.151207859
Ptr03,0.154621574
Ptr03,0.1030965
Ptr03,0.106307487
Ptr03,0.147378763
Ptr03,0.107255131
Ptr03,0.126276865
Ptr03,0.140912645
Ptr03,0.110919939
Ptr03,0.140453367
Ptr03,0.126930514
Ptr03,0.146587976
Ptr03,0.14614763
Ptr03,0.137345594
Ptr03,0.139497647
Ptr03,0.114436792
Ptr03,0.157327446
Ptr03,0.135349155
Ptr03,0.140361676
Ptr03,0.104077118
Ptr03,0.171846089
Ptr03,0.146240027
Ptr03,0.152885778
Ptr03,0.102179314
Ptr03,0.135446975
Ptr03,0.1578256
Ptr03,0.092648335
Ptr03,0.112674378
Ptr03,0.176109693
Ptr03,0.135512005
Ptr03,0.112852197
Ptr03,0.13126656
Ptr03,0.125423698
Ptr03,0.11289697
Ptr03,0.123298734
Ptr03,0.120892065
Ptr03,0.120972165
Ptr03,0.156614189
Ptr03,0.141131524
Ptr03,0.115723794
Ptr03,0.05769766
Ptr03,0.11738997
Ptr03,0.104904117
Ptr03,0.147152554
Ptr03,0.135932621
Ptr03,0.120292886
Ptr03,0.15715357
Ptr03,0.16396078
Ptr03,0.130371525
Ptr03,0.147906078
Ptr03,0.187907587
Ptr03,0.130908746
Ptr03,0.115667527
Ptr03,0.124371214
Ptr03,0.136631336
Ptr03,0.118609343
Ptr03,0.132980451
Ptr03,0.112678547
Ptr03,0.14374713
Ptr03,0.132405199
Ptr03,0.140394938
Ptr03,0.126450149
Ptr03,0.16878601
Ptr03,0.139817272
Ptr03,0.11202292
Ptr03,0.173636448
Ptr03,0.126614234
Ptr03,0.104727829
Ptr03,0.142822907
Ptr03,0.141945965
Ptr03,0.137468988
Ptr03,0.128532051
Ptr03,0.133816321
Ptr03,0.103864426
Ptr03,0.172285926
Ptr03,0.133269971
Ptr03,0.136362381
Ptr03,0.102081541
Ptr03,0.116019689
Ptr03,0.182378904
Ptr03,0.069179043
Ptr03,0.120793798
Ptr03,0.107998588
Ptr03,0.125127564
Ptr03,0.093807027
Ptr03,0.136070866
Ptr03,0.128627775
Ptr03,0.138935675
Ptr03,0.10774581
Ptr03,0.146382718
Ptr03,0.117930347
Ptr03,0.170190055
Ptr03,0.110127117
Ptr03,0.124543085
Ptr03,0.140191915
Ptr03,0.124524123
Ptr03,0.125367608
Ptr03,0.114771902
Ptr03,0.136584567
Ptr03,0.126074987
Ptr03,0.124770251
Ptr03,0.118460216
Ptr03,0.123169023
Ptr03,0.136417474
Ptr03,0.1065701
Ptr03,0.155510338
Ptr03,0.124772099
Ptr03,0.158799668
Ptr03,0.136041687
Ptr03,0.150867053
Ptr03,0.139155603
Ptr03,0.130482091
Ptr03,0.125076261
Ptr03,0.159796515
Ptr03,0.149490408
Ptr03,0.169971494
Ptr03,0.125360782
Ptr03,0.159507816
Ptr03,0.128277589
Ptr03,0.137266399
Ptr03,0.16777975
Ptr03,0.122980946
Ptr03,0.147781423
Ptr03,0.111532617
Ptr03,0.123149667
Ptr03,0.182122029
Ptr03,0.151836403
Ptr03,0.125196296
Ptr03,0.077553346
Ptr03,0.140800778
Ptr03,0.131453525
Ptr03,0.152774841
Ptr03,0.122621771
Ptr03,0.15832755
Ptr03,0.127361356
Ptr03,0.11131695
Ptr03,0.149811456
Ptr03,0.149534613
Ptr03,0.169178231
Ptr03,0.181424498
Ptr03,0.112663132
Ptr03,0.118867855
Ptr03,0.145785588
Ptr03,0.148735614
Ptr03,0.126464465
Ptr03,0.123632846
Ptr03,0.08228793
Ptr03,0.117519951
Ptr03,0.178888354
Ptr03,0.111999769
Ptr03,0.151239629
Ptr03,0.163911426
Ptr03,0.146494304
Ptr03,0.135933676
Ptr03,0.122255563
Ptr03,0.118514008
Ptr03,0.134009657
Ptr03,0.105341642
Ptr03,0.188995567
Ptr03,0.098260117
Ptr03,0.154572002
Ptr03,0.182564214
Ptr03,0.134699182
Ptr03,0.118119189
Ptr03,0.124189838
Ptr03,0.154071712
Ptr03,0.130690442
Ptr03,0.13221913
Ptr03,0.113234668
Ptr03,0.10045428
Ptr03,0.122889833
Ptr03,0.142352198
Ptr03,0.080794631
Ptr03,0.13378032
Ptr03,0.148045361
Ptr03,0.141379349
Ptr03,0.151484229
Ptr03,0.146411452
Ptr03,0.119869768
Ptr03,0.120593906
Ptr03,0.147869815
Ptr03,0.125212673
Ptr03,0.142049844
Ptr03,0.112644152
Ptr03,0.138828164
Ptr03,0.169803525
Ptr03,0.125995593
Ptr03,0.12618015
Ptr03,0.147188012
Ptr03,0.147609522
Ptr03,0.166230866
Ptr03,0.116169634
Ptr03,0.13800359
Ptr03,0.134338388
Ptr03,0.163139018
Ptr03,0.135518373
Ptr03,0.12912785
Ptr03,0.082697516
Ptr03,0.145793853
Ptr03,0.146817309
Ptr03,0.112773708
Ptr03,0.104022242
Ptr03,0.177556557
Ptr03,0.169127347
Ptr03,0.160406209
Ptr03,0.161325789
Ptr03,0.130169207
Ptr03,0.137288622
Ptr03,0.170763661
Ptr03,0.125889638
Ptr03,0.165406189
Ptr03,0.123700933
Ptr03,0.110834791
Ptr03,0.124170262
Ptr03,0.118285933
Ptr03,0.159482053
Ptr03,0.155174727
Ptr03,0.078203241
Ptr03,0.127271286
Ptr03,0.103827096
Ptr03,0.148953857
Ptr03,0.138167934
Ptr03,0.150324861
Ptr03,0.116058433
Ptr03,0.141666818
Ptr03,0.113324938
Ptr03,0.155837964
Ptr03,0.159229059
Ptr03,0.136913591
Ptr03,0.151794686
Ptr03,0.155110447
Ptr03,0.146590859
Ptr03,0.119360045
Ptr03,0.11847224
Ptr03,0.136854728
Ptr03,0.132660482
Ptr03,0.122245364
Ptr03,0.167318585
Ptr03,0.115411512
Ptr03,0.11562749
Ptr03,0.097135948
Ptr03,0.144277318
Ptr03,0.116528706
Ptr03,0.090923165
Ptr03,0.117923264
Ptr03,0.146901915
Ptr03,0.149784017
Ptr03,0.113426459
Ptr03,0.096776707
Ptr03,0.101658648
Ptr03,0.189835194
Ptr03,0.113540324
Ptr03,0.142623176
Ptr03,0.188939333
Ptr03,0.111976032
Ptr03,0.12787325
Ptr03,0.182773
Ptr03,0.103346482
Ptr03,0.138487809
Ptr03,0.127087762
Ptr03,0.12883377
Ptr03,0.125713054
Ptr03,0.149159073
Ptr03,0.158033064
Ptr03,0.131302875
Ptr03,0.103684801
Ptr03,0.102532208
Ptr03,0.178704635
Ptr03,0.139438506
Ptr03,0.124753012
Ptr03,0.09453889
Ptr03,0.136907561
Ptr03,0.124135859
Ptr03,0.15021072
Ptr03,0.156273944
Ptr03,0.103698475
Ptr03,0.098767067
Ptr03,0.100265536
Ptr03,0.11338395
Ptr03,0.099692089
Ptr03,0.087015245
Ptr03,0.118557495
Ptr03,0.129587921
Ptr03,0.1988414
Ptr03,0.088793191
Ptr03,0.1481328
Ptr03,0.131195732
Ptr03,0.121857227
Ptr03,0.154937425
Ptr03,0.18643896
Ptr03,0.133738727
Ptr03,0.117151156
Ptr03,0.111763728
Ptr03,0.108491399
Ptr03,0.115361714
Ptr03,0.113429564
Ptr03,0.162341586
Ptr03,0.093685913
Ptr03,0.139146605
Ptr03,0.114912382
Ptr03,0.119532329
Ptr03,0.163502025
Ptr03,0.16113647
Ptr03,0.135672011
Ptr03,0.127082894
Ptr03,0.126630471
Ptr03,0.131313666
Ptr03,0.124853646
Ptr03,0.153364747
Ptr03,0.085963698
Ptr03,0.115602883
Ptr03,0.142220146
Ptr03,0.143375307
Ptr03,0.154527599
Ptr03,0.133938686
Ptr03,0.1498206
Ptr03,0.108019681
Ptr03,0.123091154
Ptr03,0.132189564
Ptr03,0.181618083
Ptr03,0.144947697
Ptr03,0.200764486
Ptr03,0.094161235
Ptr03,0.125764151
Ptr03,0.136321794
Ptr03,0.149113544
Ptr03,0.052353264
Ptr03,0.119692077
Ptr03,0.096803529
Ptr03,0.152530406
Ptr03,0.13319859
Ptr03,0.125401351
Ptr03,0.126029001
Ptr03,0.120280961
Ptr03,0.142995628
Ptr03,0.110955133
Ptr03,0.124795451
Ptr03,0.139304762
Ptr03,0.099675151
Ptr03,0.091989132
Ptr03,0.15475252
Ptr03,0.084427333
Ptr03,0.155940049
Ptr03,0.140113311
Ptr03,0.134538655
Ptr03,0.109593917
Ptr03,0.132161253
Ptr03,0.155614365
Ptr03,0.166353486
Ptr03,0.123244055
Ptr03,0.151864464
Ptr03,0.102215364
Ptr03,0.117052173
Ptr03,0.128551917
Ptr03,0.120518144
Ptr03,0.120118452
Ptr03,0.183645898
Ptr03,0.117612407
Ptr03,0.142876908
Ptr03,0.140665976
Ptr03,0.109444356
Ptr03,0.145311644
Ptr03,0.17475407
Ptr03,0.13254158
Ptr03,0.094046635
Ptr03,0.145512701
Ptr03,0.097093711
Ptr03,0.149493444
Ptr03,0.143019089
Ptr03,0.133398249
Ptr03,0.161250919
Ptr03,0.132718536
Ptr03,0.125832966
Ptr03,0.158001191
Ptr03,0.178684556
Ptr03,0.12934283
Ptr03,0.153800175
Ptr03,0.178917697
Ptr03,0.146680733
Ptr03,0.154604823
Ptr03,0.142516726
Ptr03,0.179811311
Ptr03,0.181540839
Ptr03,0.11505564
Ptr03,0.119442221
Ptr03,0.110557703
Ptr03,0.170712181
Ptr03,0.155614956
Ptr03,0.170927582
Ptr03,0.098046019
Ptr03,0.124710507
Ptr03,0.112883168
Ptr03,0.140261634
Ptr03,0.109632848
Ptr03,0.096044889
Ptr03,0.124370381
Ptr03,0.169806765
Ptr03,0.144508283
Ptr03,0.141729854
Ptr03,0.13613923
Ptr03,0.093512435
Ptr03,0.156812491
Ptr03,0.150192129
Ptr03,0.12440774
Ptr03,0.153392115
Ptr03,0.142266388
Ptr03,0.152254697
Ptr03,0.12349422
Ptr03,0.150604508
Ptr03,0.126357126
Ptr03,0.154030456
Ptr03,0.117548699
Ptr03,0.143260872
Ptr03,0.156107965
Ptr03,0.125010687
Ptr03,0.131091381
Ptr03,0.133936932
Ptr03,0.172876827
Ptr03,0.128317938
Ptr03,0.172782048
Ptr03,0.124627846
Ptr03,0.108354546
Ptr03,0.106465754
Ptr03,0.14417819
Ptr03,0.114895419
Ptr04,0.087817196
Ptr04,0.116674292
Ptr04,0.076538782
Ptr04,0.105872678
Ptr04,0.175321246
Ptr04,0.121965206
Ptr04,0.049515549
Ptr04,0.134595865
Ptr04,0.125701606
Ptr04,0.10967986
Ptr04,0.102692247
Ptr04,0.075283088
Ptr04,0.062824425
Ptr04,0.087643072
Ptr04,0.111792313
Ptr04,0.080253144
Ptr04,0.101527291
Ptr04,0.109997188
Ptr04,0.111740048
Ptr04,0.103510499
Ptr04,0.086298478
Ptr04,0.047507037
Ptr04,0.098210189
Ptr04,0.090225909
Ptr04,0.152255307
Ptr04,0.126322379
Ptr04,0.11812512
Ptr04,0.171298269
Ptr04,0.062130647
Ptr04,0.195386616
Ptr04,0.054640554
Ptr04,0.112123915
Ptr04,0.182640544
Ptr04,0.145177913
Ptr04,0.110913794
Ptr04,0.111864074
Ptr04,0.088227441
Ptr04,0.062250638
Ptr04,0.286824192
Ptr04,0.154751466
Ptr04,0.087444847
Ptr04,0.085364211
Ptr04,0.054545247
Ptr04,0.053015144
Ptr04,0.094978274
Ptr04,0.079442237
Ptr04,0.093069953
Ptr04,0.092160289
Ptr04,0.159599206
Ptr04,0.086032577
Ptr04,0.069431969
Ptr04,0.070517195
Ptr04,0.123853835
Ptr04,0.092868859
Ptr04,0.101322297
Ptr04,0.093758267
Ptr04,0.138311704
Ptr04,0.206743588
Ptr04,0.073082389
Ptr04,0.123335412
Ptr04,0.117004085
Ptr04,0.132147564
Ptr04,0.05126804
Ptr04,0.12774881
Ptr04,0.122536844
Ptr04,0.09434618
Ptr04,0.061057853
Ptr04,0.101064467
Ptr04,0.055536254
Ptr04,0.098587717
Ptr04,0.152618007
Ptr04,0.08140278
Ptr04,0.110475716
Ptr04,0.408119485
Ptr04,0.172476951
Ptr04,0.104013619
Ptr04,0.187757206
Ptr04,0.141805819
Ptr04,0.130110704
Ptr04,0.11609983
Ptr04,0.135815981
Ptr04,0.116006626
Ptr04,0.109993981
Ptr04,0.204105319
Ptr04,0.077851735
Ptr04,0.134882425
Ptr04,0.12514165
Ptr04,0.067863804
Ptr04,0.084437256
Ptr04,0.098863536
Ptr04,0.124533775
Ptr04,0.172673864
Ptr04,0.059909761
Ptr04,0.231151603
Ptr04,0.065104797
Ptr04,0.121468812
Ptr04,0.120653148
Ptr04,0.137535472
Ptr04,0.134044244
Ptr04,0.041757941
Ptr04,0.061711681
Ptr04,0.146835014
Ptr04,0.052033687
Ptr04,0.088992581
Ptr04,0.167431432
Ptr04,0.133167193
Ptr04,0.08495466
Ptr04,0.121218889
Ptr04,0.054996894
Ptr04,0.107944211
Ptr04,0.066205911
Ptr04,0.131071906
Ptr04,0.08768875
Ptr04,0.125729647
Ptr04,0.085834849
Ptr04,0.08318732
Ptr04,0.201724422
Ptr04,0.045721189
Ptr04,0.079859822
Ptr04,0.141546315
Ptr04,0.17505327
Ptr04,0.168147305
Ptr04,0.134376138
Ptr04,0.100382042
Ptr04,0.084544209
Ptr04,0.07126291
Ptr04,0.101378414
Ptr04,0.129502398
Ptr04,0.174508762
Ptr04,0.105218245
Ptr04,0.12227459
Ptr04,0.086446962
Ptr04,0.175654796
Ptr04,0.085592349
Ptr04,0.076610626
Ptr04,0.099296765
Ptr04,0.056224976
Ptr04,0.119647782
Ptr04,0.064808784
Ptr04,0.100062376
Ptr04,0.044388034
Ptr04,0.097824656
Ptr04,0.079309639
Ptr04,0.153440166
Ptr04,0.06605466
Ptr04,0.092028614
Ptr04,0.102531712
Ptr04,0.085808585
Ptr04,0.143762894
Ptr04,0.106091221
Ptr04,0.108719377
Ptr04,0.190043842
Ptr04,0.083910575
Ptr04,0.101064345
Ptr04,0.098730121
Ptr04,0.073123773
Ptr04,0.124305362
Ptr04,0.074211258
Ptr04,0.196859181
Ptr04,0.159757491
Ptr04,0.097686148
Ptr04,0.082535565
Ptr04,0.14330223
Ptr04,0.058007742
Ptr04,0.11007406
Ptr04,0.059477319
Ptr04,0.122022781
Ptr04,0.11912557
Ptr04,0.11220265
Ptr04,0.099010905
Ptr04,0.181266082
Ptr04,0.143546277
Ptr04,0.100034459
Ptr04,0.102024799
Ptr04,0.079714627
Ptr04,0.131422232
Ptr04,0.046090402
Ptr04,0.061645938
Ptr04,0.135520833
Ptr04,0.120558915
Ptr04,0.116721295
Ptr04,0.07047619
Ptr04,0.163532577
Ptr04,0.15634708
Ptr04,0.062710139
Ptr04,0.0900951
Ptr04,0.073349746
Ptr04,0.102871296
Ptr04,0.075647263
Ptr04,0.129283262
Ptr04,0.102258683
Ptr04,0.135610684
Ptr04,0.107207223
Ptr04,0.07533847
Ptr04,0.138130591
Ptr04,0.070640174
Ptr04,0.108396832
Ptr04,0.089742861
Ptr04,0.079430152
Ptr04,0.1011801
Ptr04,0.063715632
Ptr04,0.088472086
Ptr04,0.102789342
Ptr04,0.062644163
Ptr04,0.130922703
Ptr04,0.064831306
Ptr04,0.125816273
Ptr04,0.105126181
Ptr04,0.103518582
Ptr04,0.075117625
Ptr04,0.14810154
Ptr04,0.13331485
Ptr04,0.079745397
Ptr04,0.140282761
Ptr04,0.131479265
Ptr04,0.075849457
Ptr04,0.124311057
Ptr04,0.11071866
Ptr04,0.109010996
Ptr04,0.071694889
Ptr04,0.052662986
Ptr04,0.070836046
Ptr04,0.185405375
Ptr04,0.088300386
Ptr04,0.11391253
Ptr04,0.121518489
Ptr04,0.058471495
Ptr04,0.134570009
Ptr04,0.079186526
Ptr04,0.085024422
Ptr04,0.132154145
Ptr04,0.073551898
Ptr04,0.081391211
Ptr04,0.097105546
Ptr04,0.111498548
Ptr04,0.077539284
Ptr04,0.064994579
Ptr04,0.109788509
Ptr04,0.090927018
Ptr04,0.079055464
Ptr04,0.098772566
Ptr04,0.322201731
Ptr04,0.095276024
Ptr04,0.110513811
Ptr04,0.118354827
Ptr04,0.10389402
Ptr04,0.084567066
Ptr04,0.05706633
Ptr04,0.083825575
Ptr04,0.074346892
Ptr04,0.089694386
Ptr04,0.156739577
Ptr04,0.225721446
Ptr04,0.066421283
Ptr04,0.221566767
Ptr04,0.086212963
Ptr04,0.122917842
Ptr04,0.065856222
Ptr04,0.052737881
Ptr04,0.081254706
Ptr04,0.063956403
Ptr04,0.101766011
Ptr04,0.111079592
Ptr04,0.116740326
Ptr04,0.058739745
Ptr04,0.079533775
Ptr04,0.118057993
Ptr04,0.104113079
Ptr04,0.076660417
Ptr04,0.148841516
Ptr04,0.065858099
Ptr04,0.083712194
Ptr04,0.06751483
Ptr04,0.053183457
Ptr04,0.103095847
Ptr04,0.06011362
Ptr04,0.092566169
Ptr04,0.133694673
Ptr04,0.147963172
Ptr04,0.071328868
Ptr04,0.109793983
Ptr04,0.07455207
Ptr04,0.06441874
Ptr04,0.102618995
Ptr04,0.068388362
Ptr04,0.134882317
Ptr04,0.081219288
Ptr04,0.09332254
Ptr04,0.080051021
Ptr04,0.104383619
Ptr04,0.093027023
Ptr04,0.074253765
Ptr04,0.146634698
Ptr04,0.149014549
Ptr04,0.131797725
Ptr04,0.041029335
Ptr04,0.111218244
Ptr04,0.048839047
Ptr04,0.094928419
Ptr04,0.176492564
Ptr04,0.083671936
Ptr04,0.119754031
Ptr04,0.114705631
Ptr04,0.056026047
Ptr04,0.06588532
Ptr04,0.059145155
Ptr04,0.11181406
Ptr04,0.075125368
Ptr04,0.103693668
Ptr04,0.093581292
Ptr04,0.129311021
Ptr04,0.146279167
Ptr04,0.070807144
Ptr04,0.110145734
Ptr04,0.091661494
Ptr04,0.157922225
Ptr04,0.137839526
Ptr04,0.179604641
Ptr04,0.089618368
Ptr04,0.090052612
Ptr04,0.05128681
Ptr04,0.082782218
Ptr04,0.162714063
Ptr04,0.08259988
Ptr04,0.11901522
Ptr04,0.147882485
Ptr04,0.093310412
Ptr04,0.129106501
Ptr04,0.07020501
Ptr04,0.106591659
Ptr04,0.107678894
Ptr04,0.167125762
Ptr04,0.202243325
Ptr04,0.065362291
Ptr04,0.089981644
Ptr04,0.075542761
Ptr04,0.099695483
Ptr04,0.08358935
Ptr04,0.082409404
Ptr04,0.093187595
Ptr04,0.064069104
Ptr04,0.117707618
Ptr04,0.108821113
Ptr04,0.106574977
Ptr04,0.071047839
Ptr04,0.069145348
Ptr04,0.128061766
Ptr04,0.073114217
Ptr04,0.062599523
Ptr04,0.055523731
Ptr04,0.098801848
Ptr04,0.07997777
Ptr04,0.090822452
Ptr04,0.18839311
Ptr04,0.075457382
Ptr04,0.106241493
Ptr04,0.1374034
Ptr04,0.057081751
Ptr04,0.10890862
Ptr04,0.065130106
Ptr04,0.113073657
Ptr04,0.14994266
Ptr04,0.053304983
Ptr04,0.166711083
Ptr04,0.143860326
Ptr04,0.058681308
Ptr04,0.132664911
Ptr04,0.127711083
Ptr04,0.110742223
Ptr04,0.036418655
Ptr04,0.073487602
Ptr04,0.14183758
Ptr04,0.068373095
Ptr04,0.092730928
Ptr04,0.109191397
Ptr04,0.102326786
Ptr04,0.135318003
Ptr04,0.122784595
Ptr04,0.087065992
Ptr04,0.124720218
Ptr04,0.104167271
Ptr04,0.087420856
Ptr04,0.092865264
Ptr04,0.086967676
Ptr04,0.065910406
Ptr04,0.099985402
Ptr04,0.105277088
Ptr04,0.13373676
Ptr04,0.093464771
Ptr04,0.081037184
Ptr04,0.107250771
Ptr04,0.05555809
Ptr04,0.077444411
Ptr04,0.153223405
Ptr04,0.05624984
Ptr04,0.095579138
Ptr04,0.126723782
Ptr04,0.13136422
Ptr04,0.101456131
Ptr04,0.078388796
Ptr04,0.088423593
Ptr04,0.134152264
Ptr04,0.065465026
Ptr04,0.045117787
Ptr04,0.066860103
Ptr04,0.063359413
Ptr04,0.152684575
Ptr04,0.046464654
Ptr04,0.083645295
Ptr04,0.08664414
Ptr04,0.111181107
Ptr04,0.138320261
Ptr04,0.088094738
Ptr04,0.110696444
Ptr04,0.107662054
Ptr04,0.056557855
Ptr04,0.126547216
Ptr04,0.084548444
Ptr04,0.107302089
Ptr04,0.134821498
Ptr04,0.075029941
Ptr04,0.119772669
Ptr04,0.073759869
Ptr04,0.064088451
Ptr04,0.064069123
Ptr04,0.078981518
Ptr04,0.058744751
Ptr04,0.103743627
Ptr04,0.114898342
Ptr04,0.071794537
Ptr04,0.057662943
Ptr04,0.083885319
Ptr04,0.076628884
Ptr04,0.095807458
Ptr04,0.083453242
Ptr04,0.180410225
Ptr04,0.139634448
Ptr04,0.074694682
Ptr04,0.114656588
Ptr04,0.08891819
Ptr04,0.074484638
Ptr04,0.116764474
Ptr04,0.151881656
Ptr04,0.065149339
Ptr04,0.066224531
Ptr04,0.139310667
Ptr04,0.057337391
Ptr04,0.070414794
Ptr04,0.105732088
Ptr04,0.054492115
Ptr04,0.126412242
Ptr04,0.357342899
Ptr04,0.089273315
Ptr04,0.07001014
Ptr04,0.083177761
Ptr04,0.093828126
Ptr04,0.071751429
Ptr04,0.146043118
Ptr04,0.053452504
Ptr04,0.069480086
Ptr04,0.158196586
Ptr04,0.071018756
Ptr04,0.05898096
Ptr04,0.127782756
Ptr04,0.110837845
Ptr04,0.103992896
Ptr04,0.063745379
Ptr04,0.05878161
Ptr05,0.107531984
Ptr05,0.138821369
Ptr05,0.119900608
Ptr05,0.067779551
Ptr05,0.065363453
Ptr05,0.101068996
Ptr05,0.137328169
Ptr05,0.150991803
Ptr05,0.105250984
Ptr05,0.11202452
Ptr05,0.145604685
Ptr05,0.086866497
Ptr05,0.089423889
Ptr05,0.093838677
Ptr05,0.10687048
Ptr05,0.108576449
Ptr05,0.113040234
Ptr05,0.069181449
Ptr05,0.103618875
Ptr05,0.075950663
Ptr05,0.10398063
Ptr05,0.152769138
Ptr05,0.11216701
Ptr05,0.091990924
Ptr05,0.090314225
Ptr05,0.11384297
Ptr05,0.179901432
Ptr05,0.08998942
Ptr05,0.118186128
Ptr05,0.096053528
Ptr05,0.109671648
Ptr05,0.111897827
Ptr05,0.141099375
Ptr05,0.115747727
Ptr05,0.085270316
Ptr05,0.120752991
Ptr05,0.109604277
Ptr05,0.078181126
Ptr05,0.1047596
Ptr05,0.103425853
Ptr05,0.088632091
Ptr05,0.084730263
Ptr05,0.098474791
Ptr05,0.165624746
Ptr05,0.1193895
Ptr05,0.105187197
Ptr05,0.10520096
Ptr05,0.146028966
Ptr05,0.119449033
Ptr05,0.15046673
Ptr05,0.082011197
Ptr05,0.086666797
Ptr05,0.067291146
Ptr05,0.114602295
Ptr05,0.130520967
Ptr05,0.134842587
Ptr05,0.103803987
Ptr05,0.102778891
Ptr05,0.094926081
Ptr05,0.08343158
Ptr05,0.103944521
Ptr05,0.15246533
Ptr05,0.071355164
Ptr05,0.139306023
Ptr05,0.112819122
Ptr05,0.122908633
Ptr05,0.132833931
Ptr05,0.070949976
Ptr05,0.119543143
Ptr05,0.079857855
Ptr05,0.111811295
Ptr05,0.108218931
Ptr05,0.138285653
Ptr05,0.070927874
Ptr05,0.129293654
Ptr05,0.132561127
Ptr05,0.128223384
Ptr05,0.097368374
Ptr05,0.092147283
Ptr05,0.11422519
Ptr05,0.108613589
Ptr05,0.1244926
Ptr05,0.126574772
Ptr05,0.126826233
Ptr05,0.047321465
Ptr05,0.065601051
Ptr05,0.069262433
Ptr05,0.191193571
Ptr05,0.111106842
Ptr05,0.101593862
Ptr05,0.162246812
Ptr05,0.046997253
Ptr05,0.057789914
Ptr05,0.135512446
Ptr05,0.139142759
Ptr05,0.060010039
Ptr05,0.133691734
Ptr05,0.10836378
Ptr05,0.121691391
Ptr05,0.140913255
Ptr05,0.083050047
Ptr05,0.108433955
Ptr05,0.096391462
Ptr05,0.101943494
Ptr05,0.181105393
Ptr05,0.108636622
Ptr05,0.136964262
Ptr05,0.10733165
Ptr05,0.122675122
Ptr05,0.097488838
Ptr05,0.110488981
Ptr05,0.119804038
Ptr05,0.077980616
Ptr05,0.112214113
Ptr05,0.090436283
Ptr05,0.068048725
Ptr05,0.154096314
Ptr05,0.108941028
Ptr05,0.152964043
Ptr05,0.123980765
Ptr05,0.092145462
Ptr05,0.142540802
Ptr05,0.131751019
Ptr05,0.095226177
Ptr05,0.095053404
Ptr05,0.121030884
Ptr05,0.132408675
Ptr05,0.156419033
Ptr05,0.103834197
Ptr05,0.093591575
Ptr05,0.128173588
Ptr05,0.111590821
Ptr05,0.106631449
Ptr05,0.084899009
Ptr05,0.09689082
Ptr05,0.115025935
Ptr05,0.104214386
Ptr05,0.129634242
Ptr05,0.117635969
Ptr05,0.065869014
Ptr05,0.117044889
Ptr05,0.087034969
Ptr05,0.140967265
Ptr05,0.096186223
Ptr05,0.141415138
Ptr05,0.07892649
Ptr05,0.127644396
Ptr05,0.129095053
Ptr05,0.112926801
Ptr05,0.118772135
Ptr05,0.119059594
Ptr05,0.215350327
Ptr05,0.153514897
Ptr05,0.101975996
Ptr05,0.124336463
Ptr05,0.119237586
Ptr05,0.166709694
Ptr05,0.124465121
Ptr05,0.114550554
Ptr05,0.116361349
Ptr05,0.078433743
Ptr05,0.103949947
Ptr05,0.092796527
Ptr05,0.13021836
Ptr05,0.088534094
Ptr05,0.119381371
Ptr05,0.128562167
Ptr05,0.089292619
Ptr05,0.128171549
Ptr05,0.104004458
Ptr05,0.141993254
Ptr05,0.099922184
Ptr05,0.091324042
Ptr05,0.1320473
Ptr05,0.144471696
Ptr05,0.118846635
Ptr05,0.117939564
Ptr05,0.084636764
Ptr05,0.146241806
Ptr05,0.096830111
Ptr05,0.087863387
Ptr05,0.116303805
Ptr05,0.131793342
Ptr05,0.075586574
Ptr05,0.13426842
Ptr05,0.142601133
Ptr05,0.088771197
Ptr05,0.146544424
Ptr05,0.129825077
Ptr05,0.131743368
Ptr05,0.121538644
Ptr05,0.091205212
Ptr05,0.127130226
Ptr05,0.12810436
Ptr05,0.123116169
Ptr05,0.076312883
Ptr05,0.167004551
Ptr05,0.115094234
Ptr05,0.105122137
Ptr05,0.11497235
Ptr05,0.124381257
Ptr05,0.141205464
Ptr05,0.131708454
Ptr05,0.116044967
Ptr05,0.117607872
Ptr05,0.08771003
Ptr05,0.078556803
Ptr05,0.10738102
Ptr05,0.083241769
Ptr05,0.097730068
Ptr05,0.066526905
Ptr05,0.084579748
Ptr05,0.08623792
Ptr05,0.115119877
Ptr05,0.113250628
Ptr05,0.060001866
Ptr05,0.065693614
Ptr05,0.101194787
Ptr05,0.142931368
Ptr05,0.107702755
Ptr05,0.103681697
Ptr05,0.086383061
Ptr05,0.122305522
Ptr05,0.1331272
Ptr05,0.115613045
Ptr05,0.066528624
Ptr05,0.101197759
Ptr05,0.10164897
Ptr05,0.088068564
Ptr05,0.099493561
Ptr05,0.134301818
Ptr05,0.067985301
Ptr05,0.132126762
Ptr05,0.14369465
Ptr05,0.133055166
Ptr05,0.093043038
Ptr05,0.090159029
Ptr05,0.109932303
Ptr05,0.111838842
Ptr05,0.101680764
Ptr05,0.122401967
Ptr05,0.139884616
Ptr05,0.059725808
Ptr05,0.147578122
Ptr05,0.123966099
Ptr05,0.085361158
Ptr05,0.073667826
Ptr05,0.117726856
Ptr05,0.101108864
Ptr05,0.151809683
Ptr05,0.097039066
Ptr05,0.112327939
Ptr05,0.080682148
Ptr05,0.138935997
Ptr05,0.128364751
Ptr05,0.11801605
Ptr05,0.072744804
Ptr05,0.109430408
Ptr05,0.148679744
Ptr05,0.14132686
Ptr05,0.105767504
Ptr05,0.088838901
Ptr05,0.08139542
Ptr05,0.14160995
Ptr05,0.159095985
Ptr05,0.092656804
Ptr05,0.093023042
Ptr05,0.103965424
Ptr05,0.141458802
Ptr05,0.10798259
Ptr05,0.096240608
Ptr05,0.084350998
Ptr05,0.13458764
Ptr05,0.068599622
Ptr05,0.155099688
Ptr05,0.170557493
Ptr05,0.151214083
Ptr05,0.079125513
Ptr05,0.105265431
Ptr05,0.104233392
Ptr05,0.060376523
Ptr05,0.086668041
Ptr05,0.092969663
Ptr05,0.112538633
Ptr05,0.125464661
Ptr05,0.111563906
Ptr05,0.073445095
Ptr05,0.144227025
Ptr05,0.147378543
Ptr05,0.086931825
Ptr05,0.12318592
Ptr05,0.106815951
Ptr05,0.064886718
Ptr05,0.096980613
Ptr05,0.145909991
Ptr05,0.098785096
Ptr05,0.12428752
Ptr05,0.143971955
Ptr05,0.090322283
Ptr05,0.114818765
Ptr05,0.107023632
Ptr05,0.097235675
Ptr05,0.098352723
Ptr05,0.090254641
Ptr05,0.14503
Ptr05,0.124306683
Ptr05,0.099108192
Ptr05,0.113198791
Ptr05,0.123498242
Ptr05,0.060066293
Ptr05,0.126851507
Ptr05,0.128046834
Ptr05,0.129722085
Ptr05,0.080856029
Ptr05,0.108722299
Ptr05,0.134678361
Ptr05,0.127274371
Ptr05,0.117220973
Ptr05,0.123635836
Ptr05,0.102880431
Ptr05,0.105077003
Ptr05,0.140783897
Ptr05,0.084789701
Ptr05,0.109053035
Ptr05,0.134655187
Ptr05,0.155999004
Ptr05,0.082771613
Ptr05,0.107357221
Ptr05,0.070754182
Ptr05,0.110845538
Ptr05,0.122979217
Ptr05,0.081261495
Ptr05,0.086898243
Ptr05,0.089072023
Ptr05,0.113337463
Ptr05,0.117030851
Ptr05,0.082290873
Ptr05,0.107150108
Ptr05,0.135147965
Ptr05,0.093224881
Ptr05,0.123647394
Ptr05,0.130660639
Ptr05,0.135904928
Ptr05,0.103423235
Ptr05,0.106594757
Ptr05,0.115301086
Ptr05,0.123010936
Ptr05,0.142230185
Ptr05,0.106266913
Ptr05,0.127755662
Ptr05,0.108111842
Ptr05,0.103987986
Ptr05,0.101381202
Ptr05,0.120010981
Ptr05,0.140143619
Ptr05,0.094826155
Ptr05,0.068013843
Ptr05,0.159324452
Ptr05,0.118648874
Ptr05,0.106026503
Ptr05,0.123172184
Ptr05,0.096802791
Ptr05,0.077197486
Ptr05,0.117894789
Ptr05,0.096603075
Ptr05,0.101386394
Ptr05,0.100898959
Ptr05,0.1179023
Ptr05,0.105795299
Ptr05,0.118437416
Ptr05,0.095373536
Ptr05,0.077166253
Ptr05,0.123917864
Ptr05,0.139704613
Ptr05,0.098311897
Ptr05,0.119129637
Ptr05,0.132114765
Ptr05,0.111716355
Ptr05,0.104197844
Ptr05,0.108867539
Ptr05,0.184632156
Ptr05,0.111277998
Ptr05,0.145951312
Ptr05,0.126266594
Ptr05,0.097712016
Ptr05,0.119571503
Ptr05,0.136555791
Ptr05,0.101622129
Ptr05,0.094442374
Ptr05,0.090891092
Ptr05,0.11300851
Ptr05,0.097079084
Ptr05,0.123409478
Ptr05,0.115367274
Ptr05,0.099382763
Ptr05,0.082096005
Ptr05,0.142895754
Ptr05,0.11041775
Ptr05,0.140039209
Ptr05,0.127382303
Ptr05,0.203671032
Ptr05,0.130547902
Ptr05,0.113902199
Ptr05,0.15898531
Ptr05,0.131734716
Ptr05,0.072605125
Ptr05,0.14719378
Ptr05,0.081612292
Ptr05,0.15368308
Ptr05,0.097663267
Ptr05,0.119574204
Ptr05,0.072527475
Ptr05,0.09131486
Ptr05,0.077455484
Ptr05,0.088656222
Ptr05,0.121478293
Ptr05,0.068643268
Ptr05,0.08807576
Ptr05,0.142324446
Ptr05,0.075536022
Ptr05,0.138255859
Ptr05,0.114345077
Ptr05,0.137981549
Ptr05,0.099339715
Ptr05,0.061964862
Ptr05,0.112556773
Ptr05,0.135633657
Ptr05,0.164911683
Ptr05,0.101985832
Ptr05,0.243486718
Ptr05,0.131385114
Ptr05,0.075660015
Ptr05,0.104205241
Ptr05,0.107784311
Ptr05,0.118398338
Ptr05,0.089425768
Ptr05,0.077708108
Ptr05,0.105008955
Ptr05,0.12250136
Ptr05,0.16300994
Ptr05,0.093204954
Ptr05,0.110397139
Ptr05,0.111068837
Ptr05,0.113390643
Ptr05,0.052190112
Ptr05,0.116697956
Ptr05,0.117635363
Ptr05,0.103452394
Ptr05,0.090143958
Ptr05,0.065457657
Ptr05,0.115971905
Ptr05,0.103187633
Ptr05,0.112538303
Ptr05,0.126239873
Ptr05,0.110073388
Ptr05,0.091498554
Ptr05,0.096421929
Ptr05,0.178519779
Ptr05,0.077926162
Ptr05,0.117573928
Ptr05,0.113147842
Ptr05,0.136856791
Ptr05,0.125171118
Ptr05,0.1111001
Ptr06,0.081755137
Ptr06,0.083987432
Ptr06,0.097410642
Ptr06,0.097016975
Ptr06,0.086017452
Ptr06,0.081541476
Ptr06,0.076913317
Ptr06,0.099664208
Ptr06,0.107416278
Ptr06,0.105319122
Ptr06,0.078123588
Ptr06,0.094668295
Ptr06,0.072847859
Ptr06,0.075367305
Ptr06,0.086482193
Ptr06,0.1036674
Ptr06,0.071702391
Ptr06,0.078319662
Ptr06,0.136713584
Ptr06,0.101917054
Ptr06,0.088425929
Ptr06,0.100673916
Ptr06,0.093199997
Ptr06,0.11158714
Ptr06,0.106139375
Ptr06,0.081534968
Ptr06,0.139794914
Ptr06,0.134569239
Ptr06,0.094326672
Ptr06,0.085311983
Ptr06,0.099733595
Ptr06,0.080172613
Ptr06,0.097722568
Ptr06,0.075050148
Ptr06,0.086432407
Ptr06,0.080178061
Ptr06,0.074777466
Ptr06,0.104558112
Ptr06,0.107346253
Ptr06,0.044597731
Ptr06,0.09726715
Ptr06,0.097991796
Ptr06,0.108852032
Ptr06,0.069956025
Ptr06,0.078714991
Ptr06,0.104950255
Ptr06,0.099753407
Ptr06,0.11604232
Ptr06,0.072142538
Ptr06,0.107643219
Ptr06,0.125401702
Ptr06,0.106740933
Ptr06,0.091988229
Ptr06,0.129821931
Ptr06,0.076875566
Ptr06,0.079259226
Ptr06,0.104914226
Ptr06,0.117461551
Ptr06,0.084717018
Ptr06,0.072475743
Ptr06,0.062285411
Ptr06,0.058667982
Ptr06,0.072501254
Ptr06,0.104815603
Ptr06,0.096747584
Ptr06,0.106904773
Ptr06,0.086791277
Ptr06,0.118807227
Ptr06,0.103007239
Ptr06,0.062803141
Ptr06,0.110248689
Ptr06,0.083351459
Ptr06,0.063285419
Ptr06,0.118003409
Ptr06,0.094085183
Ptr06,0.119616672
Ptr06,0.107551854
Ptr06,0.094404365
Ptr06,0.081509608
Ptr06,0.075183027
Ptr06,0.057741894
Ptr06,0.145817185
Ptr06,0.12163938
Ptr06,0.082972264
Ptr06,0.074052358
Ptr06,0.097628581
Ptr06,0.129997359
Ptr06,0.12057649
Ptr06,0.130168663
Ptr06,0.068498654
Ptr06,0.091400831
Ptr06,0.119777433
Ptr06,0.112748691
Ptr06,0.078880104
Ptr06,0.08917526
Ptr06,0.087389739
Ptr06,0.081045571
Ptr06,0.094105947
Ptr06,0.049758836
Ptr06,0.084217245
Ptr06,0.093012506
Ptr06,0.099889672
Ptr06,0.124640098
Ptr06,0.124615075
Ptr06,0.100324316
Ptr06,0.07736985
Ptr06,0.078370362
Ptr06,0.099863447
Ptr06,0.077519678
Ptr06,0.104637531
Ptr06,0.108420756
Ptr06,0.098451799
Ptr06,0.125859494
Ptr06,0.099777289
Ptr06,0.084717166
Ptr06,0.113838556
Ptr06,0.175793
Ptr06,0.090182808
Ptr06,0.085420127
Ptr06,0.077524158
Ptr06,0.131291974
Ptr06,0.106684308
Ptr06,0.07312612
Ptr06,0.072075397
Ptr06,0.085488453
Ptr06,0.076476565
Ptr06,0.092700733
Ptr06,0.106678605
Ptr06,0.084942615
Ptr06,0.102080094
Ptr06,0.089446637
Ptr06,0.104267665
Ptr06,0.092912987
Ptr06,0.065138907
Ptr06,0.095837386
Ptr06,0.080843514
Ptr06,0.109272768
Ptr06,0.099181103
Ptr06,0.064274857
Ptr06,0.111370074
Ptr06,0.103867807
Ptr06,0.105518142
Ptr06,0.086531006
Ptr06,0.06320367
Ptr06,0.091382377
Ptr06,0.080499816
Ptr06,0.092474897
Ptr06,0.119493963
Ptr06,0.103712213
Ptr06,0.071871606
Ptr06,0.102984839
Ptr06,0.131389474
Ptr06,0.102454819
Ptr06,0.087712481
Ptr06,0.106773441
Ptr06,0.093419502
Ptr06,0.082884438
Ptr06,0.102530362
Ptr06,0.093832126
Ptr06,0.075733993
Ptr06,0.094362708
Ptr06,0.095197749
Ptr06,0.076974993
Ptr06,0.086200102
Ptr06,0.103646789
Ptr06,0.130725194
Ptr06,0.080621775
Ptr06,0.105865995
Ptr06,0.069949167
Ptr06,0.114904957
Ptr06,0.090248043
Ptr06,0.078317059
Ptr06,0.123829669
Ptr06,0.08145453
Ptr06,0.094953801
Ptr06,0.079678615
Ptr06,0.096596855
Ptr06,0.137905398
Ptr06,0.103366852
Ptr06,0.113386113
Ptr06,0.092707736
Ptr06,0.129986433
Ptr06,0.089122734
Ptr06,0.118591182
Ptr06,0.098459652
Ptr06,0.097111043
Ptr06,0.08923206
Ptr06,0.096214705
Ptr06,0.107228235
Ptr06,0.073002112
Ptr06,0.09790845
Ptr06,0.074944151
Ptr06,0.100374412
Ptr06,0.097116458
Ptr06,0.110963437
Ptr06,0.092083916
Ptr06,0.101714374
Ptr06,0.116831776
Ptr06,0.108213309
Ptr06,0.09554245
Ptr06,0.070711063
Ptr06,0.094024173
Ptr06,0.14137552
Ptr06,0.093658483
Ptr06,0.093697462
Ptr06,0.086928693
Ptr06,0.101618314
Ptr06,0.112812989
Ptr06,0.079707503
Ptr06,0.114555532
Ptr06,0.117516992
Ptr06,0.084028162
Ptr06,0.078752524
Ptr06,0.095387549
Ptr06,0.05869517
Ptr06,0.098904726
Ptr06,0.112879581
Ptr06,0.1063884
Ptr06,0.078293194
Ptr06,0.12817183
Ptr06,0.086258552
Ptr06,0.057428418
Ptr06,0.085783239
Ptr06,0.075145692
Ptr06,0.073855111
Ptr06,0.084870027
Ptr06,0.072320102
Ptr06,0.086297354
Ptr06,0.097582976
Ptr06,0.088450042
Ptr06,0.101123169
Ptr06,0.130807693
Ptr06,0.096381317
Ptr06,0.11796831
Ptr06,0.083033948
Ptr06,0.117164365
Ptr06,0.109127592
Ptr06,0.123655444
Ptr06,0.093334836
Ptr06,0.090706192
Ptr06,0.107983652
Ptr06,0.092726671
Ptr06,0.100456152
Ptr06,0.09860892
Ptr06,0.11843639
Ptr06,0.09842211
Ptr06,0.105901398
Ptr06,0.103702087
Ptr06,0.110559111
Ptr06,0.097772044
Ptr06,0.080259744
Ptr06,0.095346152
Ptr06,0.128843852
Ptr06,0.035133543
Ptr06,0.064926578
Ptr06,0.094447238
Ptr06,0.109363265
Ptr06,0.065823629
Ptr06,0.098735613
Ptr06,0.084539551
Ptr06,0.093096601
Ptr06,0.126453891
Ptr06,0.103925052
Ptr06,0.076810918
Ptr06,0.06065913
Ptr06,0.08703865
Ptr06,0.079348228
Ptr06,0.108223932
Ptr06,0.100449736
Ptr06,0.08131955
Ptr06,0.116683048
Ptr06,0.094877174
Ptr06,0.074285879
Ptr06,0.093347957
Ptr06,0.107699247
Ptr06,0.124498844
Ptr06,0.104783358
Ptr06,0.139239879
Ptr06,0.09215335
Ptr06,0.097199721
Ptr06,0.085133626
Ptr06,0.106308975
Ptr06,0.110201885
Ptr06,0.107619858
Ptr06,0.090892407
Ptr06,0.129519507
Ptr06,0.103383809
Ptr06,0.138074812
Ptr06,0.073660459
Ptr06,0.099198115
Ptr06,0.076796461
Ptr06,0.116095498
Ptr06,0.066597022
Ptr06,0.120354219
Ptr06,0.057683104
Ptr06,0.12120619
Ptr06,0.086830298
Ptr06,0.084149523
Ptr06,0.082451193
Ptr06,0.081049064
Ptr06,0.114536839
Ptr06,0.075872366
Ptr06,0.079768269
Ptr06,0.101467686
Ptr06,0.100486466
Ptr06,0.097444876
Ptr06,0.086550062
Ptr06,0.095382301
Ptr06,0.088967357
Ptr06,0.086299141
Ptr06,0.121080009
Ptr06,0.113439082
Ptr06,0.122820356
Ptr06,0.085895245
Ptr06,0.087121052
Ptr06,0.087101798
Ptr06,0.076963049
Ptr06,0.069862823
Ptr06,0.135214502
Ptr06,0.106931764
Ptr06,0.054556072
Ptr06,0.106659224
Ptr06,0.122778957
Ptr06,0.092984935
Ptr06,0.095156891
Ptr06,0.071582415
Ptr06,0.08364292
Ptr06,0.081726306
Ptr06,0.101256027
Ptr06,0.112254804
Ptr06,0.114771425
Ptr06,0.102139733
Ptr06,0.054988397
Ptr06,0.093710975
Ptr06,0.100487058
Ptr06,0.095088592
Ptr06,0.136964423
Ptr06,0.098274909
Ptr06,0.080902314
Ptr06,0.074350042
Ptr06,0.07162284
Ptr06,0.079388822
Ptr06,0.066620343
Ptr06,0.088360985
Ptr06,0.073934412
Ptr06,0.06916921
Ptr06,0.097956769
Ptr06,0.107260684
Ptr06,0.058495395
Ptr06,0.070695365
Ptr06,0.0952358
Ptr06,0.083519469
Ptr06,0.116239193
Ptr06,0.097943838
Ptr06,0.103312284
Ptr06,0.076241426
Ptr06,0.144294122
Ptr06,0.095572634
Ptr06,0.117507341
Ptr06,0.071426331
Ptr06,0.090271169
Ptr06,0.094977762
Ptr06,0.0914867
Ptr06,0.112715621
Ptr06,0.080447179
Ptr06,0.082742757
Ptr06,0.093110961
Ptr06,0.067114905
Ptr06,0.103214521
Ptr06,0.098619129
Ptr06,0.084799104
Ptr06,0.081375532
Ptr06,0.143769687
Ptr06,0.094073349
Ptr06,0.102094651
Ptr06,0.113725587
Ptr06,0.10872784
Ptr06,0.122595848
Ptr06,0.076826096
Ptr06,0.108907638
Ptr06,0.068133011
Ptr06,0.094726682
Ptr06,0.072209784
Ptr06,0.115682827
Ptr06,0.117924849
Ptr06,0.094856808
Ptr06,0.093847393
Ptr06,0.09530445
Ptr06,0.105917997
Ptr06,0.097531234
Ptr06,0.066705927
Ptr06,0.08022169
Ptr06,0.11327918
Ptr06,0.087054178
Ptr06,0.084794399
Ptr06,0.083082548
Ptr06,0.089786337
Ptr06,0.088649033
Ptr06,0.077761011
Ptr06,0.069398294
Ptr06,0.083372233
Ptr06,0.090687432
Ptr06,0.097920321
Ptr06,0.126285488
Ptr06,0.078154459
Ptr06,0.112334976
Ptr06,0.109428961
Ptr06,0.098695409
Ptr06,0.108120654
Ptr06,0.071859071
Ptr06,0.08484818
Ptr06,0.121500327
Ptr06,0.083451428
Ptr06,0.101795327
Ptr06,0.058701707
Ptr06,0.084114823
Ptr06,0.127713415
Ptr06,0.111394104
Ptr06,0.103921714
Ptr06,0.107732213
Ptr06,0.079717136
Ptr06,0.082216083
Ptr06,0.097970847
Ptr06,0.095445131
Ptr06,0.107256566
Ptr06,0.161285052
Ptr06,0.095213374
Ptr06,0.098380801
Ptr06,0.08143135
Ptr06,0.099109626
Ptr06,0.082138853
Ptr06,0.096252161
Ptr06,0.126711437
Ptr06,0.098573273
Ptr06,0.113551208
Ptr06,0.108294173
Ptr06,0.085152331
Ptr06,0.114854909
Ptr06,0.130117227
Ptr06,0.108324543
Ptr06,0.103006708
Ptr06,0.083641093
Ptr06,0.089225394
Ptr06,0.100732497
Ptr06,0.083106834
Ptr06,0.050794026
Ptr07,0.13634531
Ptr07,0.168903718
Ptr07,0.192032745
Ptr07,0.179091543
Ptr07,0.19934335
Ptr07,0.140525109
Ptr07,0.249438122
Ptr07,0.207787751
Ptr07,0.213850185
Ptr07,0.24101962
Ptr07,0.174290337
Ptr07,0.153953775
Ptr07,0.186590466
Ptr07,0.220697608
Ptr07,0.22755605
Ptr07,0.179955107
Ptr07,0.108885314
Ptr07,0.225418849
Ptr07,0.200542917
Ptr07,0.139357688
Ptr07,0.257544916
Ptr07,0.256249376
Ptr07,0.162411092
Ptr07,0.18042583
Ptr07,0.195722307
Ptr07,0.115096721
Ptr07,0.178148509
Ptr07,0.181788237
Ptr07,0.089007564
Ptr07,0.136626283
Ptr07,0.223579781
Ptr07,0.163922107
Ptr07,0.171221805
Ptr07,0.269373073
Ptr07,0.217204398
Ptr07,0.135396119
Ptr07,0.112108719
Ptr07,0.258929958
Ptr07,0.190495706
Ptr07,0.133257415
Ptr07,0.161309058
Ptr07,0.23115508
Ptr07,0.114701529
Ptr07,0.176952282
Ptr07,0.171189378
Ptr07,0.217232903
Ptr07,0.171713415
Ptr07,0.208298497
Ptr07,0.176357514
Ptr07,0.197803566
Ptr07,0.180111425
Ptr07,0.150651081
Ptr07,0.212604031
Ptr07,0.11608884
Ptr07,0.205879398
Ptr07,0.226245102
Ptr07,0.188050214
Ptr07,0.219474927
Ptr07,0.213275584
Ptr07,0.217499929
Ptr07,0.223409037
Ptr07,0.171373298
Ptr07,0.187061926
Ptr07,0.245985593
Ptr07,0.226472677
Ptr07,0.249868371
Ptr07,0.138533411
Ptr07,0.154741824
Ptr07,0.215732616
Ptr07,0.241724954
Ptr07,0.169378223
Ptr07,0.199598749
Ptr07,0.145279544
Ptr07,0.181799315
Ptr07,0.250049654
Ptr07,0.20307808
Ptr07,0.212791659
Ptr07,0.173461545
Ptr07,0.256763452
Ptr07,0.098567263
Ptr07,0.259400354
Ptr07,0.16841224
Ptr07,0.154919383
Ptr07,0.123190161
Ptr07,0.143619494
Ptr07,0.26858174
Ptr07,0.272198314
Ptr07,0.131851281
Ptr07,0.199267567
Ptr07,0.140126084
Ptr07,0.085024053
Ptr07,0.267875613
Ptr07,0.180798553
Ptr07,0.09887184
Ptr07,0.145325487
Ptr07,0.190705108
Ptr07,0.125512679
Ptr07,0.157875158
Ptr07,0.177358836
Ptr07,0.185204228
Ptr07,0.241368389
Ptr07,0.180398907
Ptr07,0.254213442
Ptr07,0.199580781
Ptr07,0.124395443
Ptr07,0.183197445
Ptr07,0.197228817
Ptr07,0.301827999
Ptr07,0.09806422
Ptr07,0.29756779
Ptr07,0.223419785
Ptr07,0.182171438
Ptr07,0.185955855
Ptr07,0.165540455
Ptr07,0.189804433
Ptr07,0.165826955
Ptr07,0.210321568
Ptr07,0.27196636
Ptr07,0.198912935
Ptr07,0.243528355
Ptr07,0.151250815
Ptr07,0.157326168
Ptr07,0.178682413
Ptr07,0.175607986
Ptr07,0.175801999
Ptr07,0.152649643
Ptr07,0.176170968
Ptr07,0.16142928
Ptr07,0.231005044
Ptr07,0.163742152
Ptr07,0.257979747
Ptr07,0.217690345
Ptr07,0.123330667
Ptr07,0.150884544
Ptr07,0.130527271
Ptr07,0.20561153
Ptr07,0.205632221
Ptr07,0.187906251
Ptr07,0.122088205
Ptr07,0.188766178
Ptr07,0.114458607
Ptr07,0.175158305
Ptr07,0.20657333
Ptr07,0.174103032
Ptr07,0.186545345
Ptr07,0.197456411
Ptr07,0.163320735
Ptr07,0.262367915
Ptr07,0.236908485
Ptr07,0.227724726
Ptr07,0.237176211
Ptr07,0.121083346
Ptr07,0.174977334
Ptr07,0.143346984
Ptr07,0.192799188
Ptr07,0.210763211
Ptr07,0.244099145
Ptr07,0.241109242
Ptr07,0.187228631
Ptr07,0.148721943
Ptr07,0.149836221
Ptr07,0.24608894
Ptr07,0.246564944
Ptr07,0.197554059
Ptr07,0.131683443
Ptr07,0.188788592
Ptr07,0.174282149
Ptr07,0.190433572
Ptr07,0.198695717
Ptr07,0.217992812
Ptr07,0.171268758
Ptr07,0.184622584
Ptr07,0.168590666
Ptr07,0.242811948
Ptr07,0.146234572
Ptr07,0.215932194
Ptr07,0.267104049
Ptr07,0.181682413
Ptr07,0.246098807
Ptr07,0.220674456
Ptr07,0.15512602
Ptr07,0.150909325
Ptr07,0.159543528
Ptr07,0.144181757
Ptr07,0.223800197
Ptr07,0.170921104
Ptr07,0.195962011
Ptr07,0.170639226
Ptr07,0.157901408
Ptr07,0.14610009
Ptr07,0.243082946
Ptr07,0.225606084
Ptr07,0.186951821
Ptr07,0.109806555
Ptr07,0.188110109
Ptr07,0.247563084
Ptr07,0.251607326
Ptr07,0.21058256
Ptr07,0.245193779
Ptr07,0.216439729
Ptr07,0.200190635
Ptr07,0.205166366
Ptr07,0.254061783
Ptr07,0.103948969
Ptr07,0.186124846
Ptr07,0.120294583
Ptr07,0.176277551
Ptr07,0.171092752
Ptr07,0.196185283
Ptr07,0.207567133
Ptr07,0.225830235
Ptr07,0.196291779
Ptr07,0.178200193
Ptr07,0.165677486
Ptr07,0.210503583
Ptr07,0.163166471
Ptr07,0.336138677
Ptr07,0.210221819
Ptr07,0.128570271
Ptr07,0.154058627
Ptr07,0.190714632
Ptr07,0.144224426
Ptr07,0.166259787
Ptr07,0.267932469
Ptr07,0.166204979
Ptr07,0.194718203
Ptr07,0.166626334
Ptr07,0.259876922
Ptr07,0.175793057
Ptr07,0.190692812
Ptr07,0.195547376
Ptr07,0.16273174
Ptr07,0.182593002
Ptr07,0.160732777
Ptr07,0.183717149
Ptr07,0.166813369
Ptr07,0.181120501
Ptr07,0.205259955
Ptr07,0.240650654
Ptr07,0.161393161
Ptr07,0.242580453
Ptr07,0.169222206
Ptr07,0.129935809
Ptr07,0.222420942
Ptr07,0.190529546
Ptr07,0.230591922
Ptr07,0.163461383
Ptr07,0.23440304
Ptr07,0.250896387
Ptr07,0.184374333
Ptr07,0.175350918
Ptr07,0.271639885
Ptr07,0.133422096
Ptr07,0.193797759
Ptr07,0.203477817
Ptr07,0.184981021
Ptr07,0.187087998
Ptr07,0.129909383
Ptr07,0.256528455
Ptr07,0.245469247
Ptr07,0.231777705
Ptr07,0.249393521
Ptr07,0.15860685
Ptr07,0.099192247
Ptr07,0.153287316
Ptr07,0.194011028
Ptr07,0.245077593
Ptr07,0.160564818
Ptr07,0.104648375
Ptr07,0.227453547
Ptr07,0.146987614
Ptr07,0.212115807
Ptr07,0.211229152
Ptr07,0.163680794
Ptr07,0.188218201
Ptr07,0.186285715
Ptr07,0.241881684
Ptr07,0.24654573
Ptr07,0.238099219
Ptr07,0.136274075
Ptr07,0.163299234
Ptr07,0.172769607
Ptr07,0.11881711
Ptr07,0.180659658
Ptr07,0.18792496
Ptr07,0.212410089
Ptr07,0.254558352
Ptr07,0.132510528
Ptr07,0.228667503
Ptr07,0.191680381
Ptr07,0.09410948
Ptr07,0.124234227
Ptr07,0.214363215
Ptr07,0.197882335
Ptr07,0.143147081
Ptr07,0.230784125
Ptr07,0.171588637
Ptr07,0.1684617
Ptr07,0.182530103
Ptr07,0.180239137
Ptr07,0.284769577
Ptr07,0.17513456
Ptr07,0.199129023
Ptr07,0.211183039
Ptr07,0.208816396
Ptr07,0.24971529
Ptr07,0.186393302
Ptr07,0.180691361
Ptr07,0.181593089
Ptr07,0.14351637
Ptr07,0.128586949
Ptr07,0.167270408
Ptr07,0.171611002
Ptr07,0.220855426
Ptr07,0.181889387
Ptr07,0.239224717
Ptr07,0.160256529
Ptr07,0.164440746
Ptr07,0.171637504
Ptr07,0.236171462
Ptr07,0.238378665
Ptr07,0.174731917
Ptr07,0.118319794
Ptr07,0.263734161
Ptr07,0.257701703
Ptr07,0.192041995
Ptr07,0.246493482
Ptr07,0.153627905
Ptr07,0.269421047
Ptr07,0.197142163
Ptr07,0.150591121
Ptr07,0.16930616
Ptr07,0.135380533
Ptr07,0.203586254
Ptr07,0.139605358
Ptr07,0.188718409
Ptr07,0.132994364
Ptr07,0.20399979
Ptr07,0.22573164
Ptr07,0.128104448
Ptr07,0.229153905
Ptr07,0.298610899
Ptr07,0.144768238
Ptr07,0.194450139
Ptr07,0.231476631
Ptr07,0.155097474
Ptr07,0.143729014
Ptr07,0.185978793
Ptr07,0.287902492
Ptr07,0.137647632
Ptr07,0.139205238
Ptr07,0.168671141
Ptr07,0.254241093
Ptr07,0.141866011
Ptr07,0.198862602
Ptr07,0.182043693
Ptr07,0.189428214
Ptr07,0.189359607
Ptr07,0.197167953
Ptr07,0.08330329
Ptr07,0.218922236
Ptr07,0.169245919
Ptr07,0.13837118
Ptr07,0.14998704
Ptr07,0.200150595
Ptr07,0.177178141
Ptr07,0.181552343
Ptr07,0.23451173
Ptr07,0.128949275
Ptr07,0.161288556
Ptr07,0.162565788
Ptr07,0.148743908
Ptr07,0.181343635
Ptr07,0.248726774
Ptr07,0.102636723
Ptr07,0.172627615
Ptr07,0.21248112
Ptr07,0.242777428
Ptr07,0.207847003
Ptr07,0.129169157
Ptr07,0.247867329
Ptr07,0.178103928
Ptr07,0.197671594
Ptr07,0.173669342
Ptr07,0.135770252
Ptr07,0.158599342
Ptr07,0.254230563
Ptr07,0.223292132
Ptr07,0.192795362
Ptr07,0.281724856
Ptr07,0.14649458
Ptr07,0.205720298
Ptr07,0.147398379
Ptr07,0.134061547
Ptr07,0.153248572
Ptr07,0.206011969
Ptr07,0.139702076
Ptr07,0.209122994
Ptr07,0.132765657
Ptr07,0.212603368
Ptr07,0.188712459
Ptr07,0.17198755
Ptr07,0.196109893
Ptr07,0.181697485
Ptr07,0.251997922
Ptr07,0.145544249
Ptr07,0.222953635
Ptr07,0.1788727
Ptr07,0.258127775
Ptr07,0.270321599
Ptr07,0.135956742
Ptr07,0.109503206
Ptr07,0.097227026
Ptr07,0.189938692
Ptr07,0.132444621
Ptr07,0.126688531
Ptr07,0.140306424
Ptr07,0.132687169
Ptr07,0.188294038
Ptr07,0.192751052
Ptr07,0.176482429
Ptr07,0.1222915
Ptr07,0.210717995
Ptr07,0.125847443
Ptr07,0.123504149
Ptr07,0.175574741
Ptr07,0.19729838
Ptr07,0.19693483
Ptr07,0.120509233
Ptr07,0.202115182
Ptr07,0.14597594
Ptr07,0.136737121
Ptr07,0.131254255
Ptr08,0.131971986
Ptr08,0.163142407
Ptr08,0.091013065
Ptr08,0.182690554
Ptr08,0.173273904
Ptr08,0.075946645
Ptr08,0.114781462
Ptr08,0.184080866
Ptr08,0.111051586
Ptr08,0.091085051
Ptr08,0.191268914
Ptr08,0.181682307
Ptr08,0.066372107
Ptr08,0.167206056
Ptr08,0.119571859
Ptr08,0.194706223
Ptr08,0.208248287
Ptr08,0.081642877
Ptr08,0.184012562
Ptr08,0.21633277
Ptr08,0.251952298
Ptr08,0.080645099
Ptr08,0.091313377
Ptr08,0.118995725
Ptr08,0.199995195
Ptr08,0.105892996
Ptr08,0.042053042
Ptr08,0.087222447
Ptr08,0.110225846
Ptr08,0.178333394
Ptr08,0.122703696
Ptr08,0.063051647
Ptr08,0.199012246
Ptr08,0.193233928
Ptr08,0.253198993
Ptr08,0.1679642
Ptr08,0.214118213
Ptr08,0.17587085
Ptr08,0.106985013
Ptr08,0.134745107
Ptr08,0.234915391
Ptr08,0.228636187
Ptr08,0.175933737
Ptr08,0.155630407
Ptr08,0.222137293
Ptr08,0.266824054
Ptr08,0.16955117
Ptr08,0.082090139
Ptr08,0.188760834
Ptr08,0.083798433
Ptr08,0.095505576
Ptr08,0.108374318
Ptr08,0.11340452
Ptr08,0.107512809
Ptr08,0.161430436
Ptr08,0.260934383
Ptr08,0.148740038
Ptr08,0.078936633
Ptr08,0.106887453
Ptr08,0.109792775
Ptr08,0.259174649
Ptr08,0.217545048
Ptr08,0.281406444
Ptr08,0.161577326
Ptr08,0.282864513
Ptr08,0.055081925
Ptr08,0.13251174
Ptr08,0.184199064
Ptr08,0.186919156
Ptr08,0.182733875
Ptr08,0.186120172
Ptr08,0.110825108
Ptr08,0.23417442
Ptr08,0.110241816
Ptr08,0.119886002
Ptr08,0.121948557
Ptr08,0.116131448
Ptr08,0.194106254
Ptr08,0.135331987
Ptr08,0.215856496
Ptr08,0.144941036
Ptr08,0.1002523
Ptr08,0.222797684
Ptr08,0.087063754
Ptr08,0.090655532
Ptr08,0.139174014
Ptr08,0.179057815
Ptr08,0.164112373
Ptr08,0.08966744
Ptr08,0.139638222
Ptr08,0.142104144
Ptr08,0.149065739
Ptr08,0.196212576
Ptr08,0.109257195
Ptr08,0.224977809
Ptr08,0.143600593
Ptr08,0.174058206
Ptr08,0.123903057
Ptr08,0.133678346
Ptr08,0.113344336
Ptr08,0.218743967
Ptr08,0.153283801
Ptr08,0.101221589
Ptr08,0.113625254
Ptr08,0.322851121
Ptr08,0.13062708
Ptr08,0.148154272
Ptr08,0.205856438
Ptr08,0.089114009
Ptr08,0.085740558
Ptr08,0.107589058
Ptr08,0.219794798
Ptr08,0.091115153
Ptr08,0.174746494
Ptr08,0.149048293
Ptr08,0.134121556
Ptr08,0.164658367
Ptr08,0.156516117
Ptr08,0.090490431
Ptr08,0.194031145
Ptr08,0.175676854
Ptr08,0.171358176
Ptr08,0.06727357
Ptr08,0.262431986
Ptr08,0.187106812
Ptr08,0.222725567
Ptr08,0.070122174
Ptr08,0.189316772
Ptr08,0.131943895
Ptr08,0.234009098
Ptr08,0.184864004
Ptr08,0.21419963
Ptr08,0.06444912
Ptr08,0.247293957
Ptr08,0.184870924
Ptr08,0.221855963
Ptr09,0.072818409
Ptr09,0.06299146
Ptr09,0.062597494
Ptr09,0.060678989
Ptr09,0.063092295
Ptr09,0.053171791
Ptr09,0.056567909
Ptr09,0.076325802
Ptr09,0.041365049
Ptr09,0.059463679
Ptr09,0.03489537
Ptr09,0.039105018
Ptr09,0.126235569
Ptr09,0.090601288
Ptr09,0.078419641
Ptr09,0.063731714
Ptr09,0.077593777
Ptr09,0.032423463
Ptr09,0.151428332
Ptr09,0.034678231
Ptr09,0.047449993
Ptr09,0.051755814
Ptr09,0.058036406
Ptr09,0.108887869
Ptr09,0.037031006
Ptr09,0.06515596
Ptr09,0.0666016
Ptr09,0.074854625
Ptr09,0.045522066
Ptr09,0.024496321
Ptr10,0.110585833
Ptr10,0.11680541
Ptr10,0.10579228
Ptr10,0.065261721
Ptr10,0.159595159
Ptr10,0.112831345
Ptr10,0.104849409
Ptr10,0.207678607
Ptr10,0.212029068
Ptr10,0.131502674
Ptr10,0.123359361
Ptr10,0.143890992
Ptr10,0.181121668
Ptr10,0.145662465
Ptr10,0.210897465
Ptr10,0.169463137
Ptr10,0.173040751
Ptr10,0.146015176
Ptr10,0.171942532
Ptr10,0.1336719
Ptr10,0.120600554
Ptr10,0.121061698
Ptr10,0.138082492
Ptr10,0.080307413
